age,BRS07 Sr/Ca [mmol/mol],BRS05 Sr/Ca [mmol/mol],BRS composite [mmol/mol],"BRS07 Sr/Ca SST [째C]
(WLS 1982-2011 calib. period)","BRS07 Sr/Ca SST [째C]
(WLS 1961-2011 calib. period)","BRS05 Sr/Ca SST [째C]
(WLS 1982-2011 calib. period)","BRS composite [째C]
(WLS 1982-2011 calib. period)",year,month
2011.583,8.94,9.061,9.001,26.23,26.51,26.34,26.23,2011,August
2011.5,8.934,9.019,8.976,26.36,26.64,27.19,26.76,2011,July
2011.417,8.901,8.995,8.948,27.1,27.41,27.68,27.39,2011,June
2011.333,8.868,8.973,8.92,27.82,28.16,28.13,27.99,2011,May
2011.25,8.836,8.988,8.912,28.52,28.89,27.82,28.17,2011,April
2011.167,8.876,9.03,8.953,27.64,27.97,26.97,27.27,2011,March
2011.083,8.854,9.016,8.935,28.13,28.48,27.25,27.67,2011,February
2011,8.801,8.945,8.873,29.3,29.69,28.69,29.03,2011,January
2010.917,8.747,8.889,8.818,30.49,30.93,29.83,30.24,2010,December
2010.833,8.783,8.91,8.846,29.7,30.11,29.4,29.62,2010,November
2010.75,8.8,8.948,8.874,29.31,29.71,28.63,29,2010,October
2010.667,8.806,8.991,8.899,29.18,29.57,27.76,28.47,2010,September
2010.583,8.853,9.021,8.937,28.15,28.51,27.15,27.63,2010,August
2010.5,8.881,9.051,8.966,27.53,27.86,26.54,26.99,2010,July
2010.417,8.859,8.973,8.916,28.02,28.36,28.12,28.08,2010,June
2010.333,8.817,8.913,8.865,28.94,29.33,29.35,29.21,2010,May
2010.25,8.765,8.841,8.803,30.1,30.53,30.8,30.57,2010,April
2010.167,8.744,8.899,8.822,30.55,31,29.63,30.16,2010,March
2010.083,8.777,8.939,8.858,29.83,30.25,28.82,29.36,2010,February
2010,8.806,8.96,8.883,29.19,29.58,28.39,28.81,2010,January
2009.917,8.78,8.952,8.866,29.75,30.17,28.55,29.18,2009,December
2009.833,8.759,8.933,8.846,30.22,30.66,28.94,29.62,2009,November
2009.75,8.834,8.952,8.893,28.57,28.94,28.55,28.59,2009,October
2009.667,8.875,8.988,8.931,27.66,28,27.82,27.75,2009,September
2009.583,8.896,8.991,8.943,27.2,27.52,27.76,27.48,2009,August
2009.5,8.849,8.992,8.921,28.24,28.6,27.73,27.98,2009,July
2009.417,8.801,8.969,8.885,29.3,29.69,28.21,28.77,2009,June
2009.333,8.762,8.939,8.85,30.16,30.59,28.82,29.53,2009,May
2009.25,8.741,8.912,8.827,30.62,31.07,29.36,30.05,2009,April
2009.167,8.77,8.933,8.851,29.98,30.41,28.95,29.51,2009,March
2009.083,8.796,8.953,8.874,29.41,29.81,28.53,29,2009,February
2009,8.794,8.928,8.861,29.45,29.86,29.04,29.29,2009,January
2008.917,8.756,8.915,8.836,30.29,30.73,29.3,29.85,2008,December
2008.833,8.786,8.916,8.851,29.63,30.04,29.28,29.51,2008,November
2008.75,8.839,8.954,8.897,28.46,28.82,28.51,28.51,2008,October
2008.667,8.892,9.005,8.949,27.29,27.61,27.47,27.37,2008,September
2008.583,8.937,9.059,8.998,26.29,26.58,26.38,26.28,2008,August
2008.5,8.935,9.029,8.982,26.34,26.62,26.99,26.64,2008,July
2008.417,8.866,8.943,8.904,27.86,28.2,28.73,28.34,2008,June
2008.333,8.791,8.94,8.866,29.51,29.92,28.8,29.19,2008,May
2008.25,8.732,8.875,8.804,30.82,31.28,30.11,30.56,2008,April
2008.167,8.781,8.921,8.851,29.74,30.15,29.18,29.52,2008,March
2008.083,8.83,8.945,8.887,28.66,29.03,28.69,28.71,2008,February
2008,8.777,8.937,8.857,29.81,30.23,28.86,29.38,2008,January
2007.917,8.727,8.944,8.835,30.93,31.39,28.71,29.86,2007,December
2007.833,8.78,8.951,8.865,29.77,30.19,28.57,29.2,2007,November
2007.75,8.848,8.986,8.917,28.27,28.63,27.87,28.07,2007,October
2007.667,8.895,9.013,8.954,27.23,27.55,27.31,27.25,2007,September
2007.583,8.92,9.034,8.977,26.67,26.97,26.89,26.75,2007,August
2007.5,8.903,8.995,8.949,27.04,27.36,27.68,27.36,2007,July
2007.417,8.845,8.941,8.893,28.32,28.69,28.77,28.59,2007,June
2007.333,8.791,8.92,8.856,29.52,29.92,29.2,29.42,2007,May
2007.25,8.792,8.926,8.859,29.5,29.91,29.09,29.34,2007,April
2007.167,8.783,8.918,8.85,29.7,30.12,29.24,29.53,2007,March
2007.083,8.775,8.908,8.842,29.87,30.29,29.44,29.72,2007,February
2007,8.773,8.9,8.837,29.91,30.33,29.6,29.83,2007,January
2006.917,8.774,8.889,8.832,29.89,30.31,29.83,29.94,2006,December
2006.833,8.764,8.908,8.836,30.11,30.54,29.45,29.85,2006,November
2006.75,8.864,8.953,8.908,27.91,28.26,28.53,28.25,2006,October
2006.667,8.947,9.06,9.004,26.07,26.35,26.36,26.16,2006,September
2006.583,8.969,9.092,9.03,25.59,25.84,25.71,25.57,2006,August
2006.5,8.942,9.071,9.006,26.18,26.46,26.14,26.1,2006,July
2006.417,8.862,9.034,8.948,27.95,28.3,26.89,27.38,2006,June
2006.333,8.837,8.973,8.905,28.5,28.87,28.13,28.33,2006,May
2006.25,8.828,8.948,8.888,28.7,29.08,28.63,28.7,2006,April
2006.167,8.845,8.974,8.909,28.32,28.69,28.11,28.23,2006,March
2006.083,8.82,8.962,8.891,28.87,29.25,28.34,28.63,2006,February
2006,8.796,8.969,8.882,29.4,29.8,28.21,28.82,2006,January
2005.917,8.773,8.967,8.87,29.91,30.34,28.24,29.09,2005,December
2005.833,8.814,8.971,8.892,29.02,29.41,28.17,28.61,2005,November
2005.75,8.841,8.963,8.902,28.41,28.78,28.34,28.4,2005,October
2005.667,8.879,8.999,8.939,27.57,27.91,27.59,27.58,2005,September
2005.583,8.902,9.021,8.961,27.07,27.38,27.15,27.09,2005,August
2005.5,8.851,8.982,8.917,28.19,28.55,27.94,28.07,2005,July
2005.417,8.821,8.942,8.882,28.85,29.24,28.74,28.84,2005,June
2005.333,8.771,8.871,8.821,29.96,30.38,30.19,30.17,2005,May
2005.25,8.738,8.828,8.783,30.69,31.14,31.07,31.01,2005,April
2005.167,8.771,8.855,8.813,29.95,30.38,30.52,30.35,2005,March
2005.083,8.791,8.88,8.836,29.51,29.92,30.01,29.85,2005,February
2005,8.798,8.885,8.841,29.36,29.76,29.91,29.72,2005,January
2004.917,8.747,8.826,8.787,30.49,30.93,31.11,30.93,2004,December
2004.833,8.768,8.887,8.827,30.02,30.45,29.88,30.03,2004,November
2004.75,8.811,8.969,8.89,29.08,29.47,28.22,28.66,2004,October
2004.667,8.867,9.061,8.964,27.84,28.18,26.35,27.03,2004,September
2004.583,8.911,9.153,9.032,26.87,27.17,24.47,25.54,2004,August
2004.5,8.911,9.139,9.025,26.87,27.17,24.76,25.69,2004,July
2004.417,8.873,9.031,8.952,27.7,28.04,26.95,27.29,2004,June
2004.333,8.839,8.911,8.875,28.45,28.82,29.38,28.98,2004,May
2004.25,8.763,8.894,8.829,30.13,30.57,29.73,30.01,2004,April
2004.167,8.797,8.951,8.874,29.38,29.79,28.58,29.02,2004,March
2004.083,8.831,8.971,8.901,28.63,29.01,28.17,28.42,2004,February
2004,8.781,8.889,8.835,29.74,30.15,29.83,29.86,2004,January
2003.917,8.731,8.908,8.819,30.84,31.3,29.45,30.21,2003,December
2003.833,8.812,8.928,8.87,29.05,29.44,29.05,29.1,2003,November
2003.75,8.834,8.95,8.892,28.57,28.94,28.58,28.61,2003,October
2003.667,8.883,8.978,8.93,27.49,27.81,28.03,27.77,2003,September
2003.583,8.899,9.007,8.953,27.13,27.45,27.44,27.27,2003,August
2003.5,8.876,8.992,8.934,27.64,27.97,27.74,27.69,2003,July
2003.417,8.861,8.92,8.891,27.97,28.31,29.2,28.64,2003,June
2003.333,8.802,8.892,8.847,29.28,29.68,29.77,29.61,2003,May
2003.25,8.772,8.838,8.805,29.94,30.36,30.86,30.53,2003,April
2003.167,8.752,8.865,8.808,30.37,30.81,30.33,30.45,2003,March
2003.083,8.741,8.936,8.838,30.63,31.08,28.88,29.79,2003,February
2003,8.728,8.878,8.803,30.92,31.38,30.04,30.57,2003,January
2002.917,8.714,8.862,8.788,31.22,31.69,30.38,30.9,2002,December
2002.833,8.742,8.928,8.835,30.6,31.05,29.04,29.87,2002,November
2002.75,8.799,8.983,8.891,29.35,29.75,27.91,28.63,2002,October
2002.667,8.886,9.028,8.957,27.43,27.75,27.01,27.19,2002,September
2002.583,8.926,9.029,8.977,26.54,26.83,26.99,26.73,2002,August
2002.5,8.931,9.003,8.967,26.43,26.71,27.52,26.96,2002,July
2002.417,8.878,9.006,8.942,27.6,27.93,27.46,27.52,2002,June
2002.333,8.818,8.916,8.867,28.92,29.31,29.28,29.16,2002,May
2002.25,8.755,8.828,8.792,30.31,30.75,31.07,30.82,2002,April
2002.167,8.779,8.868,8.823,29.78,30.2,30.26,30.12,2002,March
2002.083,8.783,8.895,8.839,29.7,30.12,29.71,29.78,2002,February
2002,8.766,8.849,8.808,30.07,30.5,30.64,30.47,2002,January
2001.917,8.787,8.862,8.825,29.6,30.02,30.37,30.09,2001,December
2001.833,8.784,8.874,8.829,29.67,30.08,30.14,30,2001,November
2001.75,8.827,8.883,8.855,28.72,29.1,29.96,29.43,2001,October
2001.667,8.862,8.926,8.894,27.95,28.3,29.07,28.57,2001,September
2001.583,8.899,9.013,8.956,27.13,27.45,27.32,27.21,2001,August
2001.5,8.91,9.052,8.981,26.89,27.19,26.52,26.66,2001,July
2001.417,8.877,8.957,8.917,27.61,27.94,28.46,28.06,2001,June
2001.333,8.828,8.914,8.871,28.7,29.08,29.32,29.07,2001,May
2001.25,8.809,8.898,8.854,29.12,29.51,29.65,29.46,2001,April
2001.167,8.822,8.925,8.874,28.82,29.2,29.11,29.02,2001,March
2001.083,8.845,8.933,8.889,28.33,28.69,28.94,28.68,2001,February
2001,8.846,8.923,8.884,28.31,28.67,29.14,28.78,2001,January
2000.917,8.822,8.952,8.887,28.82,29.21,28.55,28.72,2000,December
2000.833,8.806,8.902,8.854,29.19,29.59,29.57,29.45,2000,November
2000.75,8.815,8.947,8.881,28.99,29.38,28.65,28.86,2000,October
2000.667,8.842,8.992,8.917,28.38,28.74,27.74,28.06,2000,September
2000.583,8.947,9.053,9,26.07,26.35,26.51,26.25,2000,August
2000.5,8.932,9.113,9.022,26.4,26.69,25.29,25.75,2000,July
2000.417,8.872,9.017,8.945,27.73,28.07,27.23,27.46,2000,June
2000.333,8.842,8.985,8.914,28.39,28.75,27.88,28.14,2000,May
2000.25,8.836,8.91,8.873,28.52,28.89,29.4,29.03,2000,April
2000.167,8.83,8.938,8.884,28.66,29.03,28.84,28.79,2000,March
2000.083,8.811,8.966,8.888,29.09,29.48,28.27,28.7,2000,February
2000,8.791,8.994,8.893,29.52,29.92,27.7,28.6,2000,January
1999.917,8.758,8.923,8.841,30.23,30.67,29.13,29.73,1999,December
1999.833,8.726,8.854,8.79,30.95,31.42,30.54,30.85,1999,November
1999.75,8.8,8.946,8.873,29.31,29.71,28.68,29.03,1999,October
1999.667,8.914,9.034,8.974,26.79,27.1,26.89,26.81,1999,September
1999.583,8.936,9.044,8.99,26.32,26.6,26.69,26.46,1999,August
1999.5,8.902,9.027,8.965,27.07,27.38,27.03,27.02,1999,July
1999.417,8.845,9.051,8.948,28.32,28.69,26.54,27.38,1999,June
1999.333,8.821,8.968,8.895,28.84,29.23,28.23,28.55,1999,May
1999.25,8.8,8.932,8.866,29.31,29.71,28.96,29.18,1999,April
1999.167,8.785,8.95,8.868,29.65,30.06,28.59,29.15,1999,March
1999.083,8.786,8.901,8.844,29.63,30.04,29.58,29.68,1999,February
1999,8.776,8.91,8.843,29.85,30.27,29.41,29.7,1999,January
1998.917,8.758,8.911,8.835,30.25,30.68,29.38,29.88,1998,December
1998.833,8.733,8.905,8.819,30.8,31.25,29.5,30.22,1998,November
1998.75,8.79,8.929,8.86,29.53,29.94,29.01,29.32,1998,October
1998.667,8.848,8.972,8.91,28.25,28.61,28.15,28.22,1998,September
1998.583,8.866,9.024,8.945,27.86,28.2,27.09,27.45,1998,August
1998.5,8.849,8.995,8.922,28.23,28.58,27.68,27.95,1998,July
1998.417,8.833,8.979,8.906,28.59,28.96,28,28.31,1998,June
1998.333,8.803,8.916,8.859,29.25,29.65,29.28,29.33,1998,May
1998.25,8.773,8.845,8.809,29.91,30.34,30.72,30.44,1998,April
1998.167,8.775,8.885,8.83,29.86,30.29,29.92,29.98,1998,March
1998.083,8.778,8.896,8.837,29.8,30.22,29.69,29.82,1998,February
1998,8.776,8.887,8.832,29.84,30.26,29.86,29.93,1998,January
1997.917,8.765,8.868,8.817,30.09,30.52,30.26,30.27,1997,December
1997.833,8.785,8.947,8.866,29.65,30.07,28.66,29.19,1997,November
1997.75,8.842,8.991,8.917,28.39,28.75,27.76,28.07,1997,October
1997.667,8.878,9.051,8.965,27.59,27.92,26.54,27.01,1997,September
1997.583,8.925,9.113,9.019,26.56,26.85,25.29,25.82,1997,August
1997.5,8.912,9.069,8.99,26.85,27.15,26.18,26.45,1997,July
1997.417,8.862,8.971,8.917,27.94,28.28,28.17,28.07,1997,June
1997.333,8.811,8.961,8.886,29.08,29.47,28.37,28.75,1997,May
1997.25,8.78,8.93,8.855,29.76,30.18,29,29.43,1997,April
1997.167,8.813,8.951,8.882,29.03,29.42,28.57,28.83,1997,March
1997.083,8.846,8.97,8.908,28.3,28.66,28.19,28.26,1997,February
1997,8.81,8.959,8.885,29.09,29.48,28.41,28.77,1997,January
1996.917,8.768,8.942,8.855,30.03,30.46,28.75,29.43,1996,December
1996.833,8.814,8.928,8.871,29.01,29.4,29.04,29.08,1996,November
1996.75,8.829,8.944,8.886,28.68,29.05,28.71,28.74,1996,October
1996.667,8.844,8.961,8.902,28.35,28.71,28.37,28.38,1996,September
1996.583,8.862,9.026,8.944,27.95,28.3,27.05,27.47,1996,August
1996.5,8.88,9.011,8.945,27.55,27.88,27.36,27.44,1996,July
1996.417,8.875,8.958,8.917,27.67,28,28.42,28.07,1996,June
1996.333,8.868,8.956,8.912,27.82,28.16,28.47,28.17,1996,May
1996.25,8.836,8.945,8.891,28.53,28.9,28.69,28.64,1996,April
1996.167,8.803,8.939,8.871,29.25,29.65,28.82,29.08,1996,March
1996.083,8.822,8.942,8.882,28.84,29.22,28.76,28.84,1996,February
1996,8.84,8.932,8.886,28.43,28.8,28.96,28.74,1996,January
1995.917,8.807,8.926,8.867,29.16,29.56,29.07,29.17,1995,December
1995.833,8.808,8.847,8.828,29.14,29.53,30.68,30.03,1995,November
1995.75,8.848,8.939,8.893,28.26,28.62,28.82,28.58,1995,October
1995.667,8.852,8.97,8.911,28.17,28.53,28.19,28.2,1995,September
1995.583,8.922,9.039,8.98,26.62,26.92,26.79,26.67,1995,August
1995.5,8.928,9.031,8.98,26.49,26.78,26.95,26.69,1995,July
1995.417,8.883,8.982,8.932,27.5,27.83,27.94,27.72,1995,June
1995.333,8.76,8.95,8.855,30.2,30.64,28.59,29.42,1995,May
1995.25,8.841,8.963,8.902,28.41,28.78,28.33,28.4,1995,April
1995.167,8.851,8.947,8.899,28.19,28.55,28.65,28.46,1995,March
1995.083,8.871,8.93,8.9,27.75,28.09,29,28.43,1995,February
1995,8.861,8.933,8.897,27.97,28.32,28.94,28.5,1995,January
1994.917,8.803,8.88,8.842,29.25,29.65,30.01,29.72,1994,December
1994.833,8.855,8.916,8.886,28.1,28.45,29.28,28.75,1994,November
1994.75,8.9,8.957,8.929,27.11,27.42,28.45,27.81,1994,October
1994.667,8.928,9.065,8.996,26.5,26.79,26.26,26.32,1994,September
1994.583,8.978,9.109,9.043,25.39,25.64,25.37,25.28,1994,August
1994.5,8.949,9.102,9.026,26.02,26.29,25.51,25.67,1994,July
1994.417,8.879,9.029,8.954,27.58,27.91,26.99,27.26,1994,June
1994.333,8.853,8.972,8.913,28.15,28.5,28.14,28.16,1994,May
1994.25,8.833,8.943,8.888,28.6,28.97,28.73,28.7,1994,April
1994.167,8.802,8.918,8.86,29.27,29.67,29.24,29.32,1994,March
1994.083,8.752,8.883,8.818,30.38,30.82,29.95,30.25,1994,February
1994,8.773,8.899,8.836,29.91,30.34,29.63,29.85,1994,January
1993.917,8.8,8.951,8.876,29.32,29.72,28.57,28.97,1993,December
1993.833,8.8,8.978,8.889,29.32,29.72,28.01,28.67,1993,November
1993.75,8.861,8.989,8.925,27.97,28.32,27.8,27.89,1993,October
1993.667,8.91,9.013,8.961,26.89,27.19,27.32,27.09,1993,September
1993.583,8.922,9.052,8.987,26.62,26.92,26.53,26.53,1993,August
1993.5,8.923,9.006,8.965,26.6,26.9,27.45,27.02,1993,July
1993.417,8.887,8.979,8.933,27.4,27.72,28,27.71,1993,June
1993.333,8.877,8.935,8.906,27.62,27.95,28.9,28.31,1993,May
1993.25,8.839,8.852,8.846,28.46,28.82,30.58,29.64,1993,April
1993.167,8.848,8.958,8.903,28.25,28.61,28.42,28.36,1993,March
1993.083,8.888,8.979,8.934,27.38,27.7,28,27.7,1993,February
1993,8.815,8.966,8.891,28.99,29.37,28.27,28.64,1993,January
1992.917,8.82,8.979,8.899,28.88,29.26,28.01,28.45,1992,December
1992.833,8.815,8.966,8.891,28.99,29.37,28.27,28.65,1992,November
1992.75,8.877,8.991,8.934,27.62,27.95,27.77,27.69,1992,October
1992.667,8.902,9.031,8.966,27.07,27.38,26.95,26.98,1992,September
1992.583,8.931,9.087,9.009,26.43,26.71,25.82,26.04,1992,August
1992.5,8.878,9.076,8.977,27.6,27.93,26.04,26.74,1992,July
1992.417,8.827,9.006,8.917,28.72,29.1,27.45,28.07,1992,June
1992.333,8.779,8.931,8.855,29.78,30.2,28.98,29.43,1992,May
1992.25,8.774,8.88,8.827,29.89,30.31,30.01,30.04,1992,April
1992.167,8.776,8.933,8.854,29.86,30.28,28.94,29.44,1992,March
1992.083,8.777,8.88,8.828,29.83,30.25,30.01,30.01,1992,February
1992,8.787,8.858,8.823,29.6,30.02,30.46,30.14,1992,January
1991.917,8.797,8.895,8.846,29.38,29.79,29.71,29.62,1991,December
1991.833,8.823,8.924,8.873,28.81,29.19,29.12,29.02,1991,November
1991.75,8.849,8.966,8.907,28.24,28.59,28.27,28.27,1991,October
1991.667,8.887,9.004,8.945,27.41,27.73,27.5,27.44,1991,September
1991.583,8.913,8.995,8.954,26.82,27.13,27.68,27.25,1991,August
1991.5,8.902,8.993,8.948,27.07,27.38,27.71,27.39,1991,July
1991.417,8.883,8.962,8.923,27.48,27.81,28.35,27.94,1991,June
1991.333,8.866,8.917,8.892,27.86,28.2,29.25,28.62,1991,May
1991.25,8.855,8.879,8.867,28.1,28.46,30.03,29.16,1991,April
1991.167,8.851,8.906,8.879,28.19,28.55,29.48,28.91,1991,March
1991.083,8.887,8.973,8.93,27.4,27.72,28.12,27.77,1991,February
1991,8.864,8.958,8.911,27.91,28.25,28.43,28.2,1991,January
1990.917,8.802,8.866,8.834,29.27,29.67,30.29,29.89,1990,December
1990.833,8.768,8.838,8.803,30.02,30.45,30.86,30.57,1990,November
1990.75,8.811,8.9,8.855,29.08,29.47,29.61,29.42,1990,October
1990.667,8.869,8.985,8.927,27.79,28.14,27.88,27.84,1990,September
1990.583,8.91,9.044,8.977,26.89,27.19,26.69,26.75,1990,August
1990.5,8.909,9.056,8.982,26.91,27.22,26.44,26.62,1990,July
1990.417,8.876,9.015,8.946,27.64,27.97,27.26,27.43,1990,June
1990.333,8.874,8.951,8.913,27.68,28.02,28.56,28.16,1990,May
1990.25,8.817,8.915,8.866,28.94,29.33,29.3,29.19,1990,April
1990.167,8.792,8.875,8.834,29.49,29.9,30.11,29.9,1990,March
1990.083,8.779,8.859,8.819,29.78,30.2,30.44,30.22,1990,February
1990,8.799,8.918,8.858,29.35,29.75,29.25,29.36,1990,January
1989.917,8.824,8.907,8.866,28.79,29.17,29.46,29.19,1989,December
1989.833,8.843,8.92,8.881,28.37,28.73,29.2,28.85,1989,November
1989.75,8.847,8.955,8.901,28.29,28.65,28.49,28.42,1989,October
1989.667,8.908,9.008,8.958,26.93,27.24,27.41,27.16,1989,September
1989.583,8.936,9.027,8.981,26.32,26.6,27.03,26.65,1989,August
1989.5,8.905,8.994,8.949,27,27.31,27.7,27.35,1989,July
1989.417,8.851,8.957,8.904,28.19,28.55,28.45,28.35,1989,June
1989.333,8.847,8.945,8.896,28.28,28.64,28.69,28.53,1989,May
1989.25,8.804,8.942,8.873,29.23,29.63,28.75,29.03,1989,April
1989.167,8.82,8.925,8.873,28.88,29.26,29.09,29.04,1989,March
1989.083,8.794,8.896,8.845,29.45,29.86,29.69,29.64,1989,February
1989,8.803,8.943,8.873,29.25,29.65,28.73,29.03,1989,January
1988.917,8.828,8.93,8.879,28.7,29.08,29.01,28.9,1988,December
1988.833,8.807,8.925,8.866,29.15,29.55,29.1,29.18,1988,November
1988.75,8.787,8.89,8.839,29.6,30.02,29.81,29.79,1988,October
1988.667,8.817,8.941,8.879,28.94,29.33,28.77,28.9,1988,September
1988.583,8.862,8.973,8.917,27.94,28.29,28.13,28.05,1988,August
1988.5,8.93,8.987,8.958,26.45,26.74,27.84,27.15,1988,July
1988.417,8.88,8.917,8.898,27.55,27.88,29.27,28.47,1988,June
1988.333,8.8,8.848,8.824,29.32,29.72,30.66,30.11,1988,May
1988.25,8.807,8.842,8.825,29.15,29.55,30.78,30.09,1988,April
1988.167,8.785,8.89,8.838,29.65,30.06,29.8,29.81,1988,March
1988.083,8.797,8.934,8.865,29.38,29.79,28.92,29.2,1988,February
1988,8.808,8.925,8.867,29.13,29.53,29.1,29.17,1988,January
1987.917,8.825,8.929,8.877,28.76,29.14,29.02,28.94,1987,December
1987.833,8.854,8.978,8.916,28.12,28.47,28.03,28.09,1987,November
1987.75,8.875,9.015,8.945,27.67,28,27.28,27.45,1987,October
1987.667,8.876,9.064,8.97,27.65,27.98,26.29,26.91,1987,September
1987.583,8.957,9.109,9.033,25.85,26.12,25.37,25.52,1987,August
1987.5,8.908,9.032,8.97,26.93,27.24,26.92,26.89,1987,July
1987.417,8.856,8.979,8.918,28.08,28.43,28,28.05,1987,June
1987.333,8.791,8.917,8.854,29.52,29.92,29.26,29.45,1987,May
1987.25,8.84,8.922,8.881,28.44,28.81,29.16,28.86,1987,April
1987.167,8.872,8.926,8.899,27.73,28.07,29.08,28.46,1987,March
1987.083,8.888,8.95,8.919,27.38,27.7,28.59,28.02,1987,February
1987,8.766,8.917,8.842,30.07,30.5,29.26,29.72,1987,January
1986.917,8.817,8.953,8.885,28.94,29.33,28.53,28.77,1986,December
1986.833,8.879,8.991,8.935,27.57,27.91,27.77,27.67,1986,November
1986.75,8.92,9.025,8.972,26.67,26.97,27.08,26.85,1986,October
1986.667,8.961,9.049,9.005,25.76,26.03,26.59,26.13,1986,September
1986.583,8.923,9.055,8.989,26.6,26.9,26.46,26.48,1986,August
1986.5,8.939,9.022,8.98,26.25,26.53,27.13,26.67,1986,July
1986.417,8.874,8.932,8.903,27.68,28.02,28.96,28.38,1986,June
1986.333,8.827,8.895,8.861,28.72,29.1,29.72,29.3,1986,May
1986.25,8.796,8.876,8.836,29.41,29.81,30.09,29.84,1986,April
1986.167,8.828,8.9,8.864,28.71,29.09,29.6,29.23,1986,March
1986.083,8.859,8.925,8.892,28.02,28.36,29.1,28.62,1986,February
1986,8.823,8.907,8.865,28.81,29.19,29.46,29.21,1986,January
1985.917,8.847,8.91,8.879,28.27,28.63,29.4,28.9,1985,December
1985.833,8.865,8.929,8.897,27.89,28.23,29.02,28.51,1985,November
1985.75,8.877,8.974,8.925,27.62,27.95,28.11,27.88,1985,October
1985.667,8.887,9.005,8.946,27.4,27.72,27.48,27.43,1985,September
1985.583,8.923,9.007,8.965,26.61,26.9,27.44,27.02,1985,August
1985.5,8.949,9.065,9.007,26.03,26.3,26.26,26.09,1985,July
1985.417,8.909,9.005,8.957,26.9,27.21,27.48,27.18,1985,June
1985.333,8.84,8.936,8.888,28.43,28.8,28.88,28.7,1985,May
1985.25,8.806,8.88,8.843,29.19,29.58,30.01,29.69,1985,April
1985.167,8.814,8.91,8.862,29.01,29.4,29.4,29.27,1985,March
1985.083,8.822,8.916,8.869,28.83,29.21,29.29,29.12,1985,February
1985,8.83,8.914,8.872,28.66,29.03,29.32,29.05,1985,January
1984.917,8.766,8.91,8.838,30.08,30.51,29.41,29.81,1984,December
1984.833,8.756,8.893,8.825,30.29,30.73,29.75,30.1,1984,November
1984.75,8.809,8.916,8.863,29.11,29.5,29.28,29.26,1984,October
1984.667,8.874,8.955,8.914,27.68,28.02,28.49,28.12,1984,September
1984.583,8.928,9.051,8.989,26.49,26.78,26.55,26.48,1984,August
1984.5,8.929,9.049,8.989,26.47,26.76,26.58,26.48,1984,July
1984.417,8.856,8.97,8.913,28.08,28.43,28.18,28.15,1984,June
1984.333,8.821,8.921,8.871,28.85,29.24,29.18,29.07,1984,May
1984.25,8.809,8.851,8.83,29.12,29.51,30.6,29.98,1984,April
1984.167,8.84,8.927,8.884,28.43,28.8,29.06,28.8,1984,March
1984.083,8.831,8.956,8.894,28.63,29,28.47,28.58,1984,February
1984,8.823,8.933,8.878,28.81,29.19,28.94,28.92,1984,January
1983.917,8.822,8.921,8.872,28.83,29.21,29.18,29.06,1983,December
1983.833,8.803,8.912,8.858,29.25,29.65,29.36,29.37,1983,November
1983.75,8.859,8.949,8.904,28.02,28.36,28.62,28.35,1983,October
1983.667,8.907,8.985,8.946,26.95,27.26,27.89,27.42,1983,September
1983.583,8.997,9.062,9.029,24.97,25.2,26.33,25.59,1983,August
1983.5,8.964,9.045,9.004,25.7,25.96,26.67,26.14,1983,July
1983.417,8.929,9.007,8.968,26.47,26.76,27.43,26.94,1983,June
1983.333,8.877,8.968,8.923,27.62,27.95,28.22,27.94,1983,May
1983.25,8.875,8.902,8.889,27.66,28,29.57,28.69,1983,April
1983.167,8.862,8.9,8.881,27.95,28.3,29.61,28.86,1983,March
1983.083,8.862,8.9,8.881,27.95,28.3,29.61,28.85,1983,February
1983,8.85,8.886,8.868,28.21,28.57,29.89,29.14,1983,January
1982.917,8.801,8.845,8.823,29.3,29.69,30.71,30.13,1982,December
1982.833,8.877,8.925,8.901,27.62,27.96,29.1,28.42,1982,November
1982.75,8.913,9.005,8.959,26.83,27.14,27.48,27.15,1982,October
1982.667,8.937,9.021,8.979,26.29,26.58,27.15,26.7,1982,September
1982.583,8.979,9.054,9.016,25.37,25.61,26.49,25.88,1982,August
1982.5,8.946,NA,NA,26.11,26.38,NA,NA,1982,July
1982.417,8.895,NA,NA,27.21,27.53,NA,NA,1982,June
1982.333,8.861,NA,NA,27.97,28.31,NA,NA,1982,May
1982.25,8.818,NA,NA,28.92,29.31,NA,NA,1982,April
1982.167,8.855,NA,NA,28.11,28.46,NA,NA,1982,March
1982.083,8.839,NA,NA,28.46,28.83,NA,NA,1982,February
1982,8.818,NA,NA,28.91,29.29,NA,NA,1982,January
1981.917,8.799,NA,NA,29.34,29.74,NA,NA,1981,December
1981.833,8.783,NA,NA,29.7,30.12,NA,NA,1981,November
1981.75,8.81,NA,NA,29.1,29.49,NA,NA,1981,October
1981.667,8.884,NA,NA,27.47,27.8,NA,NA,1981,September
1981.583,8.934,NA,NA,26.36,26.64,NA,NA,1981,August
1981.5,8.924,NA,NA,26.58,26.87,NA,NA,1981,July
1981.417,8.876,NA,NA,27.64,27.97,NA,NA,1981,June
1981.333,8.817,NA,NA,28.94,29.33,NA,NA,1981,May
1981.25,8.8,NA,NA,29.32,29.72,NA,NA,1981,April
1981.167,8.822,NA,NA,28.83,29.21,NA,NA,1981,March
1981.083,8.888,NA,NA,27.38,27.7,NA,NA,1981,February
1981,8.804,NA,NA,29.23,29.63,NA,NA,1981,January
1980.917,8.761,NA,NA,30.18,30.61,NA,NA,1980,December
1980.833,8.83,NA,NA,28.66,29.03,NA,NA,1980,November
1980.75,8.866,NA,NA,27.86,28.2,NA,NA,1980,October
1980.667,8.912,NA,NA,26.85,27.15,NA,NA,1980,September
1980.583,8.919,NA,NA,26.69,26.99,NA,NA,1980,August
1980.5,8.897,NA,NA,27.18,27.49,NA,NA,1980,July
1980.417,8.875,NA,NA,27.66,28,NA,NA,1980,June
1980.333,8.816,NA,NA,28.95,29.34,NA,NA,1980,May
1980.25,8.758,NA,NA,30.25,30.68,NA,NA,1980,April
1980.167,8.824,NA,NA,28.79,29.17,NA,NA,1980,March
1980.083,8.823,NA,NA,28.81,29.19,NA,NA,1980,February
1980,8.847,NA,NA,28.27,28.63,NA,NA,1980,January
1979.917,8.787,NA,NA,29.6,30.02,NA,NA,1979,December
1979.833,8.837,NA,NA,28.51,28.88,NA,NA,1979,November
1979.75,8.879,NA,NA,27.57,27.91,NA,NA,1979,October
1979.667,8.923,NA,NA,26.6,26.9,NA,NA,1979,September
1979.583,8.953,NA,NA,25.94,26.21,NA,NA,1979,August
1979.5,8.91,NA,NA,26.89,27.19,NA,NA,1979,July
1979.417,8.88,NA,NA,27.55,27.88,NA,NA,1979,June
1979.333,8.828,NA,NA,28.7,29.08,NA,NA,1979,May
1979.25,8.804,NA,NA,29.23,29.63,NA,NA,1979,April
1979.167,8.822,NA,NA,28.83,29.21,NA,NA,1979,March
1979.083,8.774,NA,NA,29.89,30.31,NA,NA,1979,February
1979,8.753,NA,NA,30.36,30.8,NA,NA,1979,January
1978.917,8.739,NA,NA,30.66,31.12,NA,NA,1978,December
1978.833,8.803,NA,NA,29.25,29.65,NA,NA,1978,November
1978.75,8.877,NA,NA,27.62,27.95,NA,NA,1978,October
1978.667,8.905,NA,NA,26.99,27.3,NA,NA,1978,September
1978.583,8.911,NA,NA,26.87,27.17,NA,NA,1978,August
1978.5,8.883,NA,NA,27.49,27.81,NA,NA,1978,July
1978.417,8.874,NA,NA,27.68,28.02,NA,NA,1978,June
1978.333,8.81,NA,NA,29.1,29.49,NA,NA,1978,May
1978.25,8.796,NA,NA,29.41,29.81,NA,NA,1978,April
1978.167,8.814,NA,NA,29.01,29.4,NA,NA,1978,March
1978.083,8.81,NA,NA,29.1,29.49,NA,NA,1978,February
1978,8.774,NA,NA,29.89,30.31,NA,NA,1978,January
1977.917,8.815,NA,NA,28.99,29.38,NA,NA,1977,December
1977.833,8.863,NA,NA,27.94,28.28,NA,NA,1977,November
1977.75,8.924,NA,NA,26.57,26.86,NA,NA,1977,October
1977.667,8.961,NA,NA,25.77,26.03,NA,NA,1977,September
1977.583,8.984,NA,NA,25.26,25.5,NA,NA,1977,August
1977.5,8.989,NA,NA,25.15,25.38,NA,NA,1977,July
1977.417,8.955,NA,NA,25.9,26.16,NA,NA,1977,June
1977.333,8.868,NA,NA,27.82,28.16,NA,NA,1977,May
1977.25,8.844,NA,NA,28.35,28.71,NA,NA,1977,April
1977.167,8.885,NA,NA,27.44,27.77,NA,NA,1977,March
1977.083,8.86,NA,NA,27.99,28.34,NA,NA,1977,February
1977,8.866,NA,NA,27.86,28.2,NA,NA,1977,January
1976.917,8.862,NA,NA,27.95,28.3,NA,NA,1976,December
1976.833,8.876,NA,NA,27.63,27.97,NA,NA,1976,November
1976.75,8.909,NA,NA,26.92,27.22,NA,NA,1976,October
1976.667,8.937,NA,NA,26.29,26.57,NA,NA,1976,September
1976.583,8.956,NA,NA,25.88,26.15,NA,NA,1976,August
1976.5,8.974,NA,NA,25.48,25.73,NA,NA,1976,July
1976.417,8.948,NA,NA,26.06,26.33,NA,NA,1976,June
1976.333,8.904,NA,NA,27.03,27.34,NA,NA,1976,May
1976.25,8.862,NA,NA,27.94,28.29,NA,NA,1976,April
1976.167,8.845,NA,NA,28.32,28.69,NA,NA,1976,March
1976.083,8.858,NA,NA,28.03,28.38,NA,NA,1976,February
1976,8.872,NA,NA,27.73,28.07,NA,NA,1976,January
1975.917,8.837,NA,NA,28.5,28.87,NA,NA,1975,December
1975.833,8.8,NA,NA,29.32,29.72,NA,NA,1975,November
1975.75,8.832,NA,NA,28.62,29,NA,NA,1975,October
1975.667,8.865,NA,NA,27.88,28.23,NA,NA,1975,September
1975.583,8.896,NA,NA,27.2,27.52,NA,NA,1975,August
1975.5,8.92,NA,NA,26.67,26.97,NA,NA,1975,July
1975.417,8.902,NA,NA,27.06,27.37,NA,NA,1975,June
1975.333,8.852,NA,NA,28.16,28.52,NA,NA,1975,May
1975.25,8.827,NA,NA,28.72,29.1,NA,NA,1975,April
1975.167,8.824,NA,NA,28.79,29.17,NA,NA,1975,March
1975.083,8.823,NA,NA,28.8,29.18,NA,NA,1975,February
1975,8.816,NA,NA,28.96,29.35,NA,NA,1975,January
1974.917,8.793,NA,NA,29.47,29.88,NA,NA,1974,December
1974.833,8.808,NA,NA,29.15,29.54,NA,NA,1974,November
1974.75,8.83,NA,NA,28.65,29.02,NA,NA,1974,October
1974.667,8.892,NA,NA,27.28,27.6,NA,NA,1974,September
1974.583,8.953,NA,NA,25.94,26.21,NA,NA,1974,August
1974.5,8.977,NA,NA,25.41,25.66,NA,NA,1974,July
1974.417,8.908,NA,NA,26.93,27.24,NA,NA,1974,June
1974.333,8.869,NA,NA,27.79,28.14,NA,NA,1974,May
1974.25,8.855,NA,NA,28.1,28.46,NA,NA,1974,April
1974.167,8.881,NA,NA,27.53,27.86,NA,NA,1974,March
1974.083,8.873,NA,NA,27.71,28.04,NA,NA,1974,February
1974,8.824,NA,NA,28.79,29.17,NA,NA,1974,January
1973.917,8.756,NA,NA,30.29,30.73,NA,NA,1973,December
1973.833,8.813,NA,NA,29.03,29.42,NA,NA,1973,November
1973.75,8.856,NA,NA,28.08,28.43,NA,NA,1973,October
1973.667,8.872,NA,NA,27.73,28.07,NA,NA,1973,September
1973.583,8.879,NA,NA,27.57,27.91,NA,NA,1973,August
1973.5,8.875,NA,NA,27.66,28,NA,NA,1973,July
1973.417,8.871,NA,NA,27.75,28.09,NA,NA,1973,June
1973.333,8.836,NA,NA,28.52,28.89,NA,NA,1973,May
1973.25,8.801,NA,NA,29.3,29.69,NA,NA,1973,April
1973.167,8.814,NA,NA,29,29.39,NA,NA,1973,March
1973.083,8.818,NA,NA,28.92,29.31,NA,NA,1973,February
1973,8.812,NA,NA,29.04,29.43,NA,NA,1973,January
1972.917,8.769,NA,NA,30,30.43,NA,NA,1972,December
1972.833,8.811,NA,NA,29.08,29.47,NA,NA,1972,November
1972.75,8.837,NA,NA,28.5,28.86,NA,NA,1972,October
1972.667,8.873,NA,NA,27.71,28.05,NA,NA,1972,September
1972.583,8.92,NA,NA,26.67,26.97,NA,NA,1972,August
1972.5,8.959,NA,NA,25.81,26.07,NA,NA,1972,July
1972.417,8.945,NA,NA,26.12,26.4,NA,NA,1972,June
1972.333,8.905,NA,NA,26.99,27.3,NA,NA,1972,May
1972.25,8.849,NA,NA,28.24,28.59,NA,NA,1972,April
1972.167,8.851,NA,NA,28.19,28.55,NA,NA,1972,March
1972.083,8.816,NA,NA,28.96,29.35,NA,NA,1972,February
1972,8.825,NA,NA,28.76,29.13,NA,NA,1972,January
1971.917,8.814,NA,NA,29.01,29.39,NA,NA,1971,December
1971.833,8.835,NA,NA,28.54,28.91,NA,NA,1971,November
1971.75,8.873,NA,NA,27.71,28.04,NA,NA,1971,October
1971.667,8.908,NA,NA,26.94,27.25,NA,NA,1971,September
1971.583,8.935,NA,NA,26.33,26.62,NA,NA,1971,August
1971.5,8.943,NA,NA,26.16,26.44,NA,NA,1971,July
1971.417,8.929,NA,NA,26.48,26.77,NA,NA,1971,June
1971.333,8.899,NA,NA,27.14,27.45,NA,NA,1971,May
1971.25,8.83,NA,NA,28.66,29.03,NA,NA,1971,April
1971.167,8.834,NA,NA,28.57,28.94,NA,NA,1971,March
1971.083,8.835,NA,NA,28.55,28.92,NA,NA,1971,February
1971,8.825,NA,NA,28.76,29.14,NA,NA,1971,January
1970.917,8.847,NA,NA,28.29,28.65,NA,NA,1970,December
1970.833,8.839,NA,NA,28.46,28.82,NA,NA,1970,November
1970.75,8.897,NA,NA,27.18,27.5,NA,NA,1970,October
1970.667,8.907,NA,NA,26.96,27.27,NA,NA,1970,September
1970.583,8.951,NA,NA,25.98,26.25,NA,NA,1970,August
1970.5,8.903,NA,NA,27.04,27.36,NA,NA,1970,July
1970.417,8.88,NA,NA,27.55,27.88,NA,NA,1970,June
1970.333,8.865,NA,NA,27.89,28.24,NA,NA,1970,May
1970.25,8.85,NA,NA,28.21,28.57,NA,NA,1970,April
1970.167,8.842,NA,NA,28.39,28.75,NA,NA,1970,March
1970.083,8.876,NA,NA,27.64,27.97,NA,NA,1970,February
1970,8.856,NA,NA,28.08,28.43,NA,NA,1970,January
1969.917,8.853,NA,NA,28.15,28.5,NA,NA,1969,December
1969.833,8.877,NA,NA,27.62,27.95,NA,NA,1969,November
1969.75,8.937,NA,NA,26.29,26.58,NA,NA,1969,October
1969.667,8.954,NA,NA,25.93,26.2,NA,NA,1969,September
1969.583,8.995,NA,NA,25.01,25.25,NA,NA,1969,August
1969.5,8.981,NA,NA,25.32,25.57,NA,NA,1969,July
1969.417,8.923,NA,NA,26.6,26.9,NA,NA,1969,June
1969.333,8.853,NA,NA,28.15,28.5,NA,NA,1969,May
1969.25,8.848,NA,NA,28.26,28.62,NA,NA,1969,April
1969.167,8.866,NA,NA,27.86,28.2,NA,NA,1969,March
1969.083,8.875,NA,NA,27.66,28,NA,NA,1969,February
1969,8.871,NA,NA,27.75,28.09,NA,NA,1969,January
1968.917,8.849,NA,NA,28.24,28.59,NA,NA,1968,December
1968.833,8.865,NA,NA,27.88,28.22,NA,NA,1968,November
1968.75,8.88,NA,NA,27.55,27.88,NA,NA,1968,October
1968.667,8.943,NA,NA,26.17,26.44,NA,NA,1968,September
1968.583,9.005,NA,NA,24.79,25.02,NA,NA,1968,August
1968.5,8.966,NA,NA,25.65,25.91,NA,NA,1968,July
1968.417,8.957,NA,NA,25.85,26.12,NA,NA,1968,June
1968.333,8.919,NA,NA,26.69,26.99,NA,NA,1968,May
1968.25,8.901,NA,NA,27.09,27.4,NA,NA,1968,April
1968.167,8.906,NA,NA,26.99,27.3,NA,NA,1968,March
1968.083,8.898,NA,NA,27.15,27.47,NA,NA,1968,February
1968,8.881,NA,NA,27.54,27.87,NA,NA,1968,January
1967.917,8.856,NA,NA,28.08,28.43,NA,NA,1967,December
1967.833,8.87,NA,NA,27.77,28.11,NA,NA,1967,November
1967.75,8.923,NA,NA,26.6,26.9,NA,NA,1967,October
1967.667,8.971,NA,NA,25.54,25.8,NA,NA,1967,September
1967.583,9.001,NA,NA,24.88,25.11,NA,NA,1967,August
1967.5,9.004,NA,NA,24.81,25.04,NA,NA,1967,July
1967.417,8.957,NA,NA,25.86,26.12,NA,NA,1967,June
1967.333,8.876,NA,NA,27.64,27.97,NA,NA,1967,May
1967.25,8.83,NA,NA,28.66,29.03,NA,NA,1967,April
1967.167,8.859,NA,NA,28.03,28.38,NA,NA,1967,March
1967.083,8.843,NA,NA,28.37,28.73,NA,NA,1967,February
1967,8.804,NA,NA,29.22,29.62,NA,NA,1967,January
1966.917,8.763,NA,NA,30.13,30.57,NA,NA,1966,December
1966.833,8.787,NA,NA,29.6,30.02,NA,NA,1966,November
1966.75,8.866,NA,NA,27.86,28.2,NA,NA,1966,October
1966.667,8.919,NA,NA,26.7,27,NA,NA,1966,September
1966.583,8.939,NA,NA,26.25,26.53,NA,NA,1966,August
1966.5,8.919,NA,NA,26.7,27,NA,NA,1966,July
1966.417,8.894,NA,NA,27.24,27.56,NA,NA,1966,June
1966.333,8.861,NA,NA,27.97,28.32,NA,NA,1966,May
1966.25,8.831,NA,NA,28.63,29,NA,NA,1966,April
1966.167,8.803,NA,NA,29.25,29.65,NA,NA,1966,March
1966.083,8.825,NA,NA,28.76,29.14,NA,NA,1966,February
1966,8.856,NA,NA,28.09,28.44,NA,NA,1966,January
1965.917,8.852,NA,NA,28.17,28.53,NA,NA,1965,December
1965.833,8.859,NA,NA,28.02,28.36,NA,NA,1965,November
1965.75,8.911,NA,NA,26.87,27.18,NA,NA,1965,October
1965.667,8.937,NA,NA,26.3,26.59,NA,NA,1965,September
1965.583,8.947,NA,NA,26.07,26.35,NA,NA,1965,August
1965.5,8.953,NA,NA,25.94,26.21,NA,NA,1965,July
1965.417,8.928,NA,NA,26.49,26.78,NA,NA,1965,June
1965.333,8.877,NA,NA,27.61,27.94,NA,NA,1965,May
1965.25,8.831,NA,NA,28.63,29,NA,NA,1965,April
1965.167,8.827,NA,NA,28.72,29.1,NA,NA,1965,March
1965.083,8.813,NA,NA,29.04,29.43,NA,NA,1965,February
1965,8.801,NA,NA,29.29,29.69,NA,NA,1965,January
1964.917,8.798,NA,NA,29.36,29.76,NA,NA,1964,December
1964.833,8.85,NA,NA,28.22,28.58,NA,NA,1964,November
1964.75,8.901,NA,NA,27.1,27.41,NA,NA,1964,October
1964.667,8.926,NA,NA,26.54,26.83,NA,NA,1964,September
1964.583,8.938,NA,NA,26.27,26.55,NA,NA,1964,August
1964.5,8.925,NA,NA,26.55,26.85,NA,NA,1964,July
1964.417,8.895,NA,NA,27.21,27.53,NA,NA,1964,June
1964.333,8.852,NA,NA,28.16,28.52,NA,NA,1964,May
1964.25,8.799,NA,NA,29.34,29.74,NA,NA,1964,April
1964.167,8.818,NA,NA,28.91,29.3,NA,NA,1964,March
1964.083,8.797,NA,NA,29.38,29.79,NA,NA,1964,February
1964,8.743,NA,NA,30.58,31.03,NA,NA,1964,January
1963.917,8.789,NA,NA,29.56,29.97,NA,NA,1963,December
1963.833,8.84,NA,NA,28.44,28.81,NA,NA,1963,November
1963.75,8.898,NA,NA,27.15,27.46,NA,NA,1963,October
1963.667,8.941,NA,NA,26.21,26.49,NA,NA,1963,September
1963.583,8.975,NA,NA,25.45,25.7,NA,NA,1963,August
1963.5,8.931,NA,NA,26.43,26.71,NA,NA,1963,July
1963.417,8.881,NA,NA,27.53,27.86,NA,NA,1963,June
1963.333,8.869,NA,NA,27.79,28.13,NA,NA,1963,May
1963.25,8.83,NA,NA,28.66,29.03,NA,NA,1963,April
1963.167,8.839,NA,NA,28.45,28.82,NA,NA,1963,March
1963.083,8.83,NA,NA,28.66,29.03,NA,NA,1963,February
1963,8.791,NA,NA,29.52,29.92,NA,NA,1963,January
1962.917,8.858,NA,NA,28.04,28.39,NA,NA,1962,December
1962.833,8.915,NA,NA,26.78,27.08,NA,NA,1962,November
1962.75,8.927,NA,NA,26.51,26.81,NA,NA,1962,October
1962.667,8.933,NA,NA,26.38,26.67,NA,NA,1962,September
1962.583,8.961,NA,NA,25.76,26.03,NA,NA,1962,August
1962.5,8.894,NA,NA,27.24,27.56,NA,NA,1962,July
1962.417,8.896,NA,NA,27.2,27.52,NA,NA,1962,June
1962.333,8.848,NA,NA,28.26,28.62,NA,NA,1962,May
1962.25,8.809,NA,NA,29.12,29.51,NA,NA,1962,April
1962.167,8.869,NA,NA,27.79,28.13,NA,NA,1962,March
1962.083,8.865,NA,NA,27.89,28.24,NA,NA,1962,February
1962,8.792,NA,NA,29.51,29.91,NA,NA,1962,January
1961.917,8.776,NA,NA,29.85,30.27,NA,NA,1961,December
1961.833,8.855,NA,NA,28.11,28.46,NA,NA,1961,November
1961.75,8.9,NA,NA,27.1,27.41,NA,NA,1961,October
1961.667,8.937,NA,NA,26.29,26.57,NA,NA,1961,September
1961.583,8.989,NA,NA,25.15,25.38,NA,NA,1961,August
1961.5,8.964,NA,NA,25.7,25.96,NA,NA,1961,July
1961.417,8.913,NA,NA,26.82,27.13,NA,NA,1961,June
1961.333,8.862,NA,NA,27.95,28.3,NA,NA,1961,May
1961.25,8.811,NA,NA,29.08,29.47,NA,NA,1961,April
1961.167,8.788,NA,NA,29.58,29.99,NA,NA,1961,March
1961.083,8.82,NA,NA,28.87,29.25,NA,NA,1961,February
1961,8.833,NA,NA,28.59,28.97,NA,NA,1961,January
1960.917,8.799,NA,NA,29.34,29.74,NA,NA,1960,December
1960.833,8.853,NA,NA,28.15,28.5,NA,NA,1960,November
1960.75,8.902,NA,NA,27.07,27.38,NA,NA,1960,October
1960.667,8.936,NA,NA,26.32,26.6,NA,NA,1960,September
1960.583,8.974,NA,NA,25.48,25.73,NA,NA,1960,August
1960.5,8.976,NA,NA,25.42,25.67,NA,NA,1960,July
1960.417,8.948,NA,NA,26.06,26.33,NA,NA,1960,June
1960.333,8.908,NA,NA,26.93,27.24,NA,NA,1960,May
1960.25,8.869,NA,NA,27.79,28.14,NA,NA,1960,April
1960.167,8.833,NA,NA,28.59,28.96,NA,NA,1960,March
1960.083,8.863,NA,NA,27.93,28.27,NA,NA,1960,February
1960,8.831,NA,NA,28.63,29.01,NA,NA,1960,January
1959.917,8.855,NA,NA,28.1,28.46,NA,NA,1959,December
1959.833,8.885,NA,NA,27.45,27.78,NA,NA,1959,November
1959.75,8.916,NA,NA,26.76,27.06,NA,NA,1959,October
1959.667,8.935,NA,NA,26.34,26.62,NA,NA,1959,September
1959.583,8.952,NA,NA,25.96,26.23,NA,NA,1959,August
1959.5,8.926,NA,NA,26.53,26.82,NA,NA,1959,July
1959.417,8.883,NA,NA,27.49,27.82,NA,NA,1959,June
1959.333,8.836,NA,NA,28.53,28.9,NA,NA,1959,May
1959.25,8.8,NA,NA,29.32,29.72,NA,NA,1959,April
1959.167,8.791,NA,NA,29.52,29.92,NA,NA,1959,March
1959.083,8.803,NA,NA,29.25,29.65,NA,NA,1959,February
1959,8.814,NA,NA,29.01,29.4,NA,NA,1959,January
1958.917,8.769,NA,NA,30,30.43,NA,NA,1958,December
1958.833,8.834,NA,NA,28.57,28.94,NA,NA,1958,November
1958.75,8.858,NA,NA,28.04,28.39,NA,NA,1958,October
1958.667,8.876,NA,NA,27.64,27.97,NA,NA,1958,September
1958.583,8.884,NA,NA,27.46,27.79,NA,NA,1958,August
1958.5,8.871,NA,NA,27.75,28.08,NA,NA,1958,July
1958.417,8.868,NA,NA,27.82,28.16,NA,NA,1958,June
1958.333,8.853,NA,NA,28.15,28.51,NA,NA,1958,May
1958.25,8.826,NA,NA,28.75,29.13,NA,NA,1958,April
1958.167,8.808,NA,NA,29.14,29.53,NA,NA,1958,March
1958.083,8.836,NA,NA,28.52,28.89,NA,NA,1958,February
1958,8.795,NA,NA,29.43,29.83,NA,NA,1958,January
1957.917,8.805,NA,NA,29.2,29.59,NA,NA,1957,December
1957.833,8.823,NA,NA,28.81,29.19,NA,NA,1957,November
1957.75,8.869,NA,NA,27.8,28.14,NA,NA,1957,October
1957.667,8.925,NA,NA,26.55,26.85,NA,NA,1957,September
1957.583,8.938,NA,NA,26.27,26.55,NA,NA,1957,August
1957.5,8.913,NA,NA,26.82,27.12,NA,NA,1957,July
1957.417,8.875,NA,NA,27.65,27.99,NA,NA,1957,June
1957.333,8.832,NA,NA,28.61,28.98,NA,NA,1957,May
1957.25,8.846,NA,NA,28.3,28.66,NA,NA,1957,April
1957.167,8.85,NA,NA,28.22,28.58,NA,NA,1957,March
1957.083,8.843,NA,NA,28.37,28.73,NA,NA,1957,February
1957,8.818,NA,NA,28.91,29.3,NA,NA,1957,January
1956.917,8.807,NA,NA,29.16,29.56,NA,NA,1956,December
1956.833,8.809,NA,NA,29.12,29.51,NA,NA,1956,November
1956.75,8.841,NA,NA,28.41,28.78,NA,NA,1956,October
1956.667,8.871,NA,NA,27.75,28.09,NA,NA,1956,September
1956.583,8.899,NA,NA,27.13,27.45,NA,NA,1956,August
1956.5,8.886,NA,NA,27.41,27.74,NA,NA,1956,July
1956.417,8.862,NA,NA,27.95,28.3,NA,NA,1956,June
1956.333,8.828,NA,NA,28.7,29.08,NA,NA,1956,May
1956.25,8.786,NA,NA,29.63,30.04,NA,NA,1956,April
1956.167,8.863,NA,NA,27.92,28.27,NA,NA,1956,March
1956.083,8.86,NA,NA,27.98,28.33,NA,NA,1956,February
1956,8.83,NA,NA,28.66,29.04,NA,NA,1956,January
1955.917,8.823,NA,NA,28.81,29.19,NA,NA,1955,December
1955.833,8.84,NA,NA,28.43,28.79,NA,NA,1955,November
1955.75,8.848,NA,NA,28.27,28.63,NA,NA,1955,October
1955.667,8.86,NA,NA,28,28.35,NA,NA,1955,September
1955.583,8.892,NA,NA,27.29,27.61,NA,NA,1955,August
1955.5,8.876,NA,NA,27.63,27.97,NA,NA,1955,July
1955.417,8.866,NA,NA,27.85,28.19,NA,NA,1955,June
1955.333,8.847,NA,NA,28.29,28.65,NA,NA,1955,May
1955.25,8.801,NA,NA,29.3,29.69,NA,NA,1955,April
1955.167,8.815,NA,NA,28.99,29.37,NA,NA,1955,March
1955.083,8.802,NA,NA,29.27,29.67,NA,NA,1955,February
1955,8.765,NA,NA,30.09,30.52,NA,NA,1955,January
1954.917,8.789,NA,NA,29.56,29.97,NA,NA,1954,December
1954.833,8.799,NA,NA,29.34,29.74,NA,NA,1954,November
1954.75,8.861,NA,NA,27.97,28.32,NA,NA,1954,October
1954.667,8.868,NA,NA,27.82,28.16,NA,NA,1954,September
1954.583,8.887,NA,NA,27.4,27.72,NA,NA,1954,August
1954.5,8.906,NA,NA,26.98,27.29,NA,NA,1954,July
1954.417,8.882,NA,NA,27.5,27.83,NA,NA,1954,June
1954.333,8.859,NA,NA,28.02,28.36,NA,NA,1954,May
1954.25,8.851,NA,NA,28.19,28.55,NA,NA,1954,April
1954.167,8.843,NA,NA,28.37,28.73,NA,NA,1954,March
1954.083,8.86,NA,NA,27.99,28.33,NA,NA,1954,February
1954,8.857,NA,NA,28.05,28.4,NA,NA,1954,January
1953.917,8.834,NA,NA,28.57,28.94,NA,NA,1953,December
1953.833,8.875,NA,NA,27.66,27.99,NA,NA,1953,November
1953.75,8.893,NA,NA,27.26,27.58,NA,NA,1953,October
1953.667,8.909,NA,NA,26.92,27.22,NA,NA,1953,September
1953.583,8.944,NA,NA,26.14,26.42,NA,NA,1953,August
1953.5,8.9,NA,NA,27.11,27.42,NA,NA,1953,July
1953.417,8.851,NA,NA,28.19,28.55,NA,NA,1953,June
1953.333,8.855,NA,NA,28.1,28.46,NA,NA,1953,May
1953.25,8.794,NA,NA,29.45,29.86,NA,NA,1953,April
1953.167,8.804,NA,NA,29.23,29.63,NA,NA,1953,March
1953.083,8.809,NA,NA,29.12,29.51,NA,NA,1953,February
1953,8.794,NA,NA,29.45,29.86,NA,NA,1953,January
1952.917,8.79,NA,NA,29.54,29.95,NA,NA,1952,December
1952.833,8.805,NA,NA,29.21,29.6,NA,NA,1952,November
1952.75,8.82,NA,NA,28.88,29.26,NA,NA,1952,October
1952.667,8.896,NA,NA,27.2,27.52,NA,NA,1952,September
1952.583,8.9,NA,NA,27.11,27.42,NA,NA,1952,August
1952.5,8.887,NA,NA,27.4,27.72,NA,NA,1952,July
1952.417,8.841,NA,NA,28.41,28.78,NA,NA,1952,June
1952.333,8.78,NA,NA,29.76,30.18,NA,NA,1952,May
1952.25,8.759,NA,NA,30.22,30.66,NA,NA,1952,April
1952.167,8.803,NA,NA,29.25,29.65,NA,NA,1952,March
1952.083,8.795,NA,NA,29.42,29.82,NA,NA,1952,February
1952,8.788,NA,NA,29.59,30,NA,NA,1952,January
1951.917,8.78,NA,NA,29.76,30.18,NA,NA,1951,December
1951.833,8.763,NA,NA,30.13,30.56,NA,NA,1951,November
1951.75,8.847,NA,NA,28.29,28.65,NA,NA,1951,October
1951.667,8.891,NA,NA,27.31,27.64,NA,NA,1951,September
1951.583,8.92,NA,NA,26.67,26.97,NA,NA,1951,August
1951.5,8.917,NA,NA,26.74,27.03,NA,NA,1951,July
1951.417,8.893,NA,NA,27.26,27.58,NA,NA,1951,June
1951.333,8.863,NA,NA,27.93,28.28,NA,NA,1951,May
1951.25,8.841,NA,NA,28.41,28.78,NA,NA,1951,April
1951.167,8.786,NA,NA,29.62,30.03,NA,NA,1951,March
1951.083,8.793,NA,NA,29.48,29.89,NA,NA,1951,February
1951,8.817,NA,NA,28.94,29.33,NA,NA,1951,January
1950.917,8.817,NA,NA,28.94,29.33,NA,NA,1950,December
1950.833,8.779,NA,NA,29.78,30.2,NA,NA,1950,November
1950.75,8.827,NA,NA,28.72,29.1,NA,NA,1950,October
1950.667,8.872,NA,NA,27.74,28.08,NA,NA,1950,September
1950.583,8.908,NA,NA,26.93,27.24,NA,NA,1950,August
1950.5,8.932,NA,NA,26.4,26.69,NA,NA,1950,July
1950.417,8.899,NA,NA,27.13,27.45,NA,NA,1950,June
1950.333,8.837,NA,NA,28.49,28.86,NA,NA,1950,May
1950.25,8.815,NA,NA,28.99,29.37,NA,NA,1950,April
1950.167,8.791,NA,NA,29.52,29.92,NA,NA,1950,March
1950.083,8.819,NA,NA,28.9,29.28,NA,NA,1950,February
1950,8.833,NA,NA,28.59,28.96,NA,NA,1950,January
NA,NA,NA,NA,NA,NA,NA,NA,NA,NA
NA,NA,NA,NA,NA,NA,NA,NA,NA,NA
NA,NA,NA,NA,NA,NA,NA,NA,NA,NA
NA,NA,NA,NA,NA,NA,NA,NA,NA,NA
NA,NA,NA,NA,NA,NA,NA,NA,NA,NA
NA,NA,NA,NA,NA,NA,NA,NA,NA,NA
NA,NA,NA,NA,NA,NA,NA,NA,NA,NA
NA,NA,NA,NA,NA,NA,NA,NA,NA,NA
NA,NA,NA,NA,NA,NA,NA,NA,NA,NA
NA,NA,NA,NA,NA,NA,NA,NA,NA,NA
NA,NA,NA,NA,NA,NA,NA,NA,NA,NA
NA,NA,NA,NA,NA,NA,NA,NA,NA,NA
NA,NA,NA,NA,NA,NA,NA,NA,NA,NA
NA,NA,NA,NA,NA,NA,NA,NA,NA,NA
NA,NA,NA,NA,NA,NA,NA,NA,NA,NA
NA,NA,NA,NA,NA,NA,NA,NA,NA,NA
NA,NA,NA,NA,NA,NA,NA,NA,NA,NA
NA,NA,NA,NA,NA,NA,NA,NA,NA,NA
NA,NA,NA,NA,NA,NA,NA,NA,NA,NA
NA,NA,NA,NA,NA,NA,NA,NA,NA,NA
NA,NA,NA,NA,NA,NA,NA,NA,NA,NA
NA,NA,NA,NA,NA,NA,NA,NA,NA,NA
NA,NA,NA,NA,NA,NA,NA,NA,NA,NA
NA,NA,NA,NA,NA,NA,NA,NA,NA,NA
NA,NA,NA,NA,NA,NA,NA,NA,NA,NA
NA,NA,NA,NA,NA,NA,NA,NA,NA,NA
NA,NA,NA,NA,NA,NA,NA,NA,NA,NA
NA,NA,NA,NA,NA,NA,NA,NA,NA,NA
NA,NA,NA,NA,NA,NA,NA,NA,NA,NA
NA,NA,NA,NA,NA,NA,NA,NA,NA,NA
NA,NA,NA,NA,NA,NA,NA,NA,NA,NA
NA,NA,NA,NA,NA,NA,NA,NA,NA,NA
NA,NA,NA,NA,NA,NA,NA,NA,NA,NA
NA,NA,NA,NA,NA,NA,NA,NA,NA,NA
NA,NA,NA,NA,NA,NA,NA,NA,NA,NA
NA,NA,NA,NA,NA,NA,NA,NA,NA,NA
NA,NA,NA,NA,NA,NA,NA,NA,NA,NA
NA,NA,NA,NA,NA,NA,NA,NA,NA,NA
NA,NA,NA,NA,NA,NA,NA,NA,NA,NA
NA,NA,NA,NA,NA,NA,NA,NA,NA,NA
NA,NA,NA,NA,NA,NA,NA,NA,NA,NA
NA,NA,NA,NA,NA,NA,NA,NA,NA,NA
NA,NA,NA,NA,NA,NA,NA,NA,NA,NA
NA,NA,NA,NA,NA,NA,NA,NA,NA,NA
NA,NA,NA,NA,NA,NA,NA,NA,NA,NA
NA,NA,NA,NA,NA,NA,NA,NA,NA,NA
NA,NA,NA,NA,NA,NA,NA,NA,NA,NA
NA,NA,NA,NA,NA,NA,NA,NA,NA,NA
NA,NA,NA,NA,NA,NA,NA,NA,NA,NA
NA,NA,NA,NA,NA,NA,NA,NA,NA,NA
NA,NA,NA,NA,NA,NA,NA,NA,NA,NA
NA,NA,NA,NA,NA,NA,NA,NA,NA,NA
NA,NA,NA,NA,NA,NA,NA,NA,NA,NA
NA,NA,NA,NA,NA,NA,NA,NA,NA,NA
NA,NA,NA,NA,NA,NA,NA,NA,NA,NA
NA,NA,NA,NA,NA,NA,NA,NA,NA,NA
NA,NA,NA,NA,NA,NA,NA,NA,NA,NA
NA,NA,NA,NA,NA,NA,NA,NA,NA,NA
NA,NA,NA,NA,NA,NA,NA,NA,NA,NA
NA,NA,NA,NA,NA,NA,NA,NA,NA,NA
NA,NA,NA,NA,NA,NA,NA,NA,NA,NA
NA,NA,NA,NA,NA,NA,NA,NA,NA,NA
NA,NA,NA,NA,NA,NA,NA,NA,NA,NA
NA,NA,NA,NA,NA,NA,NA,NA,NA,NA
NA,NA,NA,NA,NA,NA,NA,NA,NA,NA
NA,NA,NA,NA,NA,NA,NA,NA,NA,NA
NA,NA,NA,NA,NA,NA,NA,NA,NA,NA
NA,NA,NA,NA,NA,NA,NA,NA,NA,NA
NA,NA,NA,NA,NA,NA,NA,NA,NA,NA
NA,NA,NA,NA,NA,NA,NA,NA,NA,NA
NA,NA,NA,NA,NA,NA,NA,NA,NA,NA
NA,NA,NA,NA,NA,NA,NA,NA,NA,NA
NA,NA,NA,NA,NA,NA,NA,NA,NA,NA
NA,NA,NA,NA,NA,NA,NA,NA,NA,NA
NA,NA,NA,NA,NA,NA,NA,NA,NA,NA
NA,NA,NA,NA,NA,NA,NA,NA,NA,NA
NA,NA,NA,NA,NA,NA,NA,NA,NA,NA
NA,NA,NA,NA,NA,NA,NA,NA,NA,NA
NA,NA,NA,NA,NA,NA,NA,NA,NA,NA
NA,NA,NA,NA,NA,NA,NA,NA,NA,NA
NA,NA,NA,NA,NA,NA,NA,NA,NA,NA
NA,NA,NA,NA,NA,NA,NA,NA,NA,NA
NA,NA,NA,NA,NA,NA,NA,NA,NA,NA
NA,NA,NA,NA,NA,NA,NA,NA,NA,NA
NA,NA,NA,NA,NA,NA,NA,NA,NA,NA
NA,NA,NA,NA,NA,NA,NA,NA,NA,NA
NA,NA,NA,NA,NA,NA,NA,NA,NA,NA
NA,NA,NA,NA,NA,NA,NA,NA,NA,NA
NA,NA,NA,NA,NA,NA,NA,NA,NA,NA
NA,NA,NA,NA,NA,NA,NA,NA,NA,NA
NA,NA,NA,NA,NA,NA,NA,NA,NA,NA
NA,NA,NA,NA,NA,NA,NA,NA,NA,NA
NA,NA,NA,NA,NA,NA,NA,NA,NA,NA
NA,NA,NA,NA,NA,NA,NA,NA,NA,NA
NA,NA,NA,NA,NA,NA,NA,NA,NA,NA
NA,NA,NA,NA,NA,NA,NA,NA,NA,NA
NA,NA,NA,NA,NA,NA,NA,NA,NA,NA
NA,NA,NA,NA,NA,NA,NA,NA,NA,NA
NA,NA,NA,NA,NA,NA,NA,NA,NA,NA
NA,NA,NA,NA,NA,NA,NA,NA,NA,NA
NA,NA,NA,NA,NA,NA,NA,NA,NA,NA
NA,NA,NA,NA,NA,NA,NA,NA,NA,NA
NA,NA,NA,NA,NA,NA,NA,NA,NA,NA
NA,NA,NA,NA,NA,NA,NA,NA,NA,NA
NA,NA,NA,NA,NA,NA,NA,NA,NA,NA
NA,NA,NA,NA,NA,NA,NA,NA,NA,NA
NA,NA,NA,NA,NA,NA,NA,NA,NA,NA
NA,NA,NA,NA,NA,NA,NA,NA,NA,NA
NA,NA,NA,NA,NA,NA,NA,NA,NA,NA
NA,NA,NA,NA,NA,NA,NA,NA,NA,NA
NA,NA,NA,NA,NA,NA,NA,NA,NA,NA
NA,NA,NA,NA,NA,NA,NA,NA,NA,NA
NA,NA,NA,NA,NA,NA,NA,NA,NA,NA
NA,NA,NA,NA,NA,NA,NA,NA,NA,NA
NA,NA,NA,NA,NA,NA,NA,NA,NA,NA
NA,NA,NA,NA,NA,NA,NA,NA,NA,NA
NA,NA,NA,NA,NA,NA,NA,NA,NA,NA
NA,NA,NA,NA,NA,NA,NA,NA,NA,NA
NA,NA,NA,NA,NA,NA,NA,NA,NA,NA
NA,NA,NA,NA,NA,NA,NA,NA,NA,NA
NA,NA,NA,NA,NA,NA,NA,NA,NA,NA
NA,NA,NA,NA,NA,NA,NA,NA,NA,NA
NA,NA,NA,NA,NA,NA,NA,NA,NA,NA
NA,NA,NA,NA,NA,NA,NA,NA,NA,NA
NA,NA,NA,NA,NA,NA,NA,NA,NA,NA
NA,NA,NA,NA,NA,NA,NA,NA,NA,NA
NA,NA,NA,NA,NA,NA,NA,NA,NA,NA
NA,NA,NA,NA,NA,NA,NA,NA,NA,NA
NA,NA,NA,NA,NA,NA,NA,NA,NA,NA
NA,NA,NA,NA,NA,NA,NA,NA,NA,NA
NA,NA,NA,NA,NA,NA,NA,NA,NA,NA
NA,NA,NA,NA,NA,NA,NA,NA,NA,NA
NA,NA,NA,NA,NA,NA,NA,NA,NA,NA
NA,NA,NA,NA,NA,NA,NA,NA,NA,NA
NA,NA,NA,NA,NA,NA,NA,NA,NA,NA
NA,NA,NA,NA,NA,NA,NA,NA,NA,NA
NA,NA,NA,NA,NA,NA,NA,NA,NA,NA
NA,NA,NA,NA,NA,NA,NA,NA,NA,NA
NA,NA,NA,NA,NA,NA,NA,NA,NA,NA
NA,NA,NA,NA,NA,NA,NA,NA,NA,NA
NA,NA,NA,NA,NA,NA,NA,NA,NA,NA
NA,NA,NA,NA,NA,NA,NA,NA,NA,NA
NA,NA,NA,NA,NA,NA,NA,NA,NA,NA
NA,NA,NA,NA,NA,NA,NA,NA,NA,NA
NA,NA,NA,NA,NA,NA,NA,NA,NA,NA
NA,NA,NA,NA,NA,NA,NA,NA,NA,NA
NA,NA,NA,NA,NA,NA,NA,NA,NA,NA
NA,NA,NA,NA,NA,NA,NA,NA,NA,NA
NA,NA,NA,NA,NA,NA,NA,NA,NA,NA
NA,NA,NA,NA,NA,NA,NA,NA,NA,NA
NA,NA,NA,NA,NA,NA,NA,NA,NA,NA
NA,NA,NA,NA,NA,NA,NA,NA,NA,NA
NA,NA,NA,NA,NA,NA,NA,NA,NA,NA
NA,NA,NA,NA,NA,NA,NA,NA,NA,NA
NA,NA,NA,NA,NA,NA,NA,NA,NA,NA
NA,NA,NA,NA,NA,NA,NA,NA,NA,NA
NA,NA,NA,NA,NA,NA,NA,NA,NA,NA
NA,NA,NA,NA,NA,NA,NA,NA,NA,NA
NA,NA,NA,NA,NA,NA,NA,NA,NA,NA
NA,NA,NA,NA,NA,NA,NA,NA,NA,NA
NA,NA,NA,NA,NA,NA,NA,NA,NA,NA
NA,NA,NA,NA,NA,NA,NA,NA,NA,NA
NA,NA,NA,NA,NA,NA,NA,NA,NA,NA
NA,NA,NA,NA,NA,NA,NA,NA,NA,NA
NA,NA,NA,NA,NA,NA,NA,NA,NA,NA
NA,NA,NA,NA,NA,NA,NA,NA,NA,NA
NA,NA,NA,NA,NA,NA,NA,NA,NA,NA
NA,NA,NA,NA,NA,NA,NA,NA,NA,NA
NA,NA,NA,NA,NA,NA,NA,NA,NA,NA
NA,NA,NA,NA,NA,NA,NA,NA,NA,NA
NA,NA,NA,NA,NA,NA,NA,NA,NA,NA
NA,NA,NA,NA,NA,NA,NA,NA,NA,NA
NA,NA,NA,NA,NA,NA,NA,NA,NA,NA
NA,NA,NA,NA,NA,NA,NA,NA,NA,NA
NA,NA,NA,NA,NA,NA,NA,NA,NA,NA
NA,NA,NA,NA,NA,NA,NA,NA,NA,NA
NA,NA,NA,NA,NA,NA,NA,NA,NA,NA
NA,NA,NA,NA,NA,NA,NA,NA,NA,NA
NA,NA,NA,NA,NA,NA,NA,NA,NA,NA
NA,NA,NA,NA,NA,NA,NA,NA,NA,NA
NA,NA,NA,NA,NA,NA,NA,NA,NA,NA
NA,NA,NA,NA,NA,NA,NA,NA,NA,NA
NA,NA,NA,NA,NA,NA,NA,NA,NA,NA
NA,NA,NA,NA,NA,NA,NA,NA,NA,NA
NA,NA,NA,NA,NA,NA,NA,NA,NA,NA
NA,NA,NA,NA,NA,NA,NA,NA,NA,NA
NA,NA,NA,NA,NA,NA,NA,NA,NA,NA
NA,NA,NA,NA,NA,NA,NA,NA,NA,NA
NA,NA,NA,NA,NA,NA,NA,NA,NA,NA
NA,NA,NA,NA,NA,NA,NA,NA,NA,NA
NA,NA,NA,NA,NA,NA,NA,NA,NA,NA
NA,NA,NA,NA,NA,NA,NA,NA,NA,NA
NA,NA,NA,NA,NA,NA,NA,NA,NA,NA
NA,NA,NA,NA,NA,NA,NA,NA,NA,NA
NA,NA,NA,NA,NA,NA,NA,NA,NA,NA
NA,NA,NA,NA,NA,NA,NA,NA,NA,NA
NA,NA,NA,NA,NA,NA,NA,NA,NA,NA
NA,NA,NA,NA,NA,NA,NA,NA,NA,NA
NA,NA,NA,NA,NA,NA,NA,NA,NA,NA
NA,NA,NA,NA,NA,NA,NA,NA,NA,NA
NA,NA,NA,NA,NA,NA,NA,NA,NA,NA
NA,NA,NA,NA,NA,NA,NA,NA,NA,NA
NA,NA,NA,NA,NA,NA,NA,NA,NA,NA
NA,NA,NA,NA,NA,NA,NA,NA,NA,NA
NA,NA,NA,NA,NA,NA,NA,NA,NA,NA
NA,NA,NA,NA,NA,NA,NA,NA,NA,NA
NA,NA,NA,NA,NA,NA,NA,NA,NA,NA
NA,NA,NA,NA,NA,NA,NA,NA,NA,NA
NA,NA,NA,NA,NA,NA,NA,NA,NA,NA
NA,NA,NA,NA,NA,NA,NA,NA,NA,NA
NA,NA,NA,NA,NA,NA,NA,NA,NA,NA
NA,NA,NA,NA,NA,NA,NA,NA,NA,NA
NA,NA,NA,NA,NA,NA,NA,NA,NA,NA
NA,NA,NA,NA,NA,NA,NA,NA,NA,NA
NA,NA,NA,NA,NA,NA,NA,NA,NA,NA
NA,NA,NA,NA,NA,NA,NA,NA,NA,NA
NA,NA,NA,NA,NA,NA,NA,NA,NA,NA
NA,NA,NA,NA,NA,NA,NA,NA,NA,NA
NA,NA,NA,NA,NA,NA,NA,NA,NA,NA
NA,NA,NA,NA,NA,NA,NA,NA,NA,NA
NA,NA,NA,NA,NA,NA,NA,NA,NA,NA
NA,NA,NA,NA,NA,NA,NA,NA,NA,NA
NA,NA,NA,NA,NA,NA,NA,NA,NA,NA
NA,NA,NA,NA,NA,NA,NA,NA,NA,NA
NA,NA,NA,NA,NA,NA,NA,NA,NA,NA
NA,NA,NA,NA,NA,NA,NA,NA,NA,NA
NA,NA,NA,NA,NA,NA,NA,NA,NA,NA
NA,NA,NA,NA,NA,NA,NA,NA,NA,NA
NA,NA,NA,NA,NA,NA,NA,NA,NA,NA
NA,NA,NA,NA,NA,NA,NA,NA,NA,NA
NA,NA,NA,NA,NA,NA,NA,NA,NA,NA
NA,NA,NA,NA,NA,NA,NA,NA,NA,NA
NA,NA,NA,NA,NA,NA,NA,NA,NA,NA
NA,NA,NA,NA,NA,NA,NA,NA,NA,NA
NA,NA,NA,NA,NA,NA,NA,NA,NA,NA
NA,NA,NA,NA,NA,NA,NA,NA,NA,NA
NA,NA,NA,NA,NA,NA,NA,NA,NA,NA
NA,NA,NA,NA,NA,NA,NA,NA,NA,NA
NA,NA,NA,NA,NA,NA,NA,NA,NA,NA
NA,NA,NA,NA,NA,NA,NA,NA,NA,NA
NA,NA,NA,NA,NA,NA,NA,NA,NA,NA
NA,NA,NA,NA,NA,NA,NA,NA,NA,NA
NA,NA,NA,NA,NA,NA,NA,NA,NA,NA
NA,NA,NA,NA,NA,NA,NA,NA,NA,NA
NA,NA,NA,NA,NA,NA,NA,NA,NA,NA
NA,NA,NA,NA,NA,NA,NA,NA,NA,NA
NA,NA,NA,NA,NA,NA,NA,NA,NA,NA
NA,NA,NA,NA,NA,NA,NA,NA,NA,NA
NA,NA,NA,NA,NA,NA,NA,NA,NA,NA
NA,NA,NA,NA,NA,NA,NA,NA,NA,NA
NA,NA,NA,NA,NA,NA,NA,NA,NA,NA
NA,NA,NA,NA,NA,NA,NA,NA,NA,NA
NA,NA,NA,NA,NA,NA,NA,NA,NA,NA
NA,NA,NA,NA,NA,NA,NA,NA,NA,NA
NA,NA,NA,NA,NA,NA,NA,NA,NA,NA
NA,NA,NA,NA,NA,NA,NA,NA,NA,NA
NA,NA,NA,NA,NA,NA,NA,NA,NA,NA
NA,NA,NA,NA,NA,NA,NA,NA,NA,NA
NA,NA,NA,NA,NA,NA,NA,NA,NA,NA
NA,NA,NA,NA,NA,NA,NA,NA,NA,NA
NA,NA,NA,NA,NA,NA,NA,NA,NA,NA
NA,NA,NA,NA,NA,NA,NA,NA,NA,NA
NA,NA,NA,NA,NA,NA,NA,NA,NA,NA
NA,NA,NA,NA,NA,NA,NA,NA,NA,NA
NA,NA,NA,NA,NA,NA,NA,NA,NA,NA
NA,NA,NA,NA,NA,NA,NA,NA,NA,NA
NA,NA,NA,NA,NA,NA,NA,NA,NA,NA
NA,NA,NA,NA,NA,NA,NA,NA,NA,NA
NA,NA,NA,NA,NA,NA,NA,NA,NA,NA
NA,NA,NA,NA,NA,NA,NA,NA,NA,NA
NA,NA,NA,NA,NA,NA,NA,NA,NA,NA
NA,NA,NA,NA,NA,NA,NA,NA,NA,NA
NA,NA,NA,NA,NA,NA,NA,NA,NA,NA
NA,NA,NA,NA,NA,NA,NA,NA,NA,NA
NA,NA,NA,NA,NA,NA,NA,NA,NA,NA
NA,NA,NA,NA,NA,NA,NA,NA,NA,NA
NA,NA,NA,NA,NA,NA,NA,NA,NA,NA
NA,NA,NA,NA,NA,NA,NA,NA,NA,NA
NA,NA,NA,NA,NA,NA,NA,NA,NA,NA
NA,NA,NA,NA,NA,NA,NA,NA,NA,NA
NA,NA,NA,NA,NA,NA,NA,NA,NA,NA
NA,NA,NA,NA,NA,NA,NA,NA,NA,NA
NA,NA,NA,NA,NA,NA,NA,NA,NA,NA
NA,NA,NA,NA,NA,NA,NA,NA,NA,NA
NA,NA,NA,NA,NA,NA,NA,NA,NA,NA
NA,NA,NA,NA,NA,NA,NA,NA,NA,NA
NA,NA,NA,NA,NA,NA,NA,NA,NA,NA
NA,NA,NA,NA,NA,NA,NA,NA,NA,NA
NA,NA,NA,NA,NA,NA,NA,NA,NA,NA
NA,NA,NA,NA,NA,NA,NA,NA,NA,NA
NA,NA,NA,NA,NA,NA,NA,NA,NA,NA
NA,NA,NA,NA,NA,NA,NA,NA,NA,NA
NA,NA,NA,NA,NA,NA,NA,NA,NA,NA
NA,NA,NA,NA,NA,NA,NA,NA,NA,NA
NA,NA,NA,NA,NA,NA,NA,NA,NA,NA
NA,NA,NA,NA,NA,NA,NA,NA,NA,NA
NA,NA,NA,NA,NA,NA,NA,NA,NA,NA
NA,NA,NA,NA,NA,NA,NA,NA,NA,NA
NA,NA,NA,NA,NA,NA,NA,NA,NA,NA
NA,NA,NA,NA,NA,NA,NA,NA,NA,NA
NA,NA,NA,NA,NA,NA,NA,NA,NA,NA
NA,NA,NA,NA,NA,NA,NA,NA,NA,NA
NA,NA,NA,NA,NA,NA,NA,NA,NA,NA
NA,NA,NA,NA,NA,NA,NA,NA,NA,NA
NA,NA,NA,NA,NA,NA,NA,NA,NA,NA
NA,NA,NA,NA,NA,NA,NA,NA,NA,NA
NA,NA,NA,NA,NA,NA,NA,NA,NA,NA
NA,NA,NA,NA,NA,NA,NA,NA,NA,NA
NA,NA,NA,NA,NA,NA,NA,NA,NA,NA
NA,NA,NA,NA,NA,NA,NA,NA,NA,NA
NA,NA,NA,NA,NA,NA,NA,NA,NA,NA
NA,NA,NA,NA,NA,NA,NA,NA,NA,NA
NA,NA,NA,NA,NA,NA,NA,NA,NA,NA
NA,NA,NA,NA,NA,NA,NA,NA,NA,NA
NA,NA,NA,NA,NA,NA,NA,NA,NA,NA
NA,NA,NA,NA,NA,NA,NA,NA,NA,NA
NA,NA,NA,NA,NA,NA,NA,NA,NA,NA
NA,NA,NA,NA,NA,NA,NA,NA,NA,NA
NA,NA,NA,NA,NA,NA,NA,NA,NA,NA
NA,NA,NA,NA,NA,NA,NA,NA,NA,NA
NA,NA,NA,NA,NA,NA,NA,NA,NA,NA
NA,NA,NA,NA,NA,NA,NA,NA,NA,NA
NA,NA,NA,NA,NA,NA,NA,NA,NA,NA
NA,NA,NA,NA,NA,NA,NA,NA,NA,NA
NA,NA,NA,NA,NA,NA,NA,NA,NA,NA
NA,NA,NA,NA,NA,NA,NA,NA,NA,NA
NA,NA,NA,NA,NA,NA,NA,NA,NA,NA
NA,NA,NA,NA,NA,NA,NA,NA,NA,NA
NA,NA,NA,NA,NA,NA,NA,NA,NA,NA
NA,NA,NA,NA,NA,NA,NA,NA,NA,NA
NA,NA,NA,NA,NA,NA,NA,NA,NA,NA
NA,NA,NA,NA,NA,NA,NA,NA,NA,NA
NA,NA,NA,NA,NA,NA,NA,NA,NA,NA
NA,NA,NA,NA,NA,NA,NA,NA,NA,NA
NA,NA,NA,NA,NA,NA,NA,NA,NA,NA
NA,NA,NA,NA,NA,NA,NA,NA,NA,NA
NA,NA,NA,NA,NA,NA,NA,NA,NA,NA
NA,NA,NA,NA,NA,NA,NA,NA,NA,NA
NA,NA,NA,NA,NA,NA,NA,NA,NA,NA
NA,NA,NA,NA,NA,NA,NA,NA,NA,NA
NA,NA,NA,NA,NA,NA,NA,NA,NA,NA
NA,NA,NA,NA,NA,NA,NA,NA,NA,NA
NA,NA,NA,NA,NA,NA,NA,NA,NA,NA
NA,NA,NA,NA,NA,NA,NA,NA,NA,NA
NA,NA,NA,NA,NA,NA,NA,NA,NA,NA
NA,NA,NA,NA,NA,NA,NA,NA,NA,NA
NA,NA,NA,NA,NA,NA,NA,NA,NA,NA
NA,NA,NA,NA,NA,NA,NA,NA,NA,NA
NA,NA,NA,NA,NA,NA,NA,NA,NA,NA
NA,NA,NA,NA,NA,NA,NA,NA,NA,NA
NA,NA,NA,NA,NA,NA,NA,NA,NA,NA
NA,NA,NA,NA,NA,NA,NA,NA,NA,NA
NA,NA,NA,NA,NA,NA,NA,NA,NA,NA
NA,NA,NA,NA,NA,NA,NA,NA,NA,NA
NA,NA,NA,NA,NA,NA,NA,NA,NA,NA
NA,NA,NA,NA,NA,NA,NA,NA,NA,NA
NA,NA,NA,NA,NA,NA,NA,NA,NA,NA
NA,NA,NA,NA,NA,NA,NA,NA,NA,NA
NA,NA,NA,NA,NA,NA,NA,NA,NA,NA
NA,NA,NA,NA,NA,NA,NA,NA,NA,NA
NA,NA,NA,NA,NA,NA,NA,NA,NA,NA
NA,NA,NA,NA,NA,NA,NA,NA,NA,NA
NA,NA,NA,NA,NA,NA,NA,NA,NA,NA
NA,NA,NA,NA,NA,NA,NA,NA,NA,NA
NA,NA,NA,NA,NA,NA,NA,NA,NA,NA
NA,NA,NA,NA,NA,NA,NA,NA,NA,NA
NA,NA,NA,NA,NA,NA,NA,NA,NA,NA
NA,NA,NA,NA,NA,NA,NA,NA,NA,NA
NA,NA,NA,NA,NA,NA,NA,NA,NA,NA
NA,NA,NA,NA,NA,NA,NA,NA,NA,NA
NA,NA,NA,NA,NA,NA,NA,NA,NA,NA
NA,NA,NA,NA,NA,NA,NA,NA,NA,NA
NA,NA,NA,NA,NA,NA,NA,NA,NA,NA
NA,NA,NA,NA,NA,NA,NA,NA,NA,NA
NA,NA,NA,NA,NA,NA,NA,NA,NA,NA
NA,NA,NA,NA,NA,NA,NA,NA,NA,NA
NA,NA,NA,NA,NA,NA,NA,NA,NA,NA
NA,NA,NA,NA,NA,NA,NA,NA,NA,NA
NA,NA,NA,NA,NA,NA,NA,NA,NA,NA
NA,NA,NA,NA,NA,NA,NA,NA,NA,NA
NA,NA,NA,NA,NA,NA,NA,NA,NA,NA
NA,NA,NA,NA,NA,NA,NA,NA,NA,NA
NA,NA,NA,NA,NA,NA,NA,NA,NA,NA
NA,NA,NA,NA,NA,NA,NA,NA,NA,NA
NA,NA,NA,NA,NA,NA,NA,NA,NA,NA
NA,NA,NA,NA,NA,NA,NA,NA,NA,NA
NA,NA,NA,NA,NA,NA,NA,NA,NA,NA
NA,NA,NA,NA,NA,NA,NA,NA,NA,NA
NA,NA,NA,NA,NA,NA,NA,NA,NA,NA
NA,NA,NA,NA,NA,NA,NA,NA,NA,NA
NA,NA,NA,NA,NA,NA,NA,NA,NA,NA
NA,NA,NA,NA,NA,NA,NA,NA,NA,NA
NA,NA,NA,NA,NA,NA,NA,NA,NA,NA
NA,NA,NA,NA,NA,NA,NA,NA,NA,NA
NA,NA,NA,NA,NA,NA,NA,NA,NA,NA
NA,NA,NA,NA,NA,NA,NA,NA,NA,NA
NA,NA,NA,NA,NA,NA,NA,NA,NA,NA
NA,NA,NA,NA,NA,NA,NA,NA,NA,NA
NA,NA,NA,NA,NA,NA,NA,NA,NA,NA
NA,NA,NA,NA,NA,NA,NA,NA,NA,NA
NA,NA,NA,NA,NA,NA,NA,NA,NA,NA
NA,NA,NA,NA,NA,NA,NA,NA,NA,NA
NA,NA,NA,NA,NA,NA,NA,NA,NA,NA
NA,NA,NA,NA,NA,NA,NA,NA,NA,NA
NA,NA,NA,NA,NA,NA,NA,NA,NA,NA
NA,NA,NA,NA,NA,NA,NA,NA,NA,NA
NA,NA,NA,NA,NA,NA,NA,NA,NA,NA
NA,NA,NA,NA,NA,NA,NA,NA,NA,NA
NA,NA,NA,NA,NA,NA,NA,NA,NA,NA
NA,NA,NA,NA,NA,NA,NA,NA,NA,NA
NA,NA,NA,NA,NA,NA,NA,NA,NA,NA
NA,NA,NA,NA,NA,NA,NA,NA,NA,NA
NA,NA,NA,NA,NA,NA,NA,NA,NA,NA
NA,NA,NA,NA,NA,NA,NA,NA,NA,NA
NA,NA,NA,NA,NA,NA,NA,NA,NA,NA
NA,NA,NA,NA,NA,NA,NA,NA,NA,NA
NA,NA,NA,NA,NA,NA,NA,NA,NA,NA
NA,NA,NA,NA,NA,NA,NA,NA,NA,NA
NA,NA,NA,NA,NA,NA,NA,NA,NA,NA
NA,NA,NA,NA,NA,NA,NA,NA,NA,NA
NA,NA,NA,NA,NA,NA,NA,NA,NA,NA
NA,NA,NA,NA,NA,NA,NA,NA,NA,NA
NA,NA,NA,NA,NA,NA,NA,NA,NA,NA
NA,NA,NA,NA,NA,NA,NA,NA,NA,NA
NA,NA,NA,NA,NA,NA,NA,NA,NA,NA
NA,NA,NA,NA,NA,NA,NA,NA,NA,NA
NA,NA,NA,NA,NA,NA,NA,NA,NA,NA
NA,NA,NA,NA,NA,NA,NA,NA,NA,NA
NA,NA,NA,NA,NA,NA,NA,NA,NA,NA
NA,NA,NA,NA,NA,NA,NA,NA,NA,NA
NA,NA,NA,NA,NA,NA,NA,NA,NA,NA
NA,NA,NA,NA,NA,NA,NA,NA,NA,NA
NA,NA,NA,NA,NA,NA,NA,NA,NA,NA
NA,NA,NA,NA,NA,NA,NA,NA,NA,NA
NA,NA,NA,NA,NA,NA,NA,NA,NA,NA
NA,NA,NA,NA,NA,NA,NA,NA,NA,NA
NA,NA,NA,NA,NA,NA,NA,NA,NA,NA
NA,NA,NA,NA,NA,NA,NA,NA,NA,NA
NA,NA,NA,NA,NA,NA,NA,NA,NA,NA
NA,NA,NA,NA,NA,NA,NA,NA,NA,NA
NA,NA,NA,NA,NA,NA,NA,NA,NA,NA
NA,NA,NA,NA,NA,NA,NA,NA,NA,NA
NA,NA,NA,NA,NA,NA,NA,NA,NA,NA
NA,NA,NA,NA,NA,NA,NA,NA,NA,NA
NA,NA,NA,NA,NA,NA,NA,NA,NA,NA
NA,NA,NA,NA,NA,NA,NA,NA,NA,NA
NA,NA,NA,NA,NA,NA,NA,NA,NA,NA
NA,NA,NA,NA,NA,NA,NA,NA,NA,NA
NA,NA,NA,NA,NA,NA,NA,NA,NA,NA
NA,NA,NA,NA,NA,NA,NA,NA,NA,NA
NA,NA,NA,NA,NA,NA,NA,NA,NA,NA
NA,NA,NA,NA,NA,NA,NA,NA,NA,NA
NA,NA,NA,NA,NA,NA,NA,NA,NA,NA
NA,NA,NA,NA,NA,NA,NA,NA,NA,NA
NA,NA,NA,NA,NA,NA,NA,NA,NA,NA
NA,NA,NA,NA,NA,NA,NA,NA,NA,NA
NA,NA,NA,NA,NA,NA,NA,NA,NA,NA
NA,NA,NA,NA,NA,NA,NA,NA,NA,NA
NA,NA,NA,NA,NA,NA,NA,NA,NA,NA
NA,NA,NA,NA,NA,NA,NA,NA,NA,NA
NA,NA,NA,NA,NA,NA,NA,NA,NA,NA
NA,NA,NA,NA,NA,NA,NA,NA,NA,NA
NA,NA,NA,NA,NA,NA,NA,NA,NA,NA
NA,NA,NA,NA,NA,NA,NA,NA,NA,NA
NA,NA,NA,NA,NA,NA,NA,NA,NA,NA
NA,NA,NA,NA,NA,NA,NA,NA,NA,NA
NA,NA,NA,NA,NA,NA,NA,NA,NA,NA
NA,NA,NA,NA,NA,NA,NA,NA,NA,NA
NA,NA,NA,NA,NA,NA,NA,NA,NA,NA
NA,NA,NA,NA,NA,NA,NA,NA,NA,NA
NA,NA,NA,NA,NA,NA,NA,NA,NA,NA
NA,NA,NA,NA,NA,NA,NA,NA,NA,NA
NA,NA,NA,NA,NA,NA,NA,NA,NA,NA
NA,NA,NA,NA,NA,NA,NA,NA,NA,NA
NA,NA,NA,NA,NA,NA,NA,NA,NA,NA
NA,NA,NA,NA,NA,NA,NA,NA,NA,NA
NA,NA,NA,NA,NA,NA,NA,NA,NA,NA
NA,NA,NA,NA,NA,NA,NA,NA,NA,NA
NA,NA,NA,NA,NA,NA,NA,NA,NA,NA
NA,NA,NA,NA,NA,NA,NA,NA,NA,NA
NA,NA,NA,NA,NA,NA,NA,NA,NA,NA
NA,NA,NA,NA,NA,NA,NA,NA,NA,NA
NA,NA,NA,NA,NA,NA,NA,NA,NA,NA
NA,NA,NA,NA,NA,NA,NA,NA,NA,NA
NA,NA,NA,NA,NA,NA,NA,NA,NA,NA
NA,NA,NA,NA,NA,NA,NA,NA,NA,NA
NA,NA,NA,NA,NA,NA,NA,NA,NA,NA
NA,NA,NA,NA,NA,NA,NA,NA,NA,NA
NA,NA,NA,NA,NA,NA,NA,NA,NA,NA
NA,NA,NA,NA,NA,NA,NA,NA,NA,NA
NA,NA,NA,NA,NA,NA,NA,NA,NA,NA
NA,NA,NA,NA,NA,NA,NA,NA,NA,NA
NA,NA,NA,NA,NA,NA,NA,NA,NA,NA
NA,NA,NA,NA,NA,NA,NA,NA,NA,NA
NA,NA,NA,NA,NA,NA,NA,NA,NA,NA
NA,NA,NA,NA,NA,NA,NA,NA,NA,NA
NA,NA,NA,NA,NA,NA,NA,NA,NA,NA
NA,NA,NA,NA,NA,NA,NA,NA,NA,NA
NA,NA,NA,NA,NA,NA,NA,NA,NA,NA
NA,NA,NA,NA,NA,NA,NA,NA,NA,NA
NA,NA,NA,NA,NA,NA,NA,NA,NA,NA
NA,NA,NA,NA,NA,NA,NA,NA,NA,NA
NA,NA,NA,NA,NA,NA,NA,NA,NA,NA
NA,NA,NA,NA,NA,NA,NA,NA,NA,NA
NA,NA,NA,NA,NA,NA,NA,NA,NA,NA
NA,NA,NA,NA,NA,NA,NA,NA,NA,NA
NA,NA,NA,NA,NA,NA,NA,NA,NA,NA
NA,NA,NA,NA,NA,NA,NA,NA,NA,NA
NA,NA,NA,NA,NA,NA,NA,NA,NA,NA
NA,NA,NA,NA,NA,NA,NA,NA,NA,NA
NA,NA,NA,NA,NA,NA,NA,NA,NA,NA
NA,NA,NA,NA,NA,NA,NA,NA,NA,NA
NA,NA,NA,NA,NA,NA,NA,NA,NA,NA
NA,NA,NA,NA,NA,NA,NA,NA,NA,NA
NA,NA,NA,NA,NA,NA,NA,NA,NA,NA
NA,NA,NA,NA,NA,NA,NA,NA,NA,NA
NA,NA,NA,NA,NA,NA,NA,NA,NA,NA
NA,NA,NA,NA,NA,NA,NA,NA,NA,NA
NA,NA,NA,NA,NA,NA,NA,NA,NA,NA
NA,NA,NA,NA,NA,NA,NA,NA,NA,NA
NA,NA,NA,NA,NA,NA,NA,NA,NA,NA
NA,NA,NA,NA,NA,NA,NA,NA,NA,NA
NA,NA,NA,NA,NA,NA,NA,NA,NA,NA
NA,NA,NA,NA,NA,NA,NA,NA,NA,NA
NA,NA,NA,NA,NA,NA,NA,NA,NA,NA
NA,NA,NA,NA,NA,NA,NA,NA,NA,NA
NA,NA,NA,NA,NA,NA,NA,NA,NA,NA
NA,NA,NA,NA,NA,NA,NA,NA,NA,NA
NA,NA,NA,NA,NA,NA,NA,NA,NA,NA
NA,NA,NA,NA,NA,NA,NA,NA,NA,NA
NA,NA,NA,NA,NA,NA,NA,NA,NA,NA
NA,NA,NA,NA,NA,NA,NA,NA,NA,NA
NA,NA,NA,NA,NA,NA,NA,NA,NA,NA
NA,NA,NA,NA,NA,NA,NA,NA,NA,NA
NA,NA,NA,NA,NA,NA,NA,NA,NA,NA
NA,NA,NA,NA,NA,NA,NA,NA,NA,NA
NA,NA,NA,NA,NA,NA,NA,NA,NA,NA
NA,NA,NA,NA,NA,NA,NA,NA,NA,NA
NA,NA,NA,NA,NA,NA,NA,NA,NA,NA
NA,NA,NA,NA,NA,NA,NA,NA,NA,NA
NA,NA,NA,NA,NA,NA,NA,NA,NA,NA
NA,NA,NA,NA,NA,NA,NA,NA,NA,NA
NA,NA,NA,NA,NA,NA,NA,NA,NA,NA
NA,NA,NA,NA,NA,NA,NA,NA,NA,NA
NA,NA,NA,NA,NA,NA,NA,NA,NA,NA
NA,NA,NA,NA,NA,NA,NA,NA,NA,NA
NA,NA,NA,NA,NA,NA,NA,NA,NA,NA
NA,NA,NA,NA,NA,NA,NA,NA,NA,NA
NA,NA,NA,NA,NA,NA,NA,NA,NA,NA
NA,NA,NA,NA,NA,NA,NA,NA,NA,NA
NA,NA,NA,NA,NA,NA,NA,NA,NA,NA
NA,NA,NA,NA,NA,NA,NA,NA,NA,NA
NA,NA,NA,NA,NA,NA,NA,NA,NA,NA
NA,NA,NA,NA,NA,NA,NA,NA,NA,NA
NA,NA,NA,NA,NA,NA,NA,NA,NA,NA
NA,NA,NA,NA,NA,NA,NA,NA,NA,NA
NA,NA,NA,NA,NA,NA,NA,NA,NA,NA
NA,NA,NA,NA,NA,NA,NA,NA,NA,NA
NA,NA,NA,NA,NA,NA,NA,NA,NA,NA
NA,NA,NA,NA,NA,NA,NA,NA,NA,NA
NA,NA,NA,NA,NA,NA,NA,NA,NA,NA
NA,NA,NA,NA,NA,NA,NA,NA,NA,NA
NA,NA,NA,NA,NA,NA,NA,NA,NA,NA
NA,NA,NA,NA,NA,NA,NA,NA,NA,NA
NA,NA,NA,NA,NA,NA,NA,NA,NA,NA
NA,NA,NA,NA,NA,NA,NA,NA,NA,NA
NA,NA,NA,NA,NA,NA,NA,NA,NA,NA
NA,NA,NA,NA,NA,NA,NA,NA,NA,NA
NA,NA,NA,NA,NA,NA,NA,NA,NA,NA
NA,NA,NA,NA,NA,NA,NA,NA,NA,NA
NA,NA,NA,NA,NA,NA,NA,NA,NA,NA
NA,NA,NA,NA,NA,NA,NA,NA,NA,NA
NA,NA,NA,NA,NA,NA,NA,NA,NA,NA
NA,NA,NA,NA,NA,NA,NA,NA,NA,NA
NA,NA,NA,NA,NA,NA,NA,NA,NA,NA
NA,NA,NA,NA,NA,NA,NA,NA,NA,NA
NA,NA,NA,NA,NA,NA,NA,NA,NA,NA
NA,NA,NA,NA,NA,NA,NA,NA,NA,NA
NA,NA,NA,NA,NA,NA,NA,NA,NA,NA
NA,NA,NA,NA,NA,NA,NA,NA,NA,NA
NA,NA,NA,NA,NA,NA,NA,NA,NA,NA
NA,NA,NA,NA,NA,NA,NA,NA,NA,NA
NA,NA,NA,NA,NA,NA,NA,NA,NA,NA
NA,NA,NA,NA,NA,NA,NA,NA,NA,NA
NA,NA,NA,NA,NA,NA,NA,NA,NA,NA
NA,NA,NA,NA,NA,NA,NA,NA,NA,NA
NA,NA,NA,NA,NA,NA,NA,NA,NA,NA
NA,NA,NA,NA,NA,NA,NA,NA,NA,NA
NA,NA,NA,NA,NA,NA,NA,NA,NA,NA
NA,NA,NA,NA,NA,NA,NA,NA,NA,NA
NA,NA,NA,NA,NA,NA,NA,NA,NA,NA
NA,NA,NA,NA,NA,NA,NA,NA,NA,NA
NA,NA,NA,NA,NA,NA,NA,NA,NA,NA
NA,NA,NA,NA,NA,NA,NA,NA,NA,NA
NA,NA,NA,NA,NA,NA,NA,NA,NA,NA
NA,NA,NA,NA,NA,NA,NA,NA,NA,NA
NA,NA,NA,NA,NA,NA,NA,NA,NA,NA
NA,NA,NA,NA,NA,NA,NA,NA,NA,NA
NA,NA,NA,NA,NA,NA,NA,NA,NA,NA
NA,NA,NA,NA,NA,NA,NA,NA,NA,NA
NA,NA,NA,NA,NA,NA,NA,NA,NA,NA
NA,NA,NA,NA,NA,NA,NA,NA,NA,NA
NA,NA,NA,NA,NA,NA,NA,NA,NA,NA
NA,NA,NA,NA,NA,NA,NA,NA,NA,NA
NA,NA,NA,NA,NA,NA,NA,NA,NA,NA
NA,NA,NA,NA,NA,NA,NA,NA,NA,NA
NA,NA,NA,NA,NA,NA,NA,NA,NA,NA
NA,NA,NA,NA,NA,NA,NA,NA,NA,NA
NA,NA,NA,NA,NA,NA,NA,NA,NA,NA
NA,NA,NA,NA,NA,NA,NA,NA,NA,NA
NA,NA,NA,NA,NA,NA,NA,NA,NA,NA
NA,NA,NA,NA,NA,NA,NA,NA,NA,NA
NA,NA,NA,NA,NA,NA,NA,NA,NA,NA
NA,NA,NA,NA,NA,NA,NA,NA,NA,NA
NA,NA,NA,NA,NA,NA,NA,NA,NA,NA
NA,NA,NA,NA,NA,NA,NA,NA,NA,NA
NA,NA,NA,NA,NA,NA,NA,NA,NA,NA
NA,NA,NA,NA,NA,NA,NA,NA,NA,NA
NA,NA,NA,NA,NA,NA,NA,NA,NA,NA
NA,NA,NA,NA,NA,NA,NA,NA,NA,NA
NA,NA,NA,NA,NA,NA,NA,NA,NA,NA
NA,NA,NA,NA,NA,NA,NA,NA,NA,NA
NA,NA,NA,NA,NA,NA,NA,NA,NA,NA
NA,NA,NA,NA,NA,NA,NA,NA,NA,NA
NA,NA,NA,NA,NA,NA,NA,NA,NA,NA
NA,NA,NA,NA,NA,NA,NA,NA,NA,NA
NA,NA,NA,NA,NA,NA,NA,NA,NA,NA
NA,NA,NA,NA,NA,NA,NA,NA,NA,NA
NA,NA,NA,NA,NA,NA,NA,NA,NA,NA
NA,NA,NA,NA,NA,NA,NA,NA,NA,NA
NA,NA,NA,NA,NA,NA,NA,NA,NA,NA
NA,NA,NA,NA,NA,NA,NA,NA,NA,NA
NA,NA,NA,NA,NA,NA,NA,NA,NA,NA
NA,NA,NA,NA,NA,NA,NA,NA,NA,NA
NA,NA,NA,NA,NA,NA,NA,NA,NA,NA
NA,NA,NA,NA,NA,NA,NA,NA,NA,NA
NA,NA,NA,NA,NA,NA,NA,NA,NA,NA
NA,NA,NA,NA,NA,NA,NA,NA,NA,NA
NA,NA,NA,NA,NA,NA,NA,NA,NA,NA
NA,NA,NA,NA,NA,NA,NA,NA,NA,NA
NA,NA,NA,NA,NA,NA,NA,NA,NA,NA
NA,NA,NA,NA,NA,NA,NA,NA,NA,NA
NA,NA,NA,NA,NA,NA,NA,NA,NA,NA
NA,NA,NA,NA,NA,NA,NA,NA,NA,NA
NA,NA,NA,NA,NA,NA,NA,NA,NA,NA
NA,NA,NA,NA,NA,NA,NA,NA,NA,NA
NA,NA,NA,NA,NA,NA,NA,NA,NA,NA
NA,NA,NA,NA,NA,NA,NA,NA,NA,NA
NA,NA,NA,NA,NA,NA,NA,NA,NA,NA
NA,NA,NA,NA,NA,NA,NA,NA,NA,NA
NA,NA,NA,NA,NA,NA,NA,NA,NA,NA
NA,NA,NA,NA,NA,NA,NA,NA,NA,NA
NA,NA,NA,NA,NA,NA,NA,NA,NA,NA
NA,NA,NA,NA,NA,NA,NA,NA,NA,NA
NA,NA,NA,NA,NA,NA,NA,NA,NA,NA
NA,NA,NA,NA,NA,NA,NA,NA,NA,NA
NA,NA,NA,NA,NA,NA,NA,NA,NA,NA
NA,NA,NA,NA,NA,NA,NA,NA,NA,NA
NA,NA,NA,NA,NA,NA,NA,NA,NA,NA
NA,NA,NA,NA,NA,NA,NA,NA,NA,NA
NA,NA,NA,NA,NA,NA,NA,NA,NA,NA
NA,NA,NA,NA,NA,NA,NA,NA,NA,NA
NA,NA,NA,NA,NA,NA,NA,NA,NA,NA
NA,NA,NA,NA,NA,NA,NA,NA,NA,NA
NA,NA,NA,NA,NA,NA,NA,NA,NA,NA
NA,NA,NA,NA,NA,NA,NA,NA,NA,NA
NA,NA,NA,NA,NA,NA,NA,NA,NA,NA
NA,NA,NA,NA,NA,NA,NA,NA,NA,NA
NA,NA,NA,NA,NA,NA,NA,NA,NA,NA
NA,NA,NA,NA,NA,NA,NA,NA,NA,NA
NA,NA,NA,NA,NA,NA,NA,NA,NA,NA
NA,NA,NA,NA,NA,NA,NA,NA,NA,NA
NA,NA,NA,NA,NA,NA,NA,NA,NA,NA
NA,NA,NA,NA,NA,NA,NA,NA,NA,NA
NA,NA,NA,NA,NA,NA,NA,NA,NA,NA
NA,NA,NA,NA,NA,NA,NA,NA,NA,NA
NA,NA,NA,NA,NA,NA,NA,NA,NA,NA
NA,NA,NA,NA,NA,NA,NA,NA,NA,NA
NA,NA,NA,NA,NA,NA,NA,NA,NA,NA
NA,NA,NA,NA,NA,NA,NA,NA,NA,NA
NA,NA,NA,NA,NA,NA,NA,NA,NA,NA
NA,NA,NA,NA,NA,NA,NA,NA,NA,NA
NA,NA,NA,NA,NA,NA,NA,NA,NA,NA
NA,NA,NA,NA,NA,NA,NA,NA,NA,NA
NA,NA,NA,NA,NA,NA,NA,NA,NA,NA
NA,NA,NA,NA,NA,NA,NA,NA,NA,NA
NA,NA,NA,NA,NA,NA,NA,NA,NA,NA
NA,NA,NA,NA,NA,NA,NA,NA,NA,NA
NA,NA,NA,NA,NA,NA,NA,NA,NA,NA
NA,NA,NA,NA,NA,NA,NA,NA,NA,NA
NA,NA,NA,NA,NA,NA,NA,NA,NA,NA
NA,NA,NA,NA,NA,NA,NA,NA,NA,NA
NA,NA,NA,NA,NA,NA,NA,NA,NA,NA
NA,NA,NA,NA,NA,NA,NA,NA,NA,NA
NA,NA,NA,NA,NA,NA,NA,NA,NA,NA
NA,NA,NA,NA,NA,NA,NA,NA,NA,NA
NA,NA,NA,NA,NA,NA,NA,NA,NA,NA
NA,NA,NA,NA,NA,NA,NA,NA,NA,NA
NA,NA,NA,NA,NA,NA,NA,NA,NA,NA
NA,NA,NA,NA,NA,NA,NA,NA,NA,NA
NA,NA,NA,NA,NA,NA,NA,NA,NA,NA
NA,NA,NA,NA,NA,NA,NA,NA,NA,NA
NA,NA,NA,NA,NA,NA,NA,NA,NA,NA
NA,NA,NA,NA,NA,NA,NA,NA,NA,NA
NA,NA,NA,NA,NA,NA,NA,NA,NA,NA
NA,NA,NA,NA,NA,NA,NA,NA,NA,NA
NA,NA,NA,NA,NA,NA,NA,NA,NA,NA
NA,NA,NA,NA,NA,NA,NA,NA,NA,NA
NA,NA,NA,NA,NA,NA,NA,NA,NA,NA
NA,NA,NA,NA,NA,NA,NA,NA,NA,NA
NA,NA,NA,NA,NA,NA,NA,NA,NA,NA
NA,NA,NA,NA,NA,NA,NA,NA,NA,NA
NA,NA,NA,NA,NA,NA,NA,NA,NA,NA
NA,NA,NA,NA,NA,NA,NA,NA,NA,NA
NA,NA,NA,NA,NA,NA,NA,NA,NA,NA
NA,NA,NA,NA,NA,NA,NA,NA,NA,NA
NA,NA,NA,NA,NA,NA,NA,NA,NA,NA
NA,NA,NA,NA,NA,NA,NA,NA,NA,NA
NA,NA,NA,NA,NA,NA,NA,NA,NA,NA
NA,NA,NA,NA,NA,NA,NA,NA,NA,NA
NA,NA,NA,NA,NA,NA,NA,NA,NA,NA
NA,NA,NA,NA,NA,NA,NA,NA,NA,NA
NA,NA,NA,NA,NA,NA,NA,NA,NA,NA
NA,NA,NA,NA,NA,NA,NA,NA,NA,NA
NA,NA,NA,NA,NA,NA,NA,NA,NA,NA
NA,NA,NA,NA,NA,NA,NA,NA,NA,NA
NA,NA,NA,NA,NA,NA,NA,NA,NA,NA
NA,NA,NA,NA,NA,NA,NA,NA,NA,NA
NA,NA,NA,NA,NA,NA,NA,NA,NA,NA
NA,NA,NA,NA,NA,NA,NA,NA,NA,NA
NA,NA,NA,NA,NA,NA,NA,NA,NA,NA
NA,NA,NA,NA,NA,NA,NA,NA,NA,NA
NA,NA,NA,NA,NA,NA,NA,NA,NA,NA
NA,NA,NA,NA,NA,NA,NA,NA,NA,NA
NA,NA,NA,NA,NA,NA,NA,NA,NA,NA
NA,NA,NA,NA,NA,NA,NA,NA,NA,NA
NA,NA,NA,NA,NA,NA,NA,NA,NA,NA
NA,NA,NA,NA,NA,NA,NA,NA,NA,NA
NA,NA,NA,NA,NA,NA,NA,NA,NA,NA
NA,NA,NA,NA,NA,NA,NA,NA,NA,NA
NA,NA,NA,NA,NA,NA,NA,NA,NA,NA
NA,NA,NA,NA,NA,NA,NA,NA,NA,NA
NA,NA,NA,NA,NA,NA,NA,NA,NA,NA
NA,NA,NA,NA,NA,NA,NA,NA,NA,NA
NA,NA,NA,NA,NA,NA,NA,NA,NA,NA
NA,NA,NA,NA,NA,NA,NA,NA,NA,NA
NA,NA,NA,NA,NA,NA,NA,NA,NA,NA
NA,NA,NA,NA,NA,NA,NA,NA,NA,NA
NA,NA,NA,NA,NA,NA,NA,NA,NA,NA
NA,NA,NA,NA,NA,NA,NA,NA,NA,NA
NA,NA,NA,NA,NA,NA,NA,NA,NA,NA
NA,NA,NA,NA,NA,NA,NA,NA,NA,NA
NA,NA,NA,NA,NA,NA,NA,NA,NA,NA
NA,NA,NA,NA,NA,NA,NA,NA,NA,NA
NA,NA,NA,NA,NA,NA,NA,NA,NA,NA
NA,NA,NA,NA,NA,NA,NA,NA,NA,NA
NA,NA,NA,NA,NA,NA,NA,NA,NA,NA
NA,NA,NA,NA,NA,NA,NA,NA,NA,NA
NA,NA,NA,NA,NA,NA,NA,NA,NA,NA
NA,NA,NA,NA,NA,NA,NA,NA,NA,NA
NA,NA,NA,NA,NA,NA,NA,NA,NA,NA
NA,NA,NA,NA,NA,NA,NA,NA,NA,NA
NA,NA,NA,NA,NA,NA,NA,NA,NA,NA
NA,NA,NA,NA,NA,NA,NA,NA,NA,NA
NA,NA,NA,NA,NA,NA,NA,NA,NA,NA
NA,NA,NA,NA,NA,NA,NA,NA,NA,NA
NA,NA,NA,NA,NA,NA,NA,NA,NA,NA
NA,NA,NA,NA,NA,NA,NA,NA,NA,NA
NA,NA,NA,NA,NA,NA,NA,NA,NA,NA
NA,NA,NA,NA,NA,NA,NA,NA,NA,NA
NA,NA,NA,NA,NA,NA,NA,NA,NA,NA
NA,NA,NA,NA,NA,NA,NA,NA,NA,NA
NA,NA,NA,NA,NA,NA,NA,NA,NA,NA
NA,NA,NA,NA,NA,NA,NA,NA,NA,NA
NA,NA,NA,NA,NA,NA,NA,NA,NA,NA
NA,NA,NA,NA,NA,NA,NA,NA,NA,NA
NA,NA,NA,NA,NA,NA,NA,NA,NA,NA
NA,NA,NA,NA,NA,NA,NA,NA,NA,NA
NA,NA,NA,NA,NA,NA,NA,NA,NA,NA
NA,NA,NA,NA,NA,NA,NA,NA,NA,NA
NA,NA,NA,NA,NA,NA,NA,NA,NA,NA
NA,NA,NA,NA,NA,NA,NA,NA,NA,NA
NA,NA,NA,NA,NA,NA,NA,NA,NA,NA
NA,NA,NA,NA,NA,NA,NA,NA,NA,NA
NA,NA,NA,NA,NA,NA,NA,NA,NA,NA
NA,NA,NA,NA,NA,NA,NA,NA,NA,NA
NA,NA,NA,NA,NA,NA,NA,NA,NA,NA
NA,NA,NA,NA,NA,NA,NA,NA,NA,NA
NA,NA,NA,NA,NA,NA,NA,NA,NA,NA
NA,NA,NA,NA,NA,NA,NA,NA,NA,NA
NA,NA,NA,NA,NA,NA,NA,NA,NA,NA
NA,NA,NA,NA,NA,NA,NA,NA,NA,NA
NA,NA,NA,NA,NA,NA,NA,NA,NA,NA
NA,NA,NA,NA,NA,NA,NA,NA,NA,NA
NA,NA,NA,NA,NA,NA,NA,NA,NA,NA
NA,NA,NA,NA,NA,NA,NA,NA,NA,NA
NA,NA,NA,NA,NA,NA,NA,NA,NA,NA
NA,NA,NA,NA,NA,NA,NA,NA,NA,NA
NA,NA,NA,NA,NA,NA,NA,NA,NA,NA
NA,NA,NA,NA,NA,NA,NA,NA,NA,NA
NA,NA,NA,NA,NA,NA,NA,NA,NA,NA
NA,NA,NA,NA,NA,NA,NA,NA,NA,NA
NA,NA,NA,NA,NA,NA,NA,NA,NA,NA
NA,NA,NA,NA,NA,NA,NA,NA,NA,NA
NA,NA,NA,NA,NA,NA,NA,NA,NA,NA
NA,NA,NA,NA,NA,NA,NA,NA,NA,NA
NA,NA,NA,NA,NA,NA,NA,NA,NA,NA
NA,NA,NA,NA,NA,NA,NA,NA,NA,NA
NA,NA,NA,NA,NA,NA,NA,NA,NA,NA
NA,NA,NA,NA,NA,NA,NA,NA,NA,NA
NA,NA,NA,NA,NA,NA,NA,NA,NA,NA
NA,NA,NA,NA,NA,NA,NA,NA,NA,NA
NA,NA,NA,NA,NA,NA,NA,NA,NA,NA
NA,NA,NA,NA,NA,NA,NA,NA,NA,NA
NA,NA,NA,NA,NA,NA,NA,NA,NA,NA
NA,NA,NA,NA,NA,NA,NA,NA,NA,NA
NA,NA,NA,NA,NA,NA,NA,NA,NA,NA
NA,NA,NA,NA,NA,NA,NA,NA,NA,NA
NA,NA,NA,NA,NA,NA,NA,NA,NA,NA
NA,NA,NA,NA,NA,NA,NA,NA,NA,NA
NA,NA,NA,NA,NA,NA,NA,NA,NA,NA
NA,NA,NA,NA,NA,NA,NA,NA,NA,NA
NA,NA,NA,NA,NA,NA,NA,NA,NA,NA
NA,NA,NA,NA,NA,NA,NA,NA,NA,NA
NA,NA,NA,NA,NA,NA,NA,NA,NA,NA
NA,NA,NA,NA,NA,NA,NA,NA,NA,NA
NA,NA,NA,NA,NA,NA,NA,NA,NA,NA
NA,NA,NA,NA,NA,NA,NA,NA,NA,NA
NA,NA,NA,NA,NA,NA,NA,NA,NA,NA
NA,NA,NA,NA,NA,NA,NA,NA,NA,NA
NA,NA,NA,NA,NA,NA,NA,NA,NA,NA
NA,NA,NA,NA,NA,NA,NA,NA,NA,NA
NA,NA,NA,NA,NA,NA,NA,NA,NA,NA
NA,NA,NA,NA,NA,NA,NA,NA,NA,NA
NA,NA,NA,NA,NA,NA,NA,NA,NA,NA
NA,NA,NA,NA,NA,NA,NA,NA,NA,NA
NA,NA,NA,NA,NA,NA,NA,NA,NA,NA
NA,NA,NA,NA,NA,NA,NA,NA,NA,NA
NA,NA,NA,NA,NA,NA,NA,NA,NA,NA
NA,NA,NA,NA,NA,NA,NA,NA,NA,NA
NA,NA,NA,NA,NA,NA,NA,NA,NA,NA
NA,NA,NA,NA,NA,NA,NA,NA,NA,NA
NA,NA,NA,NA,NA,NA,NA,NA,NA,NA
NA,NA,NA,NA,NA,NA,NA,NA,NA,NA
NA,NA,NA,NA,NA,NA,NA,NA,NA,NA
NA,NA,NA,NA,NA,NA,NA,NA,NA,NA
NA,NA,NA,NA,NA,NA,NA,NA,NA,NA
NA,NA,NA,NA,NA,NA,NA,NA,NA,NA
NA,NA,NA,NA,NA,NA,NA,NA,NA,NA
NA,NA,NA,NA,NA,NA,NA,NA,NA,NA
NA,NA,NA,NA,NA,NA,NA,NA,NA,NA
NA,NA,NA,NA,NA,NA,NA,NA,NA,NA
NA,NA,NA,NA,NA,NA,NA,NA,NA,NA
NA,NA,NA,NA,NA,NA,NA,NA,NA,NA
NA,NA,NA,NA,NA,NA,NA,NA,NA,NA
NA,NA,NA,NA,NA,NA,NA,NA,NA,NA
NA,NA,NA,NA,NA,NA,NA,NA,NA,NA
NA,NA,NA,NA,NA,NA,NA,NA,NA,NA
NA,NA,NA,NA,NA,NA,NA,NA,NA,NA
NA,NA,NA,NA,NA,NA,NA,NA,NA,NA
NA,NA,NA,NA,NA,NA,NA,NA,NA,NA
NA,NA,NA,NA,NA,NA,NA,NA,NA,NA
NA,NA,NA,NA,NA,NA,NA,NA,NA,NA
NA,NA,NA,NA,NA,NA,NA,NA,NA,NA
NA,NA,NA,NA,NA,NA,NA,NA,NA,NA
NA,NA,NA,NA,NA,NA,NA,NA,NA,NA
NA,NA,NA,NA,NA,NA,NA,NA,NA,NA
NA,NA,NA,NA,NA,NA,NA,NA,NA,NA
NA,NA,NA,NA,NA,NA,NA,NA,NA,NA
NA,NA,NA,NA,NA,NA,NA,NA,NA,NA
NA,NA,NA,NA,NA,NA,NA,NA,NA,NA
NA,NA,NA,NA,NA,NA,NA,NA,NA,NA
NA,NA,NA,NA,NA,NA,NA,NA,NA,NA
NA,NA,NA,NA,NA,NA,NA,NA,NA,NA
NA,NA,NA,NA,NA,NA,NA,NA,NA,NA
NA,NA,NA,NA,NA,NA,NA,NA,NA,NA
NA,NA,NA,NA,NA,NA,NA,NA,NA,NA
NA,NA,NA,NA,NA,NA,NA,NA,NA,NA
NA,NA,NA,NA,NA,NA,NA,NA,NA,NA
NA,NA,NA,NA,NA,NA,NA,NA,NA,NA
NA,NA,NA,NA,NA,NA,NA,NA,NA,NA
NA,NA,NA,NA,NA,NA,NA,NA,NA,NA
NA,NA,NA,NA,NA,NA,NA,NA,NA,NA
NA,NA,NA,NA,NA,NA,NA,NA,NA,NA
NA,NA,NA,NA,NA,NA,NA,NA,NA,NA
NA,NA,NA,NA,NA,NA,NA,NA,NA,NA
NA,NA,NA,NA,NA,NA,NA,NA,NA,NA
NA,NA,NA,NA,NA,NA,NA,NA,NA,NA
NA,NA,NA,NA,NA,NA,NA,NA,NA,NA
NA,NA,NA,NA,NA,NA,NA,NA,NA,NA
NA,NA,NA,NA,NA,NA,NA,NA,NA,NA
NA,NA,NA,NA,NA,NA,NA,NA,NA,NA
NA,NA,NA,NA,NA,NA,NA,NA,NA,NA
NA,NA,NA,NA,NA,NA,NA,NA,NA,NA
NA,NA,NA,NA,NA,NA,NA,NA,NA,NA
NA,NA,NA,NA,NA,NA,NA,NA,NA,NA
NA,NA,NA,NA,NA,NA,NA,NA,NA,NA
NA,NA,NA,NA,NA,NA,NA,NA,NA,NA
NA,NA,NA,NA,NA,NA,NA,NA,NA,NA
NA,NA,NA,NA,NA,NA,NA,NA,NA,NA
NA,NA,NA,NA,NA,NA,NA,NA,NA,NA
NA,NA,NA,NA,NA,NA,NA,NA,NA,NA
NA,NA,NA,NA,NA,NA,NA,NA,NA,NA
NA,NA,NA,NA,NA,NA,NA,NA,NA,NA
NA,NA,NA,NA,NA,NA,NA,NA,NA,NA
NA,NA,NA,NA,NA,NA,NA,NA,NA,NA
NA,NA,NA,NA,NA,NA,NA,NA,NA,NA
NA,NA,NA,NA,NA,NA,NA,NA,NA,NA
NA,NA,NA,NA,NA,NA,NA,NA,NA,NA
NA,NA,NA,NA,NA,NA,NA,NA,NA,NA
NA,NA,NA,NA,NA,NA,NA,NA,NA,NA
NA,NA,NA,NA,NA,NA,NA,NA,NA,NA
NA,NA,NA,NA,NA,NA,NA,NA,NA,NA
NA,NA,NA,NA,NA,NA,NA,NA,NA,NA
NA,NA,NA,NA,NA,NA,NA,NA,NA,NA
NA,NA,NA,NA,NA,NA,NA,NA,NA,NA
NA,NA,NA,NA,NA,NA,NA,NA,NA,NA
NA,NA,NA,NA,NA,NA,NA,NA,NA,NA
NA,NA,NA,NA,NA,NA,NA,NA,NA,NA
NA,NA,NA,NA,NA,NA,NA,NA,NA,NA
NA,NA,NA,NA,NA,NA,NA,NA,NA,NA
NA,NA,NA,NA,NA,NA,NA,NA,NA,NA
NA,NA,NA,NA,NA,NA,NA,NA,NA,NA
NA,NA,NA,NA,NA,NA,NA,NA,NA,NA
NA,NA,NA,NA,NA,NA,NA,NA,NA,NA
NA,NA,NA,NA,NA,NA,NA,NA,NA,NA
NA,NA,NA,NA,NA,NA,NA,NA,NA,NA
NA,NA,NA,NA,NA,NA,NA,NA,NA,NA
NA,NA,NA,NA,NA,NA,NA,NA,NA,NA
NA,NA,NA,NA,NA,NA,NA,NA,NA,NA
NA,NA,NA,NA,NA,NA,NA,NA,NA,NA
NA,NA,NA,NA,NA,NA,NA,NA,NA,NA
NA,NA,NA,NA,NA,NA,NA,NA,NA,NA
NA,NA,NA,NA,NA,NA,NA,NA,NA,NA
NA,NA,NA,NA,NA,NA,NA,NA,NA,NA
NA,NA,NA,NA,NA,NA,NA,NA,NA,NA
NA,NA,NA,NA,NA,NA,NA,NA,NA,NA
NA,NA,NA,NA,NA,NA,NA,NA,NA,NA
NA,NA,NA,NA,NA,NA,NA,NA,NA,NA
NA,NA,NA,NA,NA,NA,NA,NA,NA,NA
NA,NA,NA,NA,NA,NA,NA,NA,NA,NA
NA,NA,NA,NA,NA,NA,NA,NA,NA,NA
NA,NA,NA,NA,NA,NA,NA,NA,NA,NA
NA,NA,NA,NA,NA,NA,NA,NA,NA,NA
NA,NA,NA,NA,NA,NA,NA,NA,NA,NA
NA,NA,NA,NA,NA,NA,NA,NA,NA,NA
NA,NA,NA,NA,NA,NA,NA,NA,NA,NA
NA,NA,NA,NA,NA,NA,NA,NA,NA,NA
NA,NA,NA,NA,NA,NA,NA,NA,NA,NA
NA,NA,NA,NA,NA,NA,NA,NA,NA,NA
NA,NA,NA,NA,NA,NA,NA,NA,NA,NA
NA,NA,NA,NA,NA,NA,NA,NA,NA,NA
NA,NA,NA,NA,NA,NA,NA,NA,NA,NA
NA,NA,NA,NA,NA,NA,NA,NA,NA,NA
NA,NA,NA,NA,NA,NA,NA,NA,NA,NA
NA,NA,NA,NA,NA,NA,NA,NA,NA,NA
NA,NA,NA,NA,NA,NA,NA,NA,NA,NA
NA,NA,NA,NA,NA,NA,NA,NA,NA,NA
NA,NA,NA,NA,NA,NA,NA,NA,NA,NA
NA,NA,NA,NA,NA,NA,NA,NA,NA,NA
NA,NA,NA,NA,NA,NA,NA,NA,NA,NA
NA,NA,NA,NA,NA,NA,NA,NA,NA,NA
NA,NA,NA,NA,NA,NA,NA,NA,NA,NA
NA,NA,NA,NA,NA,NA,NA,NA,NA,NA
NA,NA,NA,NA,NA,NA,NA,NA,NA,NA
NA,NA,NA,NA,NA,NA,NA,NA,NA,NA
NA,NA,NA,NA,NA,NA,NA,NA,NA,NA
NA,NA,NA,NA,NA,NA,NA,NA,NA,NA
NA,NA,NA,NA,NA,NA,NA,NA,NA,NA
NA,NA,NA,NA,NA,NA,NA,NA,NA,NA
NA,NA,NA,NA,NA,NA,NA,NA,NA,NA
NA,NA,NA,NA,NA,NA,NA,NA,NA,NA
NA,NA,NA,NA,NA,NA,NA,NA,NA,NA
NA,NA,NA,NA,NA,NA,NA,NA,NA,NA
NA,NA,NA,NA,NA,NA,NA,NA,NA,NA
NA,NA,NA,NA,NA,NA,NA,NA,NA,NA
NA,NA,NA,NA,NA,NA,NA,NA,NA,NA
NA,NA,NA,NA,NA,NA,NA,NA,NA,NA
NA,NA,NA,NA,NA,NA,NA,NA,NA,NA
NA,NA,NA,NA,NA,NA,NA,NA,NA,NA
NA,NA,NA,NA,NA,NA,NA,NA,NA,NA
NA,NA,NA,NA,NA,NA,NA,NA,NA,NA
NA,NA,NA,NA,NA,NA,NA,NA,NA,NA
NA,NA,NA,NA,NA,NA,NA,NA,NA,NA
NA,NA,NA,NA,NA,NA,NA,NA,NA,NA
NA,NA,NA,NA,NA,NA,NA,NA,NA,NA
NA,NA,NA,NA,NA,NA,NA,NA,NA,NA
NA,NA,NA,NA,NA,NA,NA,NA,NA,NA
NA,NA,NA,NA,NA,NA,NA,NA,NA,NA
NA,NA,NA,NA,NA,NA,NA,NA,NA,NA
NA,NA,NA,NA,NA,NA,NA,NA,NA,NA
NA,NA,NA,NA,NA,NA,NA,NA,NA,NA
NA,NA,NA,NA,NA,NA,NA,NA,NA,NA
NA,NA,NA,NA,NA,NA,NA,NA,NA,NA
NA,NA,NA,NA,NA,NA,NA,NA,NA,NA
NA,NA,NA,NA,NA,NA,NA,NA,NA,NA
NA,NA,NA,NA,NA,NA,NA,NA,NA,NA
NA,NA,NA,NA,NA,NA,NA,NA,NA,NA
NA,NA,NA,NA,NA,NA,NA,NA,NA,NA
NA,NA,NA,NA,NA,NA,NA,NA,NA,NA
NA,NA,NA,NA,NA,NA,NA,NA,NA,NA
NA,NA,NA,NA,NA,NA,NA,NA,NA,NA
NA,NA,NA,NA,NA,NA,NA,NA,NA,NA
NA,NA,NA,NA,NA,NA,NA,NA,NA,NA
NA,NA,NA,NA,NA,NA,NA,NA,NA,NA
NA,NA,NA,NA,NA,NA,NA,NA,NA,NA
NA,NA,NA,NA,NA,NA,NA,NA,NA,NA
NA,NA,NA,NA,NA,NA,NA,NA,NA,NA
NA,NA,NA,NA,NA,NA,NA,NA,NA,NA
NA,NA,NA,NA,NA,NA,NA,NA,NA,NA
NA,NA,NA,NA,NA,NA,NA,NA,NA,NA
NA,NA,NA,NA,NA,NA,NA,NA,NA,NA
NA,NA,NA,NA,NA,NA,NA,NA,NA,NA
NA,NA,NA,NA,NA,NA,NA,NA,NA,NA
NA,NA,NA,NA,NA,NA,NA,NA,NA,NA
NA,NA,NA,NA,NA,NA,NA,NA,NA,NA
NA,NA,NA,NA,NA,NA,NA,NA,NA,NA
NA,NA,NA,NA,NA,NA,NA,NA,NA,NA
NA,NA,NA,NA,NA,NA,NA,NA,NA,NA
NA,NA,NA,NA,NA,NA,NA,NA,NA,NA
NA,NA,NA,NA,NA,NA,NA,NA,NA,NA
NA,NA,NA,NA,NA,NA,NA,NA,NA,NA
NA,NA,NA,NA,NA,NA,NA,NA,NA,NA
NA,NA,NA,NA,NA,NA,NA,NA,NA,NA
NA,NA,NA,NA,NA,NA,NA,NA,NA,NA
NA,NA,NA,NA,NA,NA,NA,NA,NA,NA
NA,NA,NA,NA,NA,NA,NA,NA,NA,NA
NA,NA,NA,NA,NA,NA,NA,NA,NA,NA
NA,NA,NA,NA,NA,NA,NA,NA,NA,NA
NA,NA,NA,NA,NA,NA,NA,NA,NA,NA
NA,NA,NA,NA,NA,NA,NA,NA,NA,NA
NA,NA,NA,NA,NA,NA,NA,NA,NA,NA
NA,NA,NA,NA,NA,NA,NA,NA,NA,NA
NA,NA,NA,NA,NA,NA,NA,NA,NA,NA
NA,NA,NA,NA,NA,NA,NA,NA,NA,NA
NA,NA,NA,NA,NA,NA,NA,NA,NA,NA
NA,NA,NA,NA,NA,NA,NA,NA,NA,NA
NA,NA,NA,NA,NA,NA,NA,NA,NA,NA
NA,NA,NA,NA,NA,NA,NA,NA,NA,NA
NA,NA,NA,NA,NA,NA,NA,NA,NA,NA
NA,NA,NA,NA,NA,NA,NA,NA,NA,NA
NA,NA,NA,NA,NA,NA,NA,NA,NA,NA
NA,NA,NA,NA,NA,NA,NA,NA,NA,NA
NA,NA,NA,NA,NA,NA,NA,NA,NA,NA
NA,NA,NA,NA,NA,NA,NA,NA,NA,NA
NA,NA,NA,NA,NA,NA,NA,NA,NA,NA
NA,NA,NA,NA,NA,NA,NA,NA,NA,NA
NA,NA,NA,NA,NA,NA,NA,NA,NA,NA
NA,NA,NA,NA,NA,NA,NA,NA,NA,NA
NA,NA,NA,NA,NA,NA,NA,NA,NA,NA
NA,NA,NA,NA,NA,NA,NA,NA,NA,NA
NA,NA,NA,NA,NA,NA,NA,NA,NA,NA
NA,NA,NA,NA,NA,NA,NA,NA,NA,NA
NA,NA,NA,NA,NA,NA,NA,NA,NA,NA
NA,NA,NA,NA,NA,NA,NA,NA,NA,NA
NA,NA,NA,NA,NA,NA,NA,NA,NA,NA
NA,NA,NA,NA,NA,NA,NA,NA,NA,NA
NA,NA,NA,NA,NA,NA,NA,NA,NA,NA
NA,NA,NA,NA,NA,NA,NA,NA,NA,NA
NA,NA,NA,NA,NA,NA,NA,NA,NA,NA
NA,NA,NA,NA,NA,NA,NA,NA,NA,NA
NA,NA,NA,NA,NA,NA,NA,NA,NA,NA
NA,NA,NA,NA,NA,NA,NA,NA,NA,NA
NA,NA,NA,NA,NA,NA,NA,NA,NA,NA
NA,NA,NA,NA,NA,NA,NA,NA,NA,NA
NA,NA,NA,NA,NA,NA,NA,NA,NA,NA
NA,NA,NA,NA,NA,NA,NA,NA,NA,NA
NA,NA,NA,NA,NA,NA,NA,NA,NA,NA
NA,NA,NA,NA,NA,NA,NA,NA,NA,NA
NA,NA,NA,NA,NA,NA,NA,NA,NA,NA
NA,NA,NA,NA,NA,NA,NA,NA,NA,NA
NA,NA,NA,NA,NA,NA,NA,NA,NA,NA
NA,NA,NA,NA,NA,NA,NA,NA,NA,NA
NA,NA,NA,NA,NA,NA,NA,NA,NA,NA
NA,NA,NA,NA,NA,NA,NA,NA,NA,NA
NA,NA,NA,NA,NA,NA,NA,NA,NA,NA
NA,NA,NA,NA,NA,NA,NA,NA,NA,NA
NA,NA,NA,NA,NA,NA,NA,NA,NA,NA
NA,NA,NA,NA,NA,NA,NA,NA,NA,NA
NA,NA,NA,NA,NA,NA,NA,NA,NA,NA
NA,NA,NA,NA,NA,NA,NA,NA,NA,NA
NA,NA,NA,NA,NA,NA,NA,NA,NA,NA
NA,NA,NA,NA,NA,NA,NA,NA,NA,NA
NA,NA,NA,NA,NA,NA,NA,NA,NA,NA
NA,NA,NA,NA,NA,NA,NA,NA,NA,NA
NA,NA,NA,NA,NA,NA,NA,NA,NA,NA
NA,NA,NA,NA,NA,NA,NA,NA,NA,NA
NA,NA,NA,NA,NA,NA,NA,NA,NA,NA
NA,NA,NA,NA,NA,NA,NA,NA,NA,NA
NA,NA,NA,NA,NA,NA,NA,NA,NA,NA
NA,NA,NA,NA,NA,NA,NA,NA,NA,NA
NA,NA,NA,NA,NA,NA,NA,NA,NA,NA
NA,NA,NA,NA,NA,NA,NA,NA,NA,NA
NA,NA,NA,NA,NA,NA,NA,NA,NA,NA
NA,NA,NA,NA,NA,NA,NA,NA,NA,NA
NA,NA,NA,NA,NA,NA,NA,NA,NA,NA
NA,NA,NA,NA,NA,NA,NA,NA,NA,NA
NA,NA,NA,NA,NA,NA,NA,NA,NA,NA
NA,NA,NA,NA,NA,NA,NA,NA,NA,NA
NA,NA,NA,NA,NA,NA,NA,NA,NA,NA
NA,NA,NA,NA,NA,NA,NA,NA,NA,NA
NA,NA,NA,NA,NA,NA,NA,NA,NA,NA
NA,NA,NA,NA,NA,NA,NA,NA,NA,NA
NA,NA,NA,NA,NA,NA,NA,NA,NA,NA
NA,NA,NA,NA,NA,NA,NA,NA,NA,NA
NA,NA,NA,NA,NA,NA,NA,NA,NA,NA
NA,NA,NA,NA,NA,NA,NA,NA,NA,NA
NA,NA,NA,NA,NA,NA,NA,NA,NA,NA
NA,NA,NA,NA,NA,NA,NA,NA,NA,NA
NA,NA,NA,NA,NA,NA,NA,NA,NA,NA
NA,NA,NA,NA,NA,NA,NA,NA,NA,NA
NA,NA,NA,NA,NA,NA,NA,NA,NA,NA
NA,NA,NA,NA,NA,NA,NA,NA,NA,NA
NA,NA,NA,NA,NA,NA,NA,NA,NA,NA
NA,NA,NA,NA,NA,NA,NA,NA,NA,NA
NA,NA,NA,NA,NA,NA,NA,NA,NA,NA
NA,NA,NA,NA,NA,NA,NA,NA,NA,NA
NA,NA,NA,NA,NA,NA,NA,NA,NA,NA
NA,NA,NA,NA,NA,NA,NA,NA,NA,NA
NA,NA,NA,NA,NA,NA,NA,NA,NA,NA
NA,NA,NA,NA,NA,NA,NA,NA,NA,NA
NA,NA,NA,NA,NA,NA,NA,NA,NA,NA
NA,NA,NA,NA,NA,NA,NA,NA,NA,NA
NA,NA,NA,NA,NA,NA,NA,NA,NA,NA
NA,NA,NA,NA,NA,NA,NA,NA,NA,NA
NA,NA,NA,NA,NA,NA,NA,NA,NA,NA
NA,NA,NA,NA,NA,NA,NA,NA,NA,NA
NA,NA,NA,NA,NA,NA,NA,NA,NA,NA
NA,NA,NA,NA,NA,NA,NA,NA,NA,NA
NA,NA,NA,NA,NA,NA,NA,NA,NA,NA
NA,NA,NA,NA,NA,NA,NA,NA,NA,NA
NA,NA,NA,NA,NA,NA,NA,NA,NA,NA
NA,NA,NA,NA,NA,NA,NA,NA,NA,NA
NA,NA,NA,NA,NA,NA,NA,NA,NA,NA
NA,NA,NA,NA,NA,NA,NA,NA,NA,NA
NA,NA,NA,NA,NA,NA,NA,NA,NA,NA
NA,NA,NA,NA,NA,NA,NA,NA,NA,NA
NA,NA,NA,NA,NA,NA,NA,NA,NA,NA
NA,NA,NA,NA,NA,NA,NA,NA,NA,NA
NA,NA,NA,NA,NA,NA,NA,NA,NA,NA
NA,NA,NA,NA,NA,NA,NA,NA,NA,NA
NA,NA,NA,NA,NA,NA,NA,NA,NA,NA
NA,NA,NA,NA,NA,NA,NA,NA,NA,NA
NA,NA,NA,NA,NA,NA,NA,NA,NA,NA
NA,NA,NA,NA,NA,NA,NA,NA,NA,NA
NA,NA,NA,NA,NA,NA,NA,NA,NA,NA
NA,NA,NA,NA,NA,NA,NA,NA,NA,NA
NA,NA,NA,NA,NA,NA,NA,NA,NA,NA
NA,NA,NA,NA,NA,NA,NA,NA,NA,NA
NA,NA,NA,NA,NA,NA,NA,NA,NA,NA
NA,NA,NA,NA,NA,NA,NA,NA,NA,NA
NA,NA,NA,NA,NA,NA,NA,NA,NA,NA
NA,NA,NA,NA,NA,NA,NA,NA,NA,NA
NA,NA,NA,NA,NA,NA,NA,NA,NA,NA
NA,NA,NA,NA,NA,NA,NA,NA,NA,NA
NA,NA,NA,NA,NA,NA,NA,NA,NA,NA
NA,NA,NA,NA,NA,NA,NA,NA,NA,NA
NA,NA,NA,NA,NA,NA,NA,NA,NA,NA
NA,NA,NA,NA,NA,NA,NA,NA,NA,NA
NA,NA,NA,NA,NA,NA,NA,NA,NA,NA
NA,NA,NA,NA,NA,NA,NA,NA,NA,NA
NA,NA,NA,NA,NA,NA,NA,NA,NA,NA
NA,NA,NA,NA,NA,NA,NA,NA,NA,NA
NA,NA,NA,NA,NA,NA,NA,NA,NA,NA
NA,NA,NA,NA,NA,NA,NA,NA,NA,NA
NA,NA,NA,NA,NA,NA,NA,NA,NA,NA
NA,NA,NA,NA,NA,NA,NA,NA,NA,NA
NA,NA,NA,NA,NA,NA,NA,NA,NA,NA
NA,NA,NA,NA,NA,NA,NA,NA,NA,NA
NA,NA,NA,NA,NA,NA,NA,NA,NA,NA
NA,NA,NA,NA,NA,NA,NA,NA,NA,NA
NA,NA,NA,NA,NA,NA,NA,NA,NA,NA
NA,NA,NA,NA,NA,NA,NA,NA,NA,NA
NA,NA,NA,NA,NA,NA,NA,NA,NA,NA
NA,NA,NA,NA,NA,NA,NA,NA,NA,NA
NA,NA,NA,NA,NA,NA,NA,NA,NA,NA
NA,NA,NA,NA,NA,NA,NA,NA,NA,NA
NA,NA,NA,NA,NA,NA,NA,NA,NA,NA
NA,NA,NA,NA,NA,NA,NA,NA,NA,NA
NA,NA,NA,NA,NA,NA,NA,NA,NA,NA
NA,NA,NA,NA,NA,NA,NA,NA,NA,NA
NA,NA,NA,NA,NA,NA,NA,NA,NA,NA
NA,NA,NA,NA,NA,NA,NA,NA,NA,NA
NA,NA,NA,NA,NA,NA,NA,NA,NA,NA
NA,NA,NA,NA,NA,NA,NA,NA,NA,NA
NA,NA,NA,NA,NA,NA,NA,NA,NA,NA
NA,NA,NA,NA,NA,NA,NA,NA,NA,NA
NA,NA,NA,NA,NA,NA,NA,NA,NA,NA
NA,NA,NA,NA,NA,NA,NA,NA,NA,NA
NA,NA,NA,NA,NA,NA,NA,NA,NA,NA
NA,NA,NA,NA,NA,NA,NA,NA,NA,NA
NA,NA,NA,NA,NA,NA,NA,NA,NA,NA
NA,NA,NA,NA,NA,NA,NA,NA,NA,NA
NA,NA,NA,NA,NA,NA,NA,NA,NA,NA
NA,NA,NA,NA,NA,NA,NA,NA,NA,NA
NA,NA,NA,NA,NA,NA,NA,NA,NA,NA
NA,NA,NA,NA,NA,NA,NA,NA,NA,NA
NA,NA,NA,NA,NA,NA,NA,NA,NA,NA
NA,NA,NA,NA,NA,NA,NA,NA,NA,NA
NA,NA,NA,NA,NA,NA,NA,NA,NA,NA
NA,NA,NA,NA,NA,NA,NA,NA,NA,NA
NA,NA,NA,NA,NA,NA,NA,NA,NA,NA
NA,NA,NA,NA,NA,NA,NA,NA,NA,NA
NA,NA,NA,NA,NA,NA,NA,NA,NA,NA
NA,NA,NA,NA,NA,NA,NA,NA,NA,NA
NA,NA,NA,NA,NA,NA,NA,NA,NA,NA
NA,NA,NA,NA,NA,NA,NA,NA,NA,NA
NA,NA,NA,NA,NA,NA,NA,NA,NA,NA
NA,NA,NA,NA,NA,NA,NA,NA,NA,NA
NA,NA,NA,NA,NA,NA,NA,NA,NA,NA
NA,NA,NA,NA,NA,NA,NA,NA,NA,NA
NA,NA,NA,NA,NA,NA,NA,NA,NA,NA
NA,NA,NA,NA,NA,NA,NA,NA,NA,NA
NA,NA,NA,NA,NA,NA,NA,NA,NA,NA
NA,NA,NA,NA,NA,NA,NA,NA,NA,NA
NA,NA,NA,NA,NA,NA,NA,NA,NA,NA
NA,NA,NA,NA,NA,NA,NA,NA,NA,NA
NA,NA,NA,NA,NA,NA,NA,NA,NA,NA
NA,NA,NA,NA,NA,NA,NA,NA,NA,NA
NA,NA,NA,NA,NA,NA,NA,NA,NA,NA
NA,NA,NA,NA,NA,NA,NA,NA,NA,NA
NA,NA,NA,NA,NA,NA,NA,NA,NA,NA
NA,NA,NA,NA,NA,NA,NA,NA,NA,NA
NA,NA,NA,NA,NA,NA,NA,NA,NA,NA
NA,NA,NA,NA,NA,NA,NA,NA,NA,NA
NA,NA,NA,NA,NA,NA,NA,NA,NA,NA
NA,NA,NA,NA,NA,NA,NA,NA,NA,NA
NA,NA,NA,NA,NA,NA,NA,NA,NA,NA
NA,NA,NA,NA,NA,NA,NA,NA,NA,NA
NA,NA,NA,NA,NA,NA,NA,NA,NA,NA
NA,NA,NA,NA,NA,NA,NA,NA,NA,NA
NA,NA,NA,NA,NA,NA,NA,NA,NA,NA
NA,NA,NA,NA,NA,NA,NA,NA,NA,NA
NA,NA,NA,NA,NA,NA,NA,NA,NA,NA
NA,NA,NA,NA,NA,NA,NA,NA,NA,NA
NA,NA,NA,NA,NA,NA,NA,NA,NA,NA
NA,NA,NA,NA,NA,NA,NA,NA,NA,NA
NA,NA,NA,NA,NA,NA,NA,NA,NA,NA
NA,NA,NA,NA,NA,NA,NA,NA,NA,NA
NA,NA,NA,NA,NA,NA,NA,NA,NA,NA
NA,NA,NA,NA,NA,NA,NA,NA,NA,NA
NA,NA,NA,NA,NA,NA,NA,NA,NA,NA
NA,NA,NA,NA,NA,NA,NA,NA,NA,NA
NA,NA,NA,NA,NA,NA,NA,NA,NA,NA
NA,NA,NA,NA,NA,NA,NA,NA,NA,NA
NA,NA,NA,NA,NA,NA,NA,NA,NA,NA
NA,NA,NA,NA,NA,NA,NA,NA,NA,NA
NA,NA,NA,NA,NA,NA,NA,NA,NA,NA
NA,NA,NA,NA,NA,NA,NA,NA,NA,NA
NA,NA,NA,NA,NA,NA,NA,NA,NA,NA
NA,NA,NA,NA,NA,NA,NA,NA,NA,NA
NA,NA,NA,NA,NA,NA,NA,NA,NA,NA
NA,NA,NA,NA,NA,NA,NA,NA,NA,NA
NA,NA,NA,NA,NA,NA,NA,NA,NA,NA
NA,NA,NA,NA,NA,NA,NA,NA,NA,NA
NA,NA,NA,NA,NA,NA,NA,NA,NA,NA
NA,NA,NA,NA,NA,NA,NA,NA,NA,NA
NA,NA,NA,NA,NA,NA,NA,NA,NA,NA
NA,NA,NA,NA,NA,NA,NA,NA,NA,NA
NA,NA,NA,NA,NA,NA,NA,NA,NA,NA
NA,NA,NA,NA,NA,NA,NA,NA,NA,NA
NA,NA,NA,NA,NA,NA,NA,NA,NA,NA
NA,NA,NA,NA,NA,NA,NA,NA,NA,NA
NA,NA,NA,NA,NA,NA,NA,NA,NA,NA
NA,NA,NA,NA,NA,NA,NA,NA,NA,NA
NA,NA,NA,NA,NA,NA,NA,NA,NA,NA
NA,NA,NA,NA,NA,NA,NA,NA,NA,NA
NA,NA,NA,NA,NA,NA,NA,NA,NA,NA
NA,NA,NA,NA,NA,NA,NA,NA,NA,NA
NA,NA,NA,NA,NA,NA,NA,NA,NA,NA
NA,NA,NA,NA,NA,NA,NA,NA,NA,NA
NA,NA,NA,NA,NA,NA,NA,NA,NA,NA
NA,NA,NA,NA,NA,NA,NA,NA,NA,NA
NA,NA,NA,NA,NA,NA,NA,NA,NA,NA
NA,NA,NA,NA,NA,NA,NA,NA,NA,NA
NA,NA,NA,NA,NA,NA,NA,NA,NA,NA
NA,NA,NA,NA,NA,NA,NA,NA,NA,NA
NA,NA,NA,NA,NA,NA,NA,NA,NA,NA
NA,NA,NA,NA,NA,NA,NA,NA,NA,NA
NA,NA,NA,NA,NA,NA,NA,NA,NA,NA
NA,NA,NA,NA,NA,NA,NA,NA,NA,NA
NA,NA,NA,NA,NA,NA,NA,NA,NA,NA
NA,NA,NA,NA,NA,NA,NA,NA,NA,NA
NA,NA,NA,NA,NA,NA,NA,NA,NA,NA
NA,NA,NA,NA,NA,NA,NA,NA,NA,NA
NA,NA,NA,NA,NA,NA,NA,NA,NA,NA
NA,NA,NA,NA,NA,NA,NA,NA,NA,NA
NA,NA,NA,NA,NA,NA,NA,NA,NA,NA
NA,NA,NA,NA,NA,NA,NA,NA,NA,NA
NA,NA,NA,NA,NA,NA,NA,NA,NA,NA
NA,NA,NA,NA,NA,NA,NA,NA,NA,NA
NA,NA,NA,NA,NA,NA,NA,NA,NA,NA
NA,NA,NA,NA,NA,NA,NA,NA,NA,NA
NA,NA,NA,NA,NA,NA,NA,NA,NA,NA
NA,NA,NA,NA,NA,NA,NA,NA,NA,NA
NA,NA,NA,NA,NA,NA,NA,NA,NA,NA
NA,NA,NA,NA,NA,NA,NA,NA,NA,NA
NA,NA,NA,NA,NA,NA,NA,NA,NA,NA
NA,NA,NA,NA,NA,NA,NA,NA,NA,NA
NA,NA,NA,NA,NA,NA,NA,NA,NA,NA
NA,NA,NA,NA,NA,NA,NA,NA,NA,NA
NA,NA,NA,NA,NA,NA,NA,NA,NA,NA
NA,NA,NA,NA,NA,NA,NA,NA,NA,NA
NA,NA,NA,NA,NA,NA,NA,NA,NA,NA
NA,NA,NA,NA,NA,NA,NA,NA,NA,NA
NA,NA,NA,NA,NA,NA,NA,NA,NA,NA
NA,NA,NA,NA,NA,NA,NA,NA,NA,NA
NA,NA,NA,NA,NA,NA,NA,NA,NA,NA
NA,NA,NA,NA,NA,NA,NA,NA,NA,NA
NA,NA,NA,NA,NA,NA,NA,NA,NA,NA
NA,NA,NA,NA,NA,NA,NA,NA,NA,NA
NA,NA,NA,NA,NA,NA,NA,NA,NA,NA
NA,NA,NA,NA,NA,NA,NA,NA,NA,NA
NA,NA,NA,NA,NA,NA,NA,NA,NA,NA
NA,NA,NA,NA,NA,NA,NA,NA,NA,NA
NA,NA,NA,NA,NA,NA,NA,NA,NA,NA
NA,NA,NA,NA,NA,NA,NA,NA,NA,NA
NA,NA,NA,NA,NA,NA,NA,NA,NA,NA
NA,NA,NA,NA,NA,NA,NA,NA,NA,NA
NA,NA,NA,NA,NA,NA,NA,NA,NA,NA
NA,NA,NA,NA,NA,NA,NA,NA,NA,NA
NA,NA,NA,NA,NA,NA,NA,NA,NA,NA
NA,NA,NA,NA,NA,NA,NA,NA,NA,NA
NA,NA,NA,NA,NA,NA,NA,NA,NA,NA
NA,NA,NA,NA,NA,NA,NA,NA,NA,NA
NA,NA,NA,NA,NA,NA,NA,NA,NA,NA
NA,NA,NA,NA,NA,NA,NA,NA,NA,NA
NA,NA,NA,NA,NA,NA,NA,NA,NA,NA
NA,NA,NA,NA,NA,NA,NA,NA,NA,NA
NA,NA,NA,NA,NA,NA,NA,NA,NA,NA
NA,NA,NA,NA,NA,NA,NA,NA,NA,NA
NA,NA,NA,NA,NA,NA,NA,NA,NA,NA
NA,NA,NA,NA,NA,NA,NA,NA,NA,NA
NA,NA,NA,NA,NA,NA,NA,NA,NA,NA
NA,NA,NA,NA,NA,NA,NA,NA,NA,NA
NA,NA,NA,NA,NA,NA,NA,NA,NA,NA
NA,NA,NA,NA,NA,NA,NA,NA,NA,NA
NA,NA,NA,NA,NA,NA,NA,NA,NA,NA
NA,NA,NA,NA,NA,NA,NA,NA,NA,NA
NA,NA,NA,NA,NA,NA,NA,NA,NA,NA
NA,NA,NA,NA,NA,NA,NA,NA,NA,NA
NA,NA,NA,NA,NA,NA,NA,NA,NA,NA
NA,NA,NA,NA,NA,NA,NA,NA,NA,NA
NA,NA,NA,NA,NA,NA,NA,NA,NA,NA
NA,NA,NA,NA,NA,NA,NA,NA,NA,NA
NA,NA,NA,NA,NA,NA,NA,NA,NA,NA
NA,NA,NA,NA,NA,NA,NA,NA,NA,NA
NA,NA,NA,NA,NA,NA,NA,NA,NA,NA
NA,NA,NA,NA,NA,NA,NA,NA,NA,NA
NA,NA,NA,NA,NA,NA,NA,NA,NA,NA
NA,NA,NA,NA,NA,NA,NA,NA,NA,NA
NA,NA,NA,NA,NA,NA,NA,NA,NA,NA
NA,NA,NA,NA,NA,NA,NA,NA,NA,NA
NA,NA,NA,NA,NA,NA,NA,NA,NA,NA
NA,NA,NA,NA,NA,NA,NA,NA,NA,NA
NA,NA,NA,NA,NA,NA,NA,NA,NA,NA
NA,NA,NA,NA,NA,NA,NA,NA,NA,NA
NA,NA,NA,NA,NA,NA,NA,NA,NA,NA
NA,NA,NA,NA,NA,NA,NA,NA,NA,NA
NA,NA,NA,NA,NA,NA,NA,NA,NA,NA
NA,NA,NA,NA,NA,NA,NA,NA,NA,NA
NA,NA,NA,NA,NA,NA,NA,NA,NA,NA
NA,NA,NA,NA,NA,NA,NA,NA,NA,NA
NA,NA,NA,NA,NA,NA,NA,NA,NA,NA
NA,NA,NA,NA,NA,NA,NA,NA,NA,NA
NA,NA,NA,NA,NA,NA,NA,NA,NA,NA
NA,NA,NA,NA,NA,NA,NA,NA,NA,NA
NA,NA,NA,NA,NA,NA,NA,NA,NA,NA
NA,NA,NA,NA,NA,NA,NA,NA,NA,NA
NA,NA,NA,NA,NA,NA,NA,NA,NA,NA
NA,NA,NA,NA,NA,NA,NA,NA,NA,NA
NA,NA,NA,NA,NA,NA,NA,NA,NA,NA
NA,NA,NA,NA,NA,NA,NA,NA,NA,NA
NA,NA,NA,NA,NA,NA,NA,NA,NA,NA
NA,NA,NA,NA,NA,NA,NA,NA,NA,NA
NA,NA,NA,NA,NA,NA,NA,NA,NA,NA
NA,NA,NA,NA,NA,NA,NA,NA,NA,NA
NA,NA,NA,NA,NA,NA,NA,NA,NA,NA
NA,NA,NA,NA,NA,NA,NA,NA,NA,NA
NA,NA,NA,NA,NA,NA,NA,NA,NA,NA
NA,NA,NA,NA,NA,NA,NA,NA,NA,NA
NA,NA,NA,NA,NA,NA,NA,NA,NA,NA
NA,NA,NA,NA,NA,NA,NA,NA,NA,NA
NA,NA,NA,NA,NA,NA,NA,NA,NA,NA
NA,NA,NA,NA,NA,NA,NA,NA,NA,NA
NA,NA,NA,NA,NA,NA,NA,NA,NA,NA
NA,NA,NA,NA,NA,NA,NA,NA,NA,NA
NA,NA,NA,NA,NA,NA,NA,NA,NA,NA
NA,NA,NA,NA,NA,NA,NA,NA,NA,NA
NA,NA,NA,NA,NA,NA,NA,NA,NA,NA
NA,NA,NA,NA,NA,NA,NA,NA,NA,NA
NA,NA,NA,NA,NA,NA,NA,NA,NA,NA
NA,NA,NA,NA,NA,NA,NA,NA,NA,NA
NA,NA,NA,NA,NA,NA,NA,NA,NA,NA
NA,NA,NA,NA,NA,NA,NA,NA,NA,NA
NA,NA,NA,NA,NA,NA,NA,NA,NA,NA
NA,NA,NA,NA,NA,NA,NA,NA,NA,NA
NA,NA,NA,NA,NA,NA,NA,NA,NA,NA
NA,NA,NA,NA,NA,NA,NA,NA,NA,NA
NA,NA,NA,NA,NA,NA,NA,NA,NA,NA
NA,NA,NA,NA,NA,NA,NA,NA,NA,NA
NA,NA,NA,NA,NA,NA,NA,NA,NA,NA
NA,NA,NA,NA,NA,NA,NA,NA,NA,NA
NA,NA,NA,NA,NA,NA,NA,NA,NA,NA
NA,NA,NA,NA,NA,NA,NA,NA,NA,NA
NA,NA,NA,NA,NA,NA,NA,NA,NA,NA
NA,NA,NA,NA,NA,NA,NA,NA,NA,NA
NA,NA,NA,NA,NA,NA,NA,NA,NA,NA
NA,NA,NA,NA,NA,NA,NA,NA,NA,NA
NA,NA,NA,NA,NA,NA,NA,NA,NA,NA
NA,NA,NA,NA,NA,NA,NA,NA,NA,NA
NA,NA,NA,NA,NA,NA,NA,NA,NA,NA
NA,NA,NA,NA,NA,NA,NA,NA,NA,NA
NA,NA,NA,NA,NA,NA,NA,NA,NA,NA
NA,NA,NA,NA,NA,NA,NA,NA,NA,NA
NA,NA,NA,NA,NA,NA,NA,NA,NA,NA
NA,NA,NA,NA,NA,NA,NA,NA,NA,NA
NA,NA,NA,NA,NA,NA,NA,NA,NA,NA
NA,NA,NA,NA,NA,NA,NA,NA,NA,NA
NA,NA,NA,NA,NA,NA,NA,NA,NA,NA
NA,NA,NA,NA,NA,NA,NA,NA,NA,NA
NA,NA,NA,NA,NA,NA,NA,NA,NA,NA
NA,NA,NA,NA,NA,NA,NA,NA,NA,NA
NA,NA,NA,NA,NA,NA,NA,NA,NA,NA
NA,NA,NA,NA,NA,NA,NA,NA,NA,NA
NA,NA,NA,NA,NA,NA,NA,NA,NA,NA
NA,NA,NA,NA,NA,NA,NA,NA,NA,NA
NA,NA,NA,NA,NA,NA,NA,NA,NA,NA
NA,NA,NA,NA,NA,NA,NA,NA,NA,NA
NA,NA,NA,NA,NA,NA,NA,NA,NA,NA
NA,NA,NA,NA,NA,NA,NA,NA,NA,NA
NA,NA,NA,NA,NA,NA,NA,NA,NA,NA
NA,NA,NA,NA,NA,NA,NA,NA,NA,NA
NA,NA,NA,NA,NA,NA,NA,NA,NA,NA
NA,NA,NA,NA,NA,NA,NA,NA,NA,NA
NA,NA,NA,NA,NA,NA,NA,NA,NA,NA
NA,NA,NA,NA,NA,NA,NA,NA,NA,NA
NA,NA,NA,NA,NA,NA,NA,NA,NA,NA
NA,NA,NA,NA,NA,NA,NA,NA,NA,NA
NA,NA,NA,NA,NA,NA,NA,NA,NA,NA
NA,NA,NA,NA,NA,NA,NA,NA,NA,NA
NA,NA,NA,NA,NA,NA,NA,NA,NA,NA
NA,NA,NA,NA,NA,NA,NA,NA,NA,NA
NA,NA,NA,NA,NA,NA,NA,NA,NA,NA
NA,NA,NA,NA,NA,NA,NA,NA,NA,NA
NA,NA,NA,NA,NA,NA,NA,NA,NA,NA
NA,NA,NA,NA,NA,NA,NA,NA,NA,NA
NA,NA,NA,NA,NA,NA,NA,NA,NA,NA
NA,NA,NA,NA,NA,NA,NA,NA,NA,NA
NA,NA,NA,NA,NA,NA,NA,NA,NA,NA
NA,NA,NA,NA,NA,NA,NA,NA,NA,NA
NA,NA,NA,NA,NA,NA,NA,NA,NA,NA
NA,NA,NA,NA,NA,NA,NA,NA,NA,NA
NA,NA,NA,NA,NA,NA,NA,NA,NA,NA
NA,NA,NA,NA,NA,NA,NA,NA,NA,NA
NA,NA,NA,NA,NA,NA,NA,NA,NA,NA
NA,NA,NA,NA,NA,NA,NA,NA,NA,NA
NA,NA,NA,NA,NA,NA,NA,NA,NA,NA
NA,NA,NA,NA,NA,NA,NA,NA,NA,NA
NA,NA,NA,NA,NA,NA,NA,NA,NA,NA
NA,NA,NA,NA,NA,NA,NA,NA,NA,NA
NA,NA,NA,NA,NA,NA,NA,NA,NA,NA
NA,NA,NA,NA,NA,NA,NA,NA,NA,NA
NA,NA,NA,NA,NA,NA,NA,NA,NA,NA
NA,NA,NA,NA,NA,NA,NA,NA,NA,NA
NA,NA,NA,NA,NA,NA,NA,NA,NA,NA
NA,NA,NA,NA,NA,NA,NA,NA,NA,NA
NA,NA,NA,NA,NA,NA,NA,NA,NA,NA
NA,NA,NA,NA,NA,NA,NA,NA,NA,NA
NA,NA,NA,NA,NA,NA,NA,NA,NA,NA
NA,NA,NA,NA,NA,NA,NA,NA,NA,NA
NA,NA,NA,NA,NA,NA,NA,NA,NA,NA
NA,NA,NA,NA,NA,NA,NA,NA,NA,NA
NA,NA,NA,NA,NA,NA,NA,NA,NA,NA
NA,NA,NA,NA,NA,NA,NA,NA,NA,NA
NA,NA,NA,NA,NA,NA,NA,NA,NA,NA
NA,NA,NA,NA,NA,NA,NA,NA,NA,NA
NA,NA,NA,NA,NA,NA,NA,NA,NA,NA
NA,NA,NA,NA,NA,NA,NA,NA,NA,NA
NA,NA,NA,NA,NA,NA,NA,NA,NA,NA
NA,NA,NA,NA,NA,NA,NA,NA,NA,NA
NA,NA,NA,NA,NA,NA,NA,NA,NA,NA
NA,NA,NA,NA,NA,NA,NA,NA,NA,NA
NA,NA,NA,NA,NA,NA,NA,NA,NA,NA
NA,NA,NA,NA,NA,NA,NA,NA,NA,NA
NA,NA,NA,NA,NA,NA,NA,NA,NA,NA
NA,NA,NA,NA,NA,NA,NA,NA,NA,NA
NA,NA,NA,NA,NA,NA,NA,NA,NA,NA
NA,NA,NA,NA,NA,NA,NA,NA,NA,NA
NA,NA,NA,NA,NA,NA,NA,NA,NA,NA
NA,NA,NA,NA,NA,NA,NA,NA,NA,NA
NA,NA,NA,NA,NA,NA,NA,NA,NA,NA
NA,NA,NA,NA,NA,NA,NA,NA,NA,NA
NA,NA,NA,NA,NA,NA,NA,NA,NA,NA
NA,NA,NA,NA,NA,NA,NA,NA,NA,NA
NA,NA,NA,NA,NA,NA,NA,NA,NA,NA
NA,NA,NA,NA,NA,NA,NA,NA,NA,NA
NA,NA,NA,NA,NA,NA,NA,NA,NA,NA
NA,NA,NA,NA,NA,NA,NA,NA,NA,NA
NA,NA,NA,NA,NA,NA,NA,NA,NA,NA
NA,NA,NA,NA,NA,NA,NA,NA,NA,NA
NA,NA,NA,NA,NA,NA,NA,NA,NA,NA
NA,NA,NA,NA,NA,NA,NA,NA,NA,NA
NA,NA,NA,NA,NA,NA,NA,NA,NA,NA
NA,NA,NA,NA,NA,NA,NA,NA,NA,NA
NA,NA,NA,NA,NA,NA,NA,NA,NA,NA
NA,NA,NA,NA,NA,NA,NA,NA,NA,NA
NA,NA,NA,NA,NA,NA,NA,NA,NA,NA
NA,NA,NA,NA,NA,NA,NA,NA,NA,NA
NA,NA,NA,NA,NA,NA,NA,NA,NA,NA
NA,NA,NA,NA,NA,NA,NA,NA,NA,NA
NA,NA,NA,NA,NA,NA,NA,NA,NA,NA
NA,NA,NA,NA,NA,NA,NA,NA,NA,NA
NA,NA,NA,NA,NA,NA,NA,NA,NA,NA
NA,NA,NA,NA,NA,NA,NA,NA,NA,NA
NA,NA,NA,NA,NA,NA,NA,NA,NA,NA
NA,NA,NA,NA,NA,NA,NA,NA,NA,NA
NA,NA,NA,NA,NA,NA,NA,NA,NA,NA
NA,NA,NA,NA,NA,NA,NA,NA,NA,NA
NA,NA,NA,NA,NA,NA,NA,NA,NA,NA
NA,NA,NA,NA,NA,NA,NA,NA,NA,NA
NA,NA,NA,NA,NA,NA,NA,NA,NA,NA
NA,NA,NA,NA,NA,NA,NA,NA,NA,NA
NA,NA,NA,NA,NA,NA,NA,NA,NA,NA
NA,NA,NA,NA,NA,NA,NA,NA,NA,NA
NA,NA,NA,NA,NA,NA,NA,NA,NA,NA
NA,NA,NA,NA,NA,NA,NA,NA,NA,NA
NA,NA,NA,NA,NA,NA,NA,NA,NA,NA
NA,NA,NA,NA,NA,NA,NA,NA,NA,NA
