X1,parameter,site,site_id,subsite,subsite_id,series,series_id,lat,lon,depth,serial_num,from_date,thru_date,time,uncal_val,cal_val,qc_val,qc_flag,parameter_id,date,mean_SST
0,Water Temperature,Scott Reef,1098,SCOTT_SL4,3992,SCOTT_SL4,3992,-14.0237,121.8604,9,SST-6380,2008-03-14,2008-10-16,2008-03-15T00:10:52Z,NA,29.7644,29.7644,1,1,2008-03-15,29.910225
24,Water Temperature,Scott Reef,1098,SCOTT_SL4,3992,SCOTT_SL4,3992,-14.0237,121.8604,9,SST-6380,2008-03-14,2008-10-16,2008-03-16T00:10:52Z,NA,29.6252,29.6252,1,1,2008-03-16,29.893658333333335
48,Water Temperature,Scott Reef,1098,SCOTT_SL4,3992,SCOTT_SL4,3992,-14.0237,121.8604,9,SST-6380,2008-03-14,2008-10-16,2008-03-17T00:10:52Z,NA,29.5457,29.5457,1,1,2008-03-17,30.096658333333334
72,Water Temperature,Scott Reef,1098,SCOTT_SL4,3992,SCOTT_SL4,3992,-14.0237,121.8604,9,SST-6380,2008-03-14,2008-10-16,2008-03-18T00:10:52Z,NA,30.2019,30.2019,1,1,2008-03-18,30.069325
96,Water Temperature,Scott Reef,1098,SCOTT_SL4,3992,SCOTT_SL4,3992,-14.0237,121.8604,9,SST-6380,2008-03-14,2008-10-16,2008-03-19T00:10:52Z,NA,29.9036,29.9036,1,1,2008-03-19,30.391629166666668
120,Water Temperature,Scott Reef,1098,SCOTT_SL4,3992,SCOTT_SL4,3992,-14.0237,121.8604,9,SST-6380,2008-03-14,2008-10-16,2008-03-20T00:10:52Z,NA,30.2814,30.2814,1,1,2008-03-20,30.3477125
144,Water Temperature,Scott Reef,1098,SCOTT_SL4,3992,SCOTT_SL4,3992,-14.0237,121.8604,9,SST-6380,2008-03-14,2008-10-16,2008-03-21T00:10:52Z,NA,30.182,30.182,1,1,2008-03-21,30.563975
168,Water Temperature,Scott Reef,1098,SCOTT_SL4,3992,SCOTT_SL4,3992,-14.0237,121.8604,9,SST-6380,2008-03-14,2008-10-16,2008-03-22T00:10:52Z,NA,30.4604,30.4604,1,1,2008-03-22,30.643520833333334
192,Water Temperature,Scott Reef,1098,SCOTT_SL4,3992,SCOTT_SL4,3992,-14.0237,121.8604,9,SST-6380,2008-03-14,2008-10-16,2008-03-23T00:10:52Z,NA,30.4803,30.4803,1,1,2008-03-23,30.472841666666667
216,Water Temperature,Scott Reef,1098,SCOTT_SL4,3992,SCOTT_SL4,3992,-14.0237,121.8604,9,SST-6380,2008-03-14,2008-10-16,2008-03-24T00:10:52Z,NA,30.6195,30.6195,1,1,2008-03-24,30.863079166666665
240,Water Temperature,Scott Reef,1098,SCOTT_SL4,3992,SCOTT_SL4,3992,-14.0237,121.8604,9,SST-6380,2008-03-14,2008-10-16,2008-03-25T00:10:52Z,NA,30.7189,30.7189,1,1,2008-03-25,30.707308333333334
264,Water Temperature,Scott Reef,1098,SCOTT_SL4,3992,SCOTT_SL4,3992,-14.0237,121.8604,9,SST-6380,2008-03-14,2008-10-16,2008-03-26T00:10:52Z,NA,30.6394,30.6394,1,1,2008-03-26,30.747091666666666
288,Water Temperature,Scott Reef,1098,SCOTT_SL4,3992,SCOTT_SL4,3992,-14.0237,121.8604,9,SST-6380,2008-03-14,2008-10-16,2008-03-27T00:10:52Z,NA,30.6791,30.6791,1,1,2008-03-27,30.911129166666665
312,Water Temperature,Scott Reef,1098,SCOTT_SL4,3992,SCOTT_SL4,3992,-14.0237,121.8604,9,SST-6380,2008-03-14,2008-10-16,2008-03-28T00:10:52Z,NA,30.9575,30.9575,1,1,2008-03-28,30.9815625
336,Water Temperature,Scott Reef,1098,SCOTT_SL4,3992,SCOTT_SL4,3992,-14.0237,121.8604,9,SST-6380,2008-03-14,2008-10-16,2008-03-29T00:10:52Z,NA,30.8183,30.8183,1,1,2008-03-29,30.860595833333335
360,Water Temperature,Scott Reef,1098,SCOTT_SL4,3992,SCOTT_SL4,3992,-14.0237,121.8604,9,SST-6380,2008-03-14,2008-10-16,2008-03-30T00:10:52Z,NA,30.7388,30.7388,1,1,2008-03-30,30.806741666666667
384,Water Temperature,Scott Reef,1098,SCOTT_SL4,3992,SCOTT_SL4,3992,-14.0237,121.8604,9,SST-6380,2008-03-14,2008-10-16,2008-03-31T00:10:52Z,NA,30.5002,30.5002,1,1,2008-03-31,30.789325
408,Water Temperature,Scott Reef,1098,SCOTT_SL4,3992,SCOTT_SL4,3992,-14.0237,121.8604,9,SST-6380,2008-03-14,2008-10-16,2008-04-01T00:10:52Z,NA,30.4803,30.4803,1,1,2008-04-01,30.816675
432,Water Temperature,Scott Reef,1098,SCOTT_SL4,3992,SCOTT_SL4,3992,-14.0237,121.8604,9,SST-6380,2008-03-14,2008-10-16,2008-04-02T00:10:52Z,NA,30.6791,30.6791,1,1,2008-04-02,31.00725
456,Water Temperature,Scott Reef,1098,SCOTT_SL4,3992,SCOTT_SL4,3992,-14.0237,121.8604,9,SST-6380,2008-03-14,2008-10-16,2008-04-03T00:10:52Z,NA,30.878,30.878,1,1,2008-04-03,31.177925
480,Water Temperature,Scott Reef,1098,SCOTT_SL4,3992,SCOTT_SL4,3992,-14.0237,121.8604,9,SST-6380,2008-03-14,2008-10-16,2008-04-04T00:10:52Z,NA,31.0768,31.0768,1,1,2008-04-04,31.1348375
504,Water Temperature,Scott Reef,1098,SCOTT_SL4,3992,SCOTT_SL4,3992,-14.0237,121.8604,9,SST-6380,2008-03-14,2008-10-16,2008-04-05T00:10:52Z,NA,30.8382,30.8382,1,1,2008-04-05,30.5159125
528,Water Temperature,Scott Reef,1098,SCOTT_SL4,3992,SCOTT_SL4,3992,-14.0237,121.8604,9,SST-6380,2008-03-14,2008-10-16,2008-04-06T00:10:52Z,NA,30.5201,30.5201,1,1,2008-04-06,30.876329166666668
552,Water Temperature,Scott Reef,1098,SCOTT_SL4,3992,SCOTT_SL4,3992,-14.0237,121.8604,9,SST-6380,2008-03-14,2008-10-16,2008-04-07T00:10:52Z,NA,30.8183,30.8183,1,1,2008-04-07,30.761166666666668
576,Water Temperature,Scott Reef,1098,SCOTT_SL4,3992,SCOTT_SL4,3992,-14.0237,121.8604,9,SST-6380,2008-03-14,2008-10-16,2008-04-08T00:10:52Z,NA,30.6394,30.6394,1,1,2008-04-08,30.805904166666668
600,Water Temperature,Scott Reef,1098,SCOTT_SL4,3992,SCOTT_SL4,3992,-14.0237,121.8604,9,SST-6380,2008-03-14,2008-10-16,2008-04-09T00:10:52Z,NA,30.9973,30.9973,1,1,2008-04-09,30.964983333333333
624,Water Temperature,Scott Reef,1098,SCOTT_SL4,3992,SCOTT_SL4,3992,-14.0237,121.8604,9,SST-6380,2008-03-14,2008-10-16,2008-04-10T00:10:52Z,NA,30.9178,30.9178,1,1,2008-04-10,31.100041666666666
648,Water Temperature,Scott Reef,1098,SCOTT_SL4,3992,SCOTT_SL4,3992,-14.0237,121.8604,9,SST-6380,2008-03-14,2008-10-16,2008-04-11T00:10:52Z,NA,31.0371,31.0371,1,1,2008-04-11,31.199470833333333
672,Water Temperature,Scott Reef,1098,SCOTT_SL4,3992,SCOTT_SL4,3992,-14.0237,121.8604,9,SST-6380,2008-03-14,2008-10-16,2008-04-12T00:10:52Z,NA,31.1763,31.1763,1,1,2008-04-12,31.394179166666667
696,Water Temperature,Scott Reef,1098,SCOTT_SL4,3992,SCOTT_SL4,3992,-14.0237,121.8604,9,SST-6380,2008-03-14,2008-10-16,2008-04-13T00:10:52Z,NA,31.057,31.057,1,1,2008-04-13,31.441404166666665
720,Water Temperature,Scott Reef,1098,SCOTT_SL4,3992,SCOTT_SL4,3992,-14.0237,121.8604,9,SST-6380,2008-03-14,2008-10-16,2008-04-14T00:10:52Z,NA,31.0172,31.0172,1,1,2008-04-14,31.409920833333334
744,Water Temperature,Scott Reef,1098,SCOTT_SL4,3992,SCOTT_SL4,3992,-14.0237,121.8604,9,SST-6380,2008-03-14,2008-10-16,2008-04-15T00:10:52Z,NA,31.395,31.395,1,1,2008-04-15,31.497745833333333
768,Water Temperature,Scott Reef,1098,SCOTT_SL4,3992,SCOTT_SL4,3992,-14.0237,121.8604,9,SST-6380,2008-03-14,2008-10-16,2008-04-16T00:10:52Z,NA,31.4348,31.4348,1,1,2008-04-16,31.42235833333333
792,Water Temperature,Scott Reef,1098,SCOTT_SL4,3992,SCOTT_SL4,3992,-14.0237,121.8604,9,SST-6380,2008-03-14,2008-10-16,2008-04-17T00:10:52Z,NA,31.3552,31.3552,1,1,2008-04-17,31.352745833333334
816,Water Temperature,Scott Reef,1098,SCOTT_SL4,3992,SCOTT_SL4,3992,-14.0237,121.8604,9,SST-6380,2008-03-14,2008-10-16,2008-04-18T00:10:52Z,NA,31.2359,31.2359,1,1,2008-04-18,31.253325
840,Water Temperature,Scott Reef,1098,SCOTT_SL4,3992,SCOTT_SL4,3992,-14.0237,121.8604,9,SST-6380,2008-03-14,2008-10-16,2008-04-19T00:10:52Z,NA,31.1962,31.1962,1,1,2008-04-19,31.259133333333335
864,Water Temperature,Scott Reef,1098,SCOTT_SL4,3992,SCOTT_SL4,3992,-14.0237,121.8604,9,SST-6380,2008-03-14,2008-10-16,2008-04-20T00:10:52Z,NA,31.1564,31.1564,1,1,2008-04-20,31.203620833333336
888,Water Temperature,Scott Reef,1098,SCOTT_SL4,3992,SCOTT_SL4,3992,-14.0237,121.8604,9,SST-6380,2008-03-14,2008-10-16,2008-04-21T00:10:52Z,NA,31.0371,31.0371,1,1,2008-04-21,31.008904166666667
912,Water Temperature,Scott Reef,1098,SCOTT_SL4,3992,SCOTT_SL4,3992,-14.0237,121.8604,9,SST-6380,2008-03-14,2008-10-16,2008-04-22T00:10:52Z,NA,30.8382,30.8382,1,1,2008-04-22,30.906154166666667
936,Water Temperature,Scott Reef,1098,SCOTT_SL4,3992,SCOTT_SL4,3992,-14.0237,121.8604,9,SST-6380,2008-03-14,2008-10-16,2008-04-23T00:10:52Z,NA,30.699,30.699,1,1,2008-04-23,30.9219
960,Water Temperature,Scott Reef,1098,SCOTT_SL4,3992,SCOTT_SL4,3992,-14.0237,121.8604,9,SST-6380,2008-03-14,2008-10-16,2008-04-24T00:10:52Z,NA,30.7189,30.7189,1,1,2008-04-24,30.890425
984,Water Temperature,Scott Reef,1098,SCOTT_SL4,3992,SCOTT_SL4,3992,-14.0237,121.8604,9,SST-6380,2008-03-14,2008-10-16,2008-04-25T00:10:52Z,NA,30.6394,30.6394,1,1,2008-04-25,30.926054166666667
1008,Water Temperature,Scott Reef,1098,SCOTT_SL4,3992,SCOTT_SL4,3992,-14.0237,121.8604,9,SST-6380,2008-03-14,2008-10-16,2008-04-26T00:10:52Z,NA,30.5399,30.5399,1,1,2008-04-26,30.918595833333335
1032,Water Temperature,Scott Reef,1098,SCOTT_SL4,3992,SCOTT_SL4,3992,-14.0237,121.8604,9,SST-6380,2008-03-14,2008-10-16,2008-04-27T00:10:52Z,NA,30.6394,30.6394,1,1,2008-04-27,30.921079166666665
1056,Water Temperature,Scott Reef,1098,SCOTT_SL4,3992,SCOTT_SL4,3992,-14.0237,121.8604,9,SST-6380,2008-03-14,2008-10-16,2008-04-28T00:10:52Z,NA,30.5598,30.5598,1,1,2008-04-28,30.8697
1080,Water Temperature,Scott Reef,1098,SCOTT_SL4,3992,SCOTT_SL4,3992,-14.0237,121.8604,9,SST-6380,2008-03-14,2008-10-16,2008-04-29T00:10:52Z,NA,30.5002,30.5002,1,1,2008-04-29,30.859770833333332
1104,Water Temperature,Scott Reef,1098,SCOTT_SL4,3992,SCOTT_SL4,3992,-14.0237,121.8604,9,SST-6380,2008-03-14,2008-10-16,2008-04-30T00:10:52Z,NA,30.7984,30.7984,1,1,2008-04-30,30.902845833333334
1128,Water Temperature,Scott Reef,1098,SCOTT_SL4,3992,SCOTT_SL4,3992,-14.0237,121.8604,9,SST-6380,2008-03-14,2008-10-16,2008-05-01T00:10:52Z,NA,30.6195,30.6195,1,1,2008-05-01,30.925220833333334
1152,Water Temperature,Scott Reef,1098,SCOTT_SL4,3992,SCOTT_SL4,3992,-14.0237,121.8604,9,SST-6380,2008-03-14,2008-10-16,2008-05-02T00:10:52Z,NA,30.8581,30.8581,1,1,2008-05-02,30.76365
1176,Water Temperature,Scott Reef,1098,SCOTT_SL4,3992,SCOTT_SL4,3992,-14.0237,121.8604,9,SST-6380,2008-03-14,2008-10-16,2008-05-03T00:10:52Z,NA,30.8183,30.8183,1,1,2008-05-03,30.875504166666666
1200,Water Temperature,Scott Reef,1098,SCOTT_SL4,3992,SCOTT_SL4,3992,-14.0237,121.8604,9,SST-6380,2008-03-14,2008-10-16,2008-05-04T00:10:52Z,NA,30.7984,30.7984,1,1,2008-05-04,30.852308333333333
1224,Water Temperature,Scott Reef,1098,SCOTT_SL4,3992,SCOTT_SL4,3992,-14.0237,121.8604,9,SST-6380,2008-03-14,2008-10-16,2008-05-05T00:10:52Z,NA,30.7587,30.7587,1,1,2008-05-05,30.7777375
1248,Water Temperature,Scott Reef,1098,SCOTT_SL4,3992,SCOTT_SL4,3992,-14.0237,121.8604,9,SST-6380,2008-03-14,2008-10-16,2008-05-06T00:10:52Z,NA,30.699,30.699,1,1,2008-05-06,30.699029166666666
1272,Water Temperature,Scott Reef,1098,SCOTT_SL4,3992,SCOTT_SL4,3992,-14.0237,121.8604,9,SST-6380,2008-03-14,2008-10-16,2008-05-07T00:10:52Z,NA,30.7189,30.7189,1,1,2008-05-07,30.660916666666665
1296,Water Temperature,Scott Reef,1098,SCOTT_SL4,3992,SCOTT_SL4,3992,-14.0237,121.8604,9,SST-6380,2008-03-14,2008-10-16,2008-05-08T00:10:52Z,NA,30.5201,30.5201,1,1,2008-05-08,30.639366666666668
1320,Water Temperature,Scott Reef,1098,SCOTT_SL4,3992,SCOTT_SL4,3992,-14.0237,121.8604,9,SST-6380,2008-03-14,2008-10-16,2008-05-09T00:10:52Z,NA,30.2019,30.2019,1,1,2008-05-09,30.669195833333333
1344,Water Temperature,Scott Reef,1098,SCOTT_SL4,3992,SCOTT_SL4,3992,-14.0237,121.8604,9,SST-6380,2008-03-14,2008-10-16,2008-05-10T00:10:52Z,NA,30.2417,30.2417,1,1,2008-05-10,30.430570833333334
1368,Water Temperature,Scott Reef,1098,SCOTT_SL4,3992,SCOTT_SL4,3992,-14.0237,121.8604,9,SST-6380,2008-03-14,2008-10-16,2008-05-11T00:10:52Z,NA,29.8837,29.8837,1,1,2008-05-11,30.199408333333334
1392,Water Temperature,Scott Reef,1098,SCOTT_SL4,3992,SCOTT_SL4,3992,-14.0237,121.8604,9,SST-6380,2008-03-14,2008-10-16,2008-05-12T00:10:52Z,NA,29.8042,29.8042,1,1,2008-05-12,30.262383333333332
1416,Water Temperature,Scott Reef,1098,SCOTT_SL4,3992,SCOTT_SL4,3992,-14.0237,121.8604,9,SST-6380,2008-03-14,2008-10-16,2008-05-13T00:10:52Z,NA,29.665,29.665,1,1,2008-05-13,30.326166666666666
1440,Water Temperature,Scott Reef,1098,SCOTT_SL4,3992,SCOTT_SL4,3992,-14.0237,121.8604,9,SST-6380,2008-03-14,2008-10-16,2008-05-14T00:10:52Z,NA,30.0428,30.0428,1,1,2008-05-14,30.280608333333333
1464,Water Temperature,Scott Reef,1098,SCOTT_SL4,3992,SCOTT_SL4,3992,-14.0237,121.8604,9,SST-6380,2008-03-14,2008-10-16,2008-05-15T00:10:52Z,NA,30.2814,30.2814,1,1,2008-05-15,30.342745833333332
1488,Water Temperature,Scott Reef,1098,SCOTT_SL4,3992,SCOTT_SL4,3992,-14.0237,121.8604,9,SST-6380,2008-03-14,2008-10-16,2008-05-16T00:10:52Z,NA,30.4206,30.4206,1,1,2008-05-16,30.4082
1512,Water Temperature,Scott Reef,1098,SCOTT_SL4,3992,SCOTT_SL4,3992,-14.0237,121.8604,9,SST-6380,2008-03-14,2008-10-16,2008-05-17T00:10:52Z,NA,30.361,30.361,1,1,2008-05-17,30.40405416666667
1536,Water Temperature,Scott Reef,1098,SCOTT_SL4,3992,SCOTT_SL4,3992,-14.0237,121.8604,9,SST-6380,2008-03-14,2008-10-16,2008-05-18T00:10:52Z,NA,30.3809,30.3809,1,1,2008-05-18,30.341916666666666
1560,Water Temperature,Scott Reef,1098,SCOTT_SL4,3992,SCOTT_SL4,3992,-14.0237,121.8604,9,SST-6380,2008-03-14,2008-10-16,2008-05-19T00:10:52Z,NA,30.2615,30.2615,1,1,2008-05-19,30.170408333333334
1584,Water Temperature,Scott Reef,1098,SCOTT_SL4,3992,SCOTT_SL4,3992,-14.0237,121.8604,9,SST-6380,2008-03-14,2008-10-16,2008-05-20T00:10:52Z,NA,30.1621,30.1621,1,1,2008-05-20,30.028708333333334
1608,Water Temperature,Scott Reef,1098,SCOTT_SL4,3992,SCOTT_SL4,3992,-14.0237,121.8604,9,SST-6380,2008-03-14,2008-10-16,2008-05-21T00:10:52Z,NA,30.0826,30.0826,1,1,2008-05-21,30.007179166666667
1632,Water Temperature,Scott Reef,1098,SCOTT_SL4,3992,SCOTT_SL4,3992,-14.0237,121.8604,9,SST-6380,2008-03-14,2008-10-16,2008-05-22T00:10:52Z,NA,30.0428,30.0428,1,1,2008-05-22,29.937566666666665
1656,Water Temperature,Scott Reef,1098,SCOTT_SL4,3992,SCOTT_SL4,3992,-14.0237,121.8604,9,SST-6380,2008-03-14,2008-10-16,2008-05-23T00:10:52Z,NA,29.9036,29.9036,1,1,2008-05-23,29.909391666666668
1680,Water Temperature,Scott Reef,1098,SCOTT_SL4,3992,SCOTT_SL4,3992,-14.0237,121.8604,9,SST-6380,2008-03-14,2008-10-16,2008-05-24T00:10:52Z,NA,29.4661,29.4661,1,1,2008-05-24,29.7660625
1704,Water Temperature,Scott Reef,1098,SCOTT_SL4,3992,SCOTT_SL4,3992,-14.0237,121.8604,9,SST-6380,2008-03-14,2008-10-16,2008-05-25T00:10:52Z,NA,29.0684,29.0684,1,1,2008-05-25,29.603645833333335
1728,Water Temperature,Scott Reef,1098,SCOTT_SL4,3992,SCOTT_SL4,3992,-14.0237,121.8604,9,SST-6380,2008-03-14,2008-10-16,2008-05-26T00:10:52Z,NA,28.6906,28.6906,1,1,2008-05-26,29.553116666666668
1752,Water Temperature,Scott Reef,1098,SCOTT_SL4,3992,SCOTT_SL4,3992,-14.0237,121.8604,9,SST-6380,2008-03-14,2008-10-16,2008-05-27T00:10:52Z,NA,28.8894,28.8894,1,1,2008-05-27,29.527441666666668
1776,Water Temperature,Scott Reef,1098,SCOTT_SL4,3992,SCOTT_SL4,3992,-14.0237,121.8604,9,SST-6380,2008-03-14,2008-10-16,2008-05-28T00:10:52Z,NA,28.8298,28.8298,1,1,2008-05-28,29.224175
1800,Water Temperature,Scott Reef,1098,SCOTT_SL4,3992,SCOTT_SL4,3992,-14.0237,121.8604,9,SST-6380,2008-03-14,2008-10-16,2008-05-29T00:10:52Z,NA,28.3525,28.3525,1,1,2008-05-29,28.693041666666666
1824,Water Temperature,Scott Reef,1098,SCOTT_SL4,3992,SCOTT_SL4,3992,-14.0237,121.8604,9,SST-6380,2008-03-14,2008-10-16,2008-05-30T00:10:52Z,NA,27.8554,27.8554,1,1,2008-05-30,28.629254166666666
1848,Water Temperature,Scott Reef,1098,SCOTT_SL4,3992,SCOTT_SL4,3992,-14.0237,121.8604,9,SST-6380,2008-03-14,2008-10-16,2008-05-31T00:10:52Z,NA,28.969,28.969,1,1,2008-05-31,28.620970833333335
1872,Water Temperature,Scott Reef,1098,SCOTT_SL4,3992,SCOTT_SL4,3992,-14.0237,121.8604,9,SST-6380,2008-03-14,2008-10-16,2008-06-01T00:10:52Z,NA,29.1082,29.1082,1,1,2008-06-01,28.791654166666667
1896,Water Temperature,Scott Reef,1098,SCOTT_SL4,3992,SCOTT_SL4,3992,-14.0237,121.8604,9,SST-6380,2008-03-14,2008-10-16,2008-06-02T00:10:52Z,NA,29.1082,29.1082,1,1,2008-06-02,28.914283333333334
1920,Water Temperature,Scott Reef,1098,SCOTT_SL4,3992,SCOTT_SL4,3992,-14.0237,121.8604,9,SST-6380,2008-03-14,2008-10-16,2008-06-03T00:10:52Z,NA,29.0883,29.0883,1,1,2008-06-03,28.999620833333335
1944,Water Temperature,Scott Reef,1098,SCOTT_SL4,3992,SCOTT_SL4,3992,-14.0237,121.8604,9,SST-6380,2008-03-14,2008-10-16,2008-06-04T00:10:52Z,NA,29.0883,29.0883,1,1,2008-06-04,29.00625
1968,Water Temperature,Scott Reef,1098,SCOTT_SL4,3992,SCOTT_SL4,3992,-14.0237,121.8604,9,SST-6380,2008-03-14,2008-10-16,2008-06-05T00:10:52Z,NA,28.9889,28.9889,1,1,2008-06-05,29.037745833333332
1992,Water Temperature,Scott Reef,1098,SCOTT_SL4,3992,SCOTT_SL4,3992,-14.0237,121.8604,9,SST-6380,2008-03-14,2008-10-16,2008-06-06T00:10:52Z,NA,28.9889,28.9889,1,1,2008-06-06,28.923395833333334
2016,Water Temperature,Scott Reef,1098,SCOTT_SL4,3992,SCOTT_SL4,3992,-14.0237,121.8604,9,SST-6380,2008-03-14,2008-10-16,2008-06-07T00:10:52Z,NA,28.4519,28.4519,1,1,2008-06-07,28.829766666666668
2040,Water Temperature,Scott Reef,1098,SCOTT_SL4,3992,SCOTT_SL4,3992,-14.0237,121.8604,9,SST-6380,2008-03-14,2008-10-16,2008-06-08T00:10:52Z,NA,28.3525,28.3525,1,1,2008-06-08,28.829770833333335
2064,Water Temperature,Scott Reef,1098,SCOTT_SL4,3992,SCOTT_SL4,3992,-14.0237,121.8604,9,SST-6380,2008-03-14,2008-10-16,2008-06-09T00:10:52Z,NA,28.2929,28.2929,1,1,2008-06-09,28.821483333333333
2088,Water Temperature,Scott Reef,1098,SCOTT_SL4,3992,SCOTT_SL4,3992,-14.0237,121.8604,9,SST-6380,2008-03-14,2008-10-16,2008-06-10T00:10:52Z,NA,28.4519,28.4519,1,1,2008-06-10,28.914275
2112,Water Temperature,Scott Reef,1098,SCOTT_SL4,3992,SCOTT_SL4,3992,-14.0237,121.8604,9,SST-6380,2008-03-14,2008-10-16,2008-06-11T00:10:52Z,NA,28.7105,28.7105,1,1,2008-06-11,28.9540625
2136,Water Temperature,Scott Reef,1098,SCOTT_SL4,3992,SCOTT_SL4,3992,-14.0237,121.8604,9,SST-6380,2008-03-14,2008-10-16,2008-06-12T00:10:52Z,NA,28.6508,28.6508,1,1,2008-06-12,28.979741666666666
2160,Water Temperature,Scott Reef,1098,SCOTT_SL4,3992,SCOTT_SL4,3992,-14.0237,121.8604,9,SST-6380,2008-03-14,2008-10-16,2008-06-13T00:10:52Z,NA,28.7701,28.7701,1,1,2008-06-13,28.980574999999998
2184,Water Temperature,Scott Reef,1098,SCOTT_SL4,3992,SCOTT_SL4,3992,-14.0237,121.8604,9,SST-6380,2008-03-14,2008-10-16,2008-06-14T00:10:52Z,NA,28.9491,28.9491,1,1,2008-06-14,28.982229166666666
2208,Water Temperature,Scott Reef,1098,SCOTT_SL4,3992,SCOTT_SL4,3992,-14.0237,121.8604,9,SST-6380,2008-03-14,2008-10-16,2008-06-15T00:10:52Z,NA,29.0087,29.0087,1,1,2008-06-15,29.012879166666668
2232,Water Temperature,Scott Reef,1098,SCOTT_SL4,3992,SCOTT_SL4,3992,-14.0237,121.8604,9,SST-6380,2008-03-14,2008-10-16,2008-06-16T00:10:52Z,NA,29.0286,29.0286,1,1,2008-06-16,29.064258333333335
2256,Water Temperature,Scott Reef,1098,SCOTT_SL4,3992,SCOTT_SL4,3992,-14.0237,121.8604,9,SST-6380,2008-03-14,2008-10-16,2008-06-17T00:10:52Z,NA,29.0485,29.0485,1,1,2008-06-17,29.016204166666668
2280,Water Temperature,Scott Reef,1098,SCOTT_SL4,3992,SCOTT_SL4,3992,-14.0237,121.8604,9,SST-6380,2008-03-14,2008-10-16,2008-06-18T00:10:52Z,NA,28.9292,28.9292,1,1,2008-06-18,28.9234
2304,Water Temperature,Scott Reef,1098,SCOTT_SL4,3992,SCOTT_SL4,3992,-14.0237,121.8604,9,SST-6380,2008-03-14,2008-10-16,2008-06-19T00:10:52Z,NA,28.8894,28.8894,1,1,2008-06-19,28.868708333333334
2328,Water Temperature,Scott Reef,1098,SCOTT_SL4,3992,SCOTT_SL4,3992,-14.0237,121.8604,9,SST-6380,2008-03-14,2008-10-16,2008-06-20T00:10:52Z,NA,28.8497,28.8497,1,1,2008-06-20,28.7958
2352,Water Temperature,Scott Reef,1098,SCOTT_SL4,3992,SCOTT_SL4,3992,-14.0237,121.8604,9,SST-6380,2008-03-14,2008-10-16,2008-06-21T00:10:52Z,NA,28.7701,28.7701,1,1,2008-06-21,28.5041375
2376,Water Temperature,Scott Reef,1098,SCOTT_SL4,3992,SCOTT_SL4,3992,-14.0237,121.8604,9,SST-6380,2008-03-14,2008-10-16,2008-06-22T00:10:52Z,NA,28.3724,28.3724,1,1,2008-06-22,28.397258333333333
2400,Water Temperature,Scott Reef,1098,SCOTT_SL4,3992,SCOTT_SL4,3992,-14.0237,121.8604,9,SST-6380,2008-03-14,2008-10-16,2008-06-23T00:10:52Z,NA,27.915,27.915,1,1,2008-06-23,28.303633333333334
2424,Water Temperature,Scott Reef,1098,SCOTT_SL4,3992,SCOTT_SL4,3992,-14.0237,121.8604,9,SST-6380,2008-03-14,2008-10-16,2008-06-24T00:10:52Z,NA,27.4974,27.4974,1,1,2008-06-24,28.232375
2448,Water Temperature,Scott Reef,1098,SCOTT_SL4,3992,SCOTT_SL4,3992,-14.0237,121.8604,9,SST-6380,2008-03-14,2008-10-16,2008-06-25T00:10:52Z,NA,27.6366,27.6366,1,1,2008-06-25,28.182658333333332
2472,Water Temperature,Scott Reef,1098,SCOTT_SL4,3992,SCOTT_SL4,3992,-14.0237,121.8604,9,SST-6380,2008-03-14,2008-10-16,2008-06-26T00:10:52Z,NA,27.5173,27.5173,1,1,2008-06-26,28.20916666666667
2496,Water Temperature,Scott Reef,1098,SCOTT_SL4,3992,SCOTT_SL4,3992,-14.0237,121.8604,9,SST-6380,2008-03-14,2008-10-16,2008-06-27T00:10:52Z,NA,27.4179,27.4179,1,1,2008-06-27,28.092354166666667
2520,Water Temperature,Scott Reef,1098,SCOTT_SL4,3992,SCOTT_SL4,3992,-14.0237,121.8604,9,SST-6380,2008-03-14,2008-10-16,2008-06-28T00:10:52Z,NA,27.219,27.219,1,1,2008-06-28,28.127154166666667
2544,Water Temperature,Scott Reef,1098,SCOTT_SL4,3992,SCOTT_SL4,3992,-14.0237,121.8604,9,SST-6380,2008-03-14,2008-10-16,2008-06-29T00:10:52Z,NA,28.2332,28.2332,1,1,2008-06-29,28.197575
2568,Water Temperature,Scott Reef,1098,SCOTT_SL4,3992,SCOTT_SL4,3992,-14.0237,121.8604,9,SST-6380,2008-03-14,2008-10-16,2008-06-30T00:10:52Z,NA,28.3724,28.3724,1,1,2008-06-30,28.28290833333333
2592,Water Temperature,Scott Reef,1098,SCOTT_SL4,3992,SCOTT_SL4,3992,-14.0237,121.8604,9,SST-6380,2008-03-14,2008-10-16,2008-07-01T00:10:52Z,NA,28.3525,28.3525,1,1,2008-07-01,28.340083333333332
2616,Water Temperature,Scott Reef,1098,SCOTT_SL4,3992,SCOTT_SL4,3992,-14.0237,121.8604,9,SST-6380,2008-03-14,2008-10-16,2008-07-02T00:10:52Z,NA,28.3326,28.3326,1,1,2008-07-02,28.3011375
2640,Water Temperature,Scott Reef,1098,SCOTT_SL4,3992,SCOTT_SL4,3992,-14.0237,121.8604,9,SST-6380,2008-03-14,2008-10-16,2008-07-03T00:10:52Z,NA,28.3525,28.3525,1,1,2008-07-03,28.288729166666666
2664,Water Temperature,Scott Reef,1098,SCOTT_SL4,3992,SCOTT_SL4,3992,-14.0237,121.8604,9,SST-6380,2008-03-14,2008-10-16,2008-07-04T00:10:52Z,NA,28.2332,28.2332,1,1,2008-07-04,28.234029166666666
2688,Water Temperature,Scott Reef,1098,SCOTT_SL4,3992,SCOTT_SL4,3992,-14.0237,121.8604,9,SST-6380,2008-03-14,2008-10-16,2008-07-05T00:10:52Z,NA,28.1537,28.1537,1,1,2008-07-05,28.221604166666665
2712,Water Temperature,Scott Reef,1098,SCOTT_SL4,3992,SCOTT_SL4,3992,-14.0237,121.8604,9,SST-6380,2008-03-14,2008-10-16,2008-07-06T00:10:52Z,NA,27.8156,27.8156,1,1,2008-07-06,28.17353333333333
2736,Water Temperature,Scott Reef,1098,SCOTT_SL4,3992,SCOTT_SL4,3992,-14.0237,121.8604,9,SST-6380,2008-03-14,2008-10-16,2008-07-07T00:10:52Z,NA,27.6167,27.6167,1,1,2008-07-07,28.099795833333335
2760,Water Temperature,Scott Reef,1098,SCOTT_SL4,3992,SCOTT_SL4,3992,-14.0237,121.8604,9,SST-6380,2008-03-14,2008-10-16,2008-07-08T00:10:52Z,NA,27.4974,27.4974,1,1,2008-07-08,27.8189125
2784,Water Temperature,Scott Reef,1098,SCOTT_SL4,3992,SCOTT_SL4,3992,-14.0237,121.8604,9,SST-6380,2008-03-14,2008-10-16,2008-07-09T00:10:52Z,NA,26.9804,26.9804,1,1,2008-07-09,27.661491666666667
2808,Water Temperature,Scott Reef,1098,SCOTT_SL4,3992,SCOTT_SL4,3992,-14.0237,121.8604,9,SST-6380,2008-03-14,2008-10-16,2008-07-10T00:10:52Z,NA,26.7219,26.7219,1,1,2008-07-10,27.615925
2832,Water Temperature,Scott Reef,1098,SCOTT_SL4,3992,SCOTT_SL4,3992,-14.0237,121.8604,9,SST-6380,2008-03-14,2008-10-16,2008-07-11T00:10:52Z,NA,26.6424,26.6424,1,1,2008-07-11,27.650729166666668
2856,Water Temperature,Scott Reef,1098,SCOTT_SL4,3992,SCOTT_SL4,3992,-14.0237,121.8604,9,SST-6380,2008-03-14,2008-10-16,2008-07-12T00:10:52Z,NA,27.6565,27.6565,1,1,2008-07-12,27.6772375
2880,Water Temperature,Scott Reef,1098,SCOTT_SL4,3992,SCOTT_SL4,3992,-14.0237,121.8604,9,SST-6380,2008-03-14,2008-10-16,2008-07-13T00:10:52Z,NA,27.7957,27.7957,1,1,2008-07-13,27.7302625
2904,Water Temperature,Scott Reef,1098,SCOTT_SL4,3992,SCOTT_SL4,3992,-14.0237,121.8604,9,SST-6380,2008-03-14,2008-10-16,2008-07-14T00:10:52Z,NA,27.8753,27.8753,1,1,2008-07-14,27.72695
2928,Water Temperature,Scott Reef,1098,SCOTT_SL4,3992,SCOTT_SL4,3992,-14.0237,121.8604,9,SST-6380,2008-03-14,2008-10-16,2008-07-15T00:10:52Z,NA,27.7957,27.7957,1,1,2008-07-15,27.7584375
2952,Water Temperature,Scott Reef,1098,SCOTT_SL4,3992,SCOTT_SL4,3992,-14.0237,121.8604,9,SST-6380,2008-03-14,2008-10-16,2008-07-16T00:10:52Z,NA,27.8554,27.8554,1,1,2008-07-16,27.789933333333334
2976,Water Temperature,Scott Reef,1098,SCOTT_SL4,3992,SCOTT_SL4,3992,-14.0237,121.8604,9,SST-6380,2008-03-14,2008-10-16,2008-07-17T00:10:52Z,NA,27.8554,27.8554,1,1,2008-07-17,27.7592625
3000,Water Temperature,Scott Reef,1098,SCOTT_SL4,3992,SCOTT_SL4,3992,-14.0237,121.8604,9,SST-6380,2008-03-14,2008-10-16,2008-07-18T00:10:52Z,NA,27.8156,27.8156,1,1,2008-07-18,27.689675
3024,Water Temperature,Scott Reef,1098,SCOTT_SL4,3992,SCOTT_SL4,3992,-14.0237,121.8604,9,SST-6380,2008-03-14,2008-10-16,2008-07-19T00:10:52Z,NA,27.7758,27.7758,1,1,2008-07-19,27.668945833333332
3048,Water Temperature,Scott Reef,1098,SCOTT_SL4,3992,SCOTT_SL4,3992,-14.0237,121.8604,9,SST-6380,2008-03-14,2008-10-16,2008-07-20T00:10:52Z,NA,27.7162,27.7162,1,1,2008-07-20,27.542175
3072,Water Temperature,Scott Reef,1098,SCOTT_SL4,3992,SCOTT_SL4,3992,-14.0237,121.8604,9,SST-6380,2008-03-14,2008-10-16,2008-07-21T00:10:52Z,NA,27.3781,27.3781,1,1,2008-07-21,27.51815
3096,Water Temperature,Scott Reef,1098,SCOTT_SL4,3992,SCOTT_SL4,3992,-14.0237,121.8604,9,SST-6380,2008-03-14,2008-10-16,2008-07-22T00:10:52Z,NA,26.9804,26.9804,1,1,2008-07-22,27.47755
3120,Water Temperature,Scott Reef,1098,SCOTT_SL4,3992,SCOTT_SL4,3992,-14.0237,121.8604,9,SST-6380,2008-03-14,2008-10-16,2008-07-23T00:10:52Z,NA,26.7219,26.7219,1,1,2008-07-23,27.349133333333334
3144,Water Temperature,Scott Reef,1098,SCOTT_SL4,3992,SCOTT_SL4,3992,-14.0237,121.8604,9,SST-6380,2008-03-14,2008-10-16,2008-07-24T00:10:52Z,NA,26.5827,26.5827,1,1,2008-07-24,27.3872375
3168,Water Temperature,Scott Reef,1098,SCOTT_SL4,3992,SCOTT_SL4,3992,-14.0237,121.8604,9,SST-6380,2008-03-14,2008-10-16,2008-07-25T00:10:52Z,NA,26.9804,26.9804,1,1,2008-07-25,27.385583333333333
3192,Water Temperature,Scott Reef,1098,SCOTT_SL4,3992,SCOTT_SL4,3992,-14.0237,121.8604,9,SST-6380,2008-03-14,2008-10-16,2008-07-26T00:10:52Z,NA,26.881,26.881,1,1,2008-07-26,27.3060375
3216,Water Temperature,Scott Reef,1098,SCOTT_SL4,3992,SCOTT_SL4,3992,-14.0237,121.8604,9,SST-6380,2008-03-14,2008-10-16,2008-07-27T00:10:52Z,NA,26.5429,26.5429,1,1,2008-07-27,27.378120833333334
3240,Water Temperature,Scott Reef,1098,SCOTT_SL4,3992,SCOTT_SL4,3992,-14.0237,121.8604,9,SST-6380,2008-03-14,2008-10-16,2008-07-28T00:10:52Z,NA,26.7816,26.7816,1,1,2008-07-28,27.455195833333335
3264,Water Temperature,Scott Reef,1098,SCOTT_SL4,3992,SCOTT_SL4,3992,-14.0237,121.8604,9,SST-6380,2008-03-14,2008-10-16,2008-07-29T00:10:52Z,NA,27.219,27.219,1,1,2008-07-29,27.50075
3288,Water Temperature,Scott Reef,1098,SCOTT_SL4,3992,SCOTT_SL4,3992,-14.0237,121.8604,9,SST-6380,2008-03-14,2008-10-16,2008-07-30T00:10:52Z,NA,27.1196,27.1196,1,1,2008-07-30,27.5280875
3312,Water Temperature,Scott Reef,1098,SCOTT_SL4,3992,SCOTT_SL4,3992,-14.0237,121.8604,9,SST-6380,2008-03-14,2008-10-16,2008-07-31T00:10:52Z,NA,27.5571,27.5571,1,1,2008-07-31,27.5372
3336,Water Temperature,Scott Reef,1098,SCOTT_SL4,3992,SCOTT_SL4,3992,-14.0237,121.8604,9,SST-6380,2008-03-14,2008-10-16,2008-08-01T00:10:52Z,NA,27.5173,27.5173,1,1,2008-08-01,27.516483333333333
3360,Water Temperature,Scott Reef,1098,SCOTT_SL4,3992,SCOTT_SL4,3992,-14.0237,121.8604,9,SST-6380,2008-03-14,2008-10-16,2008-08-02T00:10:52Z,NA,27.5571,27.5571,1,1,2008-08-02,27.605145833333335
3384,Water Temperature,Scott Reef,1098,SCOTT_SL4,3992,SCOTT_SL4,3992,-14.0237,121.8604,9,SST-6380,2008-03-14,2008-10-16,2008-08-03T00:10:52Z,NA,27.5173,27.5173,1,1,2008-08-03,27.66315
3408,Water Temperature,Scott Reef,1098,SCOTT_SL4,3992,SCOTT_SL4,3992,-14.0237,121.8604,9,SST-6380,2008-03-14,2008-10-16,2008-08-04T00:10:52Z,NA,27.4378,27.4378,1,1,2008-08-04,27.661491666666667
3432,Water Temperature,Scott Reef,1098,SCOTT_SL4,3992,SCOTT_SL4,3992,-14.0237,121.8604,9,SST-6380,2008-03-14,2008-10-16,2008-08-05T00:10:52Z,NA,27.398,27.398,1,1,2008-08-05,27.6490625
3456,Water Temperature,Scott Reef,1098,SCOTT_SL4,3992,SCOTT_SL4,3992,-14.0237,121.8604,9,SST-6380,2008-03-14,2008-10-16,2008-08-06T00:10:52Z,NA,27.4179,27.4179,1,1,2008-08-06,27.604329166666666
3480,Water Temperature,Scott Reef,1098,SCOTT_SL4,3992,SCOTT_SL4,3992,-14.0237,121.8604,9,SST-6380,2008-03-14,2008-10-16,2008-08-07T00:10:52Z,NA,27.3781,27.3781,1,1,2008-08-07,27.5372125
3504,Water Temperature,Scott Reef,1098,SCOTT_SL4,3992,SCOTT_SL4,3992,-14.0237,121.8604,9,SST-6380,2008-03-14,2008-10-16,2008-08-08T00:10:52Z,NA,27.2588,27.2588,1,1,2008-08-08,27.499091666666665
3528,Water Temperature,Scott Reef,1098,SCOTT_SL4,3992,SCOTT_SL4,3992,-14.0237,121.8604,9,SST-6380,2008-03-14,2008-10-16,2008-08-09T00:10:52Z,NA,27.0997,27.0997,1,1,2008-08-09,27.494945833333333
3552,Water Temperature,Scott Reef,1098,SCOTT_SL4,3992,SCOTT_SL4,3992,-14.0237,121.8604,9,SST-6380,2008-03-14,2008-10-16,2008-08-10T00:10:52Z,NA,26.9605,26.9605,1,1,2008-08-10,27.320129166666668
3576,Water Temperature,Scott Reef,1098,SCOTT_SL4,3992,SCOTT_SL4,3992,-14.0237,121.8604,9,SST-6380,2008-03-14,2008-10-16,2008-08-11T00:10:52Z,NA,26.8213,26.8213,1,1,2008-08-11,27.2240125
3600,Water Temperature,Scott Reef,1098,SCOTT_SL4,3992,SCOTT_SL4,3992,-14.0237,121.8604,9,SST-6380,2008-03-14,2008-10-16,2008-08-12T00:10:52Z,NA,26.8213,26.8213,1,1,2008-08-12,27.283679166666666
3624,Water Temperature,Scott Reef,1098,SCOTT_SL4,3992,SCOTT_SL4,3992,-14.0237,121.8604,9,SST-6380,2008-03-14,2008-10-16,2008-08-13T00:10:52Z,NA,27.3582,27.3582,1,1,2008-08-13,27.241408333333332
3648,Water Temperature,Scott Reef,1098,SCOTT_SL4,3992,SCOTT_SL4,3992,-14.0237,121.8604,9,SST-6380,2008-03-14,2008-10-16,2008-08-14T00:10:52Z,NA,27.398,27.398,1,1,2008-08-14,27.3333875
3672,Water Temperature,Scott Reef,1098,SCOTT_SL4,3992,SCOTT_SL4,3992,-14.0237,121.8604,9,SST-6380,2008-03-14,2008-10-16,2008-08-15T00:10:52Z,NA,27.3384,27.3384,1,1,2008-08-15,27.350783333333332
3696,Water Temperature,Scott Reef,1098,SCOTT_SL4,3992,SCOTT_SL4,3992,-14.0237,121.8604,9,SST-6380,2008-03-14,2008-10-16,2008-08-16T00:10:52Z,NA,27.3185,27.3185,1,1,2008-08-16,27.300233333333335
3720,Water Temperature,Scott Reef,1098,SCOTT_SL4,3992,SCOTT_SL4,3992,-14.0237,121.8604,9,SST-6380,2008-03-14,2008-10-16,2008-08-17T00:10:52Z,NA,27.2389,27.2389,1,1,2008-08-17,27.151091666666666
3744,Water Temperature,Scott Reef,1098,SCOTT_SL4,3992,SCOTT_SL4,3992,-14.0237,121.8604,9,SST-6380,2008-03-14,2008-10-16,2008-08-18T00:10:52Z,NA,27.1793,27.1793,1,1,2008-08-18,26.959691666666668
3768,Water Temperature,Scott Reef,1098,SCOTT_SL4,3992,SCOTT_SL4,3992,-14.0237,121.8604,9,SST-6380,2008-03-14,2008-10-16,2008-08-19T00:10:52Z,NA,26.9804,26.9804,1,1,2008-08-19,27.0616125
3792,Water Temperature,Scott Reef,1098,SCOTT_SL4,3992,SCOTT_SL4,3992,-14.0237,121.8604,9,SST-6380,2008-03-14,2008-10-16,2008-08-20T00:10:52Z,NA,26.8611,26.8611,1,1,2008-08-20,27.1022125
3816,Water Temperature,Scott Reef,1098,SCOTT_SL4,3992,SCOTT_SL4,3992,-14.0237,121.8604,9,SST-6380,2008-03-14,2008-10-16,2008-08-21T00:10:52Z,NA,26.6026,26.6026,1,1,2008-08-21,27.057479166666667
3840,Water Temperature,Scott Reef,1098,SCOTT_SL4,3992,SCOTT_SL4,3992,-14.0237,121.8604,9,SST-6380,2008-03-14,2008-10-16,2008-08-22T00:10:52Z,NA,26.7418,26.7418,1,1,2008-08-22,27.093933333333332
3864,Water Temperature,Scott Reef,1098,SCOTT_SL4,3992,SCOTT_SL4,3992,-14.0237,121.8604,9,SST-6380,2008-03-14,2008-10-16,2008-08-23T00:10:52Z,NA,26.9009,26.9009,1,1,2008-08-23,27.0193625
3888,Water Temperature,Scott Reef,1098,SCOTT_SL4,3992,SCOTT_SL4,3992,-14.0237,121.8604,9,SST-6380,2008-03-14,2008-10-16,2008-08-24T00:10:52Z,NA,26.7418,26.7418,1,1,2008-08-24,27.119620833333332
3912,Water Temperature,Scott Reef,1098,SCOTT_SL4,3992,SCOTT_SL4,3992,-14.0237,121.8604,9,SST-6380,2008-03-14,2008-10-16,2008-08-25T00:10:52Z,NA,26.9406,26.9406,1,1,2008-08-25,27.1610375
3936,Water Temperature,Scott Reef,1098,SCOTT_SL4,3992,SCOTT_SL4,3992,-14.0237,121.8604,9,SST-6380,2008-03-14,2008-10-16,2008-08-26T00:10:52Z,NA,27.0202,27.0202,1,1,2008-08-26,27.168491666666668
3960,Water Temperature,Scott Reef,1098,SCOTT_SL4,3992,SCOTT_SL4,3992,-14.0237,121.8604,9,SST-6380,2008-03-14,2008-10-16,2008-08-27T00:10:52Z,NA,27.1395,27.1395,1,1,2008-08-27,27.217383333333334
3984,Water Temperature,Scott Reef,1098,SCOTT_SL4,3992,SCOTT_SL4,3992,-14.0237,121.8604,9,SST-6380,2008-03-14,2008-10-16,2008-08-28T00:10:52Z,NA,27.219,27.219,1,1,2008-08-28,27.279520833333333
4008,Water Temperature,Scott Reef,1098,SCOTT_SL4,3992,SCOTT_SL4,3992,-14.0237,121.8604,9,SST-6380,2008-03-14,2008-10-16,2008-08-29T00:10:52Z,NA,27.219,27.219,1,1,2008-08-29,27.419545833333334
4032,Water Temperature,Scott Reef,1098,SCOTT_SL4,3992,SCOTT_SL4,3992,-14.0237,121.8604,9,SST-6380,2008-03-14,2008-10-16,2008-08-30T00:10:52Z,NA,27.5372,27.5372,1,1,2008-08-30,27.659008333333333
4056,Water Temperature,Scott Reef,1098,SCOTT_SL4,3992,SCOTT_SL4,3992,-14.0237,121.8604,9,SST-6380,2008-03-14,2008-10-16,2008-08-31T00:10:52Z,NA,27.5372,27.5372,1,1,2008-08-31,27.5968625
4080,Water Temperature,Scott Reef,1098,SCOTT_SL4,3992,SCOTT_SL4,3992,-14.0237,121.8604,9,SST-6380,2008-03-14,2008-10-16,2008-09-01T00:10:52Z,NA,27.4179,27.4179,1,1,2008-09-01,27.690495833333333
4104,Water Temperature,Scott Reef,1098,SCOTT_SL4,3992,SCOTT_SL4,3992,-14.0237,121.8604,9,SST-6380,2008-03-14,2008-10-16,2008-09-02T00:10:52Z,NA,27.6764,27.6764,1,1,2008-09-02,27.7924125
4128,Water Temperature,Scott Reef,1098,SCOTT_SL4,3992,SCOTT_SL4,3992,-14.0237,121.8604,9,SST-6380,2008-03-14,2008-10-16,2008-09-03T00:10:52Z,NA,27.6366,27.6366,1,1,2008-09-03,27.772508333333334
4152,Water Temperature,Scott Reef,1098,SCOTT_SL4,3992,SCOTT_SL4,3992,-14.0237,121.8604,9,SST-6380,2008-03-14,2008-10-16,2008-09-04T00:10:52Z,NA,27.6366,27.6366,1,1,2008-09-04,27.874445833333333
4176,Water Temperature,Scott Reef,1098,SCOTT_SL4,3992,SCOTT_SL4,3992,-14.0237,121.8604,9,SST-6380,2008-03-14,2008-10-16,2008-09-05T00:10:52Z,NA,27.915,27.915,1,1,2008-09-05,28.0210875
4200,Water Temperature,Scott Reef,1098,SCOTT_SL4,3992,SCOTT_SL4,3992,-14.0237,121.8604,9,SST-6380,2008-03-14,2008-10-16,2008-09-06T00:10:52Z,NA,27.9747,27.9747,1,1,2008-09-06,28.149525
4224,Water Temperature,Scott Reef,1098,SCOTT_SL4,3992,SCOTT_SL4,3992,-14.0237,121.8604,9,SST-6380,2008-03-14,2008-10-16,2008-09-07T00:10:52Z,NA,28.034300000000002,28.034300000000002,1,1,2008-09-07,28.119679166666668
4248,Water Temperature,Scott Reef,1098,SCOTT_SL4,3992,SCOTT_SL4,3992,-14.0237,121.8604,9,SST-6380,2008-03-14,2008-10-16,2008-09-08T00:10:52Z,NA,27.6565,27.6565,1,1,2008-09-08,27.956458333333334
4272,Water Temperature,Scott Reef,1098,SCOTT_SL4,3992,SCOTT_SL4,3992,-14.0237,121.8604,9,SST-6380,2008-03-14,2008-10-16,2008-09-09T00:10:52Z,NA,27.9747,27.9747,1,1,2008-09-09,28.046770833333333
4296,Water Temperature,Scott Reef,1098,SCOTT_SL4,3992,SCOTT_SL4,3992,-14.0237,121.8604,9,SST-6380,2008-03-14,2008-10-16,2008-09-10T00:10:52Z,NA,28.273,28.273,1,1,2008-09-10,28.23735
4320,Water Temperature,Scott Reef,1098,SCOTT_SL4,3992,SCOTT_SL4,3992,-14.0237,121.8604,9,SST-6380,2008-03-14,2008-10-16,2008-09-11T00:10:52Z,NA,28.6309,28.6309,1,1,2008-09-11,28.456920833333335
4344,Water Temperature,Scott Reef,1098,SCOTT_SL4,3992,SCOTT_SL4,3992,-14.0237,121.8604,9,SST-6380,2008-03-14,2008-10-16,2008-09-12T00:10:52Z,NA,28.3127,28.3127,1,1,2008-09-12,28.427083333333332
4368,Water Temperature,Scott Reef,1098,SCOTT_SL4,3992,SCOTT_SL4,3992,-14.0237,121.8604,9,SST-6380,2008-03-14,2008-10-16,2008-09-13T00:10:52Z,NA,28.5514,28.5514,1,1,2008-09-13,28.344233333333335
4392,Water Temperature,Scott Reef,1098,SCOTT_SL4,3992,SCOTT_SL4,3992,-14.0237,121.8604,9,SST-6380,2008-03-14,2008-10-16,2008-09-14T00:10:52Z,NA,28.3525,28.3525,1,1,2008-09-14,28.129645833333335
4416,Water Temperature,Scott Reef,1098,SCOTT_SL4,3992,SCOTT_SL4,3992,-14.0237,121.8604,9,SST-6380,2008-03-14,2008-10-16,2008-09-15T00:10:52Z,NA,28.1338,28.1338,1,1,2008-09-15,28.060854166666665
4440,Water Temperature,Scott Reef,1098,SCOTT_SL4,3992,SCOTT_SL4,3992,-14.0237,121.8604,9,SST-6380,2008-03-14,2008-10-16,2008-09-16T00:10:52Z,NA,28.094,28.094,1,1,2008-09-16,27.913379166666665
4464,Water Temperature,Scott Reef,1098,SCOTT_SL4,3992,SCOTT_SL4,3992,-14.0237,121.8604,9,SST-6380,2008-03-14,2008-10-16,2008-09-17T00:10:52Z,NA,27.6167,27.6167,1,1,2008-09-17,27.880241666666667
4488,Water Temperature,Scott Reef,1098,SCOTT_SL4,3992,SCOTT_SL4,3992,-14.0237,121.8604,9,SST-6380,2008-03-14,2008-10-16,2008-09-18T00:10:52Z,NA,27.915,27.915,1,1,2008-09-18,27.818091666666668
4512,Water Temperature,Scott Reef,1098,SCOTT_SL4,3992,SCOTT_SL4,3992,-14.0237,121.8604,9,SST-6380,2008-03-14,2008-10-16,2008-09-19T00:10:52Z,NA,27.8554,27.8554,1,1,2008-09-19,27.747658333333334
4536,Water Temperature,Scott Reef,1098,SCOTT_SL4,3992,SCOTT_SL4,3992,-14.0237,121.8604,9,SST-6380,2008-03-14,2008-10-16,2008-09-20T00:10:52Z,NA,27.6366,27.6366,1,1,2008-09-20,27.765058333333332
4560,Water Temperature,Scott Reef,1098,SCOTT_SL4,3992,SCOTT_SL4,3992,-14.0237,121.8604,9,SST-6380,2008-03-14,2008-10-16,2008-09-21T00:10:52Z,NA,27.8753,27.8753,1,1,2008-09-21,27.950654166666666
4584,Water Temperature,Scott Reef,1098,SCOTT_SL4,3992,SCOTT_SL4,3992,-14.0237,121.8604,9,SST-6380,2008-03-14,2008-10-16,2008-09-22T00:10:52Z,NA,27.8554,27.8554,1,1,2008-09-22,28.151175000000002
4608,Water Temperature,Scott Reef,1098,SCOTT_SL4,3992,SCOTT_SL4,3992,-14.0237,121.8604,9,SST-6380,2008-03-14,2008-10-16,2008-09-23T00:10:52Z,NA,28.1338,28.1338,1,1,2008-09-23,28.43455
4632,Water Temperature,Scott Reef,1098,SCOTT_SL4,3992,SCOTT_SL4,3992,-14.0237,121.8604,9,SST-6380,2008-03-14,2008-10-16,2008-09-24T00:10:52Z,NA,28.3923,28.3923,1,1,2008-09-24,28.212483333333335
4656,Water Temperature,Scott Reef,1098,SCOTT_SL4,3992,SCOTT_SL4,3992,-14.0237,121.8604,9,SST-6380,2008-03-14,2008-10-16,2008-09-25T00:10:52Z,NA,28.2929,28.2929,1,1,2008-09-25,28.500004166666667
4680,Water Temperature,Scott Reef,1098,SCOTT_SL4,3992,SCOTT_SL4,3992,-14.0237,121.8604,9,SST-6380,2008-03-14,2008-10-16,2008-09-26T00:10:52Z,NA,28.1934,28.1934,1,1,2008-09-26,28.3898125
4704,Water Temperature,Scott Reef,1098,SCOTT_SL4,3992,SCOTT_SL4,3992,-14.0237,121.8604,9,SST-6380,2008-03-14,2008-10-16,2008-09-27T00:10:52Z,NA,28.4321,28.4321,1,1,2008-09-27,28.66240833333333
4728,Water Temperature,Scott Reef,1098,SCOTT_SL4,3992,SCOTT_SL4,3992,-14.0237,121.8604,9,SST-6380,2008-03-14,2008-10-16,2008-09-28T00:10:52Z,NA,28.4321,28.4321,1,1,2008-09-28,28.3749
4752,Water Temperature,Scott Reef,1098,SCOTT_SL4,3992,SCOTT_SL4,3992,-14.0237,121.8604,9,SST-6380,2008-03-14,2008-10-16,2008-09-29T00:10:52Z,NA,28.3326,28.3326,1,1,2008-09-29,28.444479166666667
4776,Water Temperature,Scott Reef,1098,SCOTT_SL4,3992,SCOTT_SL4,3992,-14.0237,121.8604,9,SST-6380,2008-03-14,2008-10-16,2008-09-30T00:10:52Z,NA,28.5911,28.5911,1,1,2008-09-30,28.528175
4800,Water Temperature,Scott Reef,1098,SCOTT_SL4,3992,SCOTT_SL4,3992,-14.0237,121.8604,9,SST-6380,2008-03-14,2008-10-16,2008-10-01T00:10:52Z,NA,29.0286,29.0286,1,1,2008-10-01,28.582025
4824,Water Temperature,Scott Reef,1098,SCOTT_SL4,3992,SCOTT_SL4,3992,-14.0237,121.8604,9,SST-6380,2008-03-14,2008-10-16,2008-10-02T00:10:52Z,NA,28.8298,28.8298,1,1,2008-10-02,28.743591666666667
4848,Water Temperature,Scott Reef,1098,SCOTT_SL4,3992,SCOTT_SL4,3992,-14.0237,121.8604,9,SST-6380,2008-03-14,2008-10-16,2008-10-03T00:10:52Z,NA,28.7701,28.7701,1,1,2008-10-03,28.7726
4872,Water Temperature,Scott Reef,1098,SCOTT_SL4,3992,SCOTT_SL4,3992,-14.0237,121.8604,9,SST-6380,2008-03-14,2008-10-16,2008-10-04T00:10:52Z,NA,28.7105,28.7105,1,1,2008-10-04,28.943291666666667
4896,Water Temperature,Scott Reef,1098,SCOTT_SL4,3992,SCOTT_SL4,3992,-14.0237,121.8604,9,SST-6380,2008-03-14,2008-10-16,2008-10-05T00:10:52Z,NA,28.8894,28.8894,1,1,2008-10-05,29.1495875
4920,Water Temperature,Scott Reef,1098,SCOTT_SL4,3992,SCOTT_SL4,3992,-14.0237,121.8604,9,SST-6380,2008-03-14,2008-10-16,2008-10-06T00:10:52Z,NA,28.9292,28.9292,1,1,2008-10-06,29.1703125
4944,Water Temperature,Scott Reef,1098,SCOTT_SL4,3992,SCOTT_SL4,3992,-14.0237,121.8604,9,SST-6380,2008-03-14,2008-10-16,2008-10-07T00:10:52Z,NA,29.0485,29.0485,1,1,2008-10-07,29.117279166666666
4968,Water Temperature,Scott Reef,1098,SCOTT_SL4,3992,SCOTT_SL4,3992,-14.0237,121.8604,9,SST-6380,2008-03-14,2008-10-16,2008-10-08T00:10:52Z,NA,29.1479,29.1479,1,1,2008-10-08,29.1769375
4992,Water Temperature,Scott Reef,1098,SCOTT_SL4,3992,SCOTT_SL4,3992,-14.0237,121.8604,9,SST-6380,2008-03-14,2008-10-16,2008-10-09T00:10:52Z,NA,29.307,29.307,1,1,2008-10-09,29.61691666666667
5016,Water Temperature,Scott Reef,1098,SCOTT_SL4,3992,SCOTT_SL4,3992,-14.0237,121.8604,9,SST-6380,2008-03-14,2008-10-16,2008-10-10T00:10:52Z,NA,29.6849,29.6849,1,1,2008-10-10,29.469420833333334
5040,Water Temperature,Scott Reef,1098,SCOTT_SL4,3992,SCOTT_SL4,3992,-14.0237,121.8604,9,SST-6380,2008-03-14,2008-10-16,2008-10-11T00:10:52Z,NA,29.1479,29.1479,1,1,2008-10-11,29.597025
5064,Water Temperature,Scott Reef,1098,SCOTT_SL4,3992,SCOTT_SL4,3992,-14.0237,121.8604,9,SST-6380,2008-03-14,2008-10-16,2008-10-12T00:10:52Z,NA,29.3269,29.3269,1,1,2008-10-12,29.596204166666666
5088,Water Temperature,Scott Reef,1098,SCOTT_SL4,3992,SCOTT_SL4,3992,-14.0237,121.8604,9,SST-6380,2008-03-14,2008-10-16,2008-10-13T00:10:52Z,NA,29.4263,29.4263,1,1,2008-10-13,29.719658333333335
5112,Water Temperature,Scott Reef,1098,SCOTT_SL4,3992,SCOTT_SL4,3992,-14.0237,121.8604,9,SST-6380,2008-03-14,2008-10-16,2008-10-14T00:10:52Z,NA,29.2871,29.2871,1,1,2008-10-14,29.6343
5136,Water Temperature,Scott Reef,1098,SCOTT_SL4,3992,SCOTT_SL4,3992,-14.0237,121.8604,9,SST-6380,2008-03-14,2008-10-16,2008-10-15T00:10:52Z,NA,29.5655,29.5655,1,1,2008-10-15,29.61153125
5152,Water Temperature,Scott Reef,1098,SCOTT_SL4,3992,SCOTT_SL4,3992,-14.0237,121.8604,8.5,SU-07751,2010-03-16,2010-05-06,2010-03-16T16:01:30Z,30.78,30.5464,30.5464,1,1,2010-03-16,30.564641666666667
5200,Water Temperature,Scott Reef,1098,SCOTT_SL4,3992,SCOTT_SL4,3992,-14.0237,121.8604,8.5,SU-07751,2010-03-16,2010-05-06,2010-03-17T00:01:30Z,30.78,30.5464,30.5464,1,1,2010-03-17,30.470972916666668
5344,Water Temperature,Scott Reef,1098,SCOTT_SL4,3992,SCOTT_SL4,3992,-14.0237,121.8604,8.5,SU-07751,2010-03-16,2010-05-06,2010-03-18T00:01:30Z,30.7,30.467,30.467,1,1,2010-03-18,30.735860416666668
5488,Water Temperature,Scott Reef,1098,SCOTT_SL4,3992,SCOTT_SL4,3992,-14.0237,121.8604,8.5,SU-07751,2010-03-16,2010-05-06,2010-03-19T00:01:30Z,30.92,30.6855,30.6855,1,1,2010-03-19,30.692811111111112
5632,Water Temperature,Scott Reef,1098,SCOTT_SL4,3992,SCOTT_SL4,3992,-14.0237,121.8604,8.5,SU-07751,2010-03-16,2010-05-06,2010-03-20T00:01:30Z,30.91,30.6756,30.6756,1,1,2010-03-20,30.767935416666667
5776,Water Temperature,Scott Reef,1098,SCOTT_SL4,3992,SCOTT_SL4,3992,-14.0237,121.8604,8.5,SU-07751,2010-03-16,2010-05-06,2010-03-21T00:01:30Z,31.04,30.8047,30.8047,1,1,2010-03-21,30.893478472222224
5920,Water Temperature,Scott Reef,1098,SCOTT_SL4,3992,SCOTT_SL4,3992,-14.0237,121.8604,8.5,SU-07751,2010-03-16,2010-05-06,2010-03-22T00:01:30Z,31.36,31.1226,31.1226,1,1,2010-03-22,31.051933333333334
6064,Water Temperature,Scott Reef,1098,SCOTT_SL4,3992,SCOTT_SL4,3992,-14.0237,121.8604,8.5,SU-07751,2010-03-16,2010-05-06,2010-03-23T00:01:30Z,31.15,30.914,30.914,1,1,2010-03-23,31.03799652777778
6208,Water Temperature,Scott Reef,1098,SCOTT_SL4,3992,SCOTT_SL4,3992,-14.0237,121.8604,8.5,SU-07751,2010-03-16,2010-05-06,2010-03-24T00:01:30Z,31.13,30.8941,30.8941,1,1,2010-03-24,31.06000486111111
6352,Water Temperature,Scott Reef,1098,SCOTT_SL4,3992,SCOTT_SL4,3992,-14.0237,121.8604,8.5,SU-07751,2010-03-16,2010-05-06,2010-03-25T00:01:30Z,30.95,30.7153,30.7153,1,1,2010-03-25,31.061242361111113
6496,Water Temperature,Scott Reef,1098,SCOTT_SL4,3992,SCOTT_SL4,3992,-14.0237,121.8604,8.5,SU-07751,2010-03-16,2010-05-06,2010-03-26T00:01:30Z,31.35,31.1126,31.1126,1,1,2010-03-26,31.242453472222223
6640,Water Temperature,Scott Reef,1098,SCOTT_SL4,3992,SCOTT_SL4,3992,-14.0237,121.8604,8.5,SU-07751,2010-03-16,2010-05-06,2010-03-27T00:01:30Z,31.4,31.1623,31.1623,1,1,2010-03-27,31.295984027777777
6784,Water Temperature,Scott Reef,1098,SCOTT_SL4,3992,SCOTT_SL4,3992,-14.0237,121.8604,8.5,SU-07751,2010-03-16,2010-05-06,2010-03-28T00:01:30Z,31.17,30.9338,30.9338,1,1,2010-03-28,31.037170833333334
6928,Water Temperature,Scott Reef,1098,SCOTT_SL4,3992,SCOTT_SL4,3992,-14.0237,121.8604,8.5,SU-07751,2010-03-16,2010-05-06,2010-03-29T00:01:30Z,31.24,31.0034,31.0034,1,1,2010-03-29,31.285436805555555
7072,Water Temperature,Scott Reef,1098,SCOTT_SL4,3992,SCOTT_SL4,3992,-14.0237,121.8604,8.5,SU-07751,2010-03-16,2010-05-06,2010-03-30T00:01:30Z,31.04,30.8047,30.8047,2,1,2010-03-30,31.280258333333332
7216,Water Temperature,Scott Reef,1098,SCOTT_SL4,3992,SCOTT_SL4,3992,-14.0237,121.8604,8.5,SU-07751,2010-03-16,2010-05-06,2010-03-31T00:01:30Z,31.51,31.2716,31.2716,1,1,2010-03-31,30.948319444444444
7360,Water Temperature,Scott Reef,1098,SCOTT_SL4,3992,SCOTT_SL4,3992,-14.0237,121.8604,8.5,SU-07751,2010-03-16,2010-05-06,2010-04-01T00:01:30Z,31.15,30.914,30.914,1,1,2010-04-01,30.835259027777777
7504,Water Temperature,Scott Reef,1098,SCOTT_SL4,3992,SCOTT_SL4,3992,-14.0237,121.8604,8.5,SU-07751,2010-03-16,2010-05-06,2010-04-02T00:01:30Z,31.04,30.8047,30.8047,1,1,2010-04-02,30.984599305555555
7648,Water Temperature,Scott Reef,1098,SCOTT_SL4,3992,SCOTT_SL4,3992,-14.0237,121.8604,8.5,SU-07751,2010-03-16,2010-05-06,2010-04-03T00:01:30Z,31.06,30.8246,30.8246,1,1,2010-04-03,31.036686111111113
7792,Water Temperature,Scott Reef,1098,SCOTT_SL4,3992,SCOTT_SL4,3992,-14.0237,121.8604,8.5,SU-07751,2010-03-16,2010-05-06,2010-04-04T00:01:30Z,31.13,30.8941,30.8941,1,1,2010-04-04,31.14229513888889
7936,Water Temperature,Scott Reef,1098,SCOTT_SL4,3992,SCOTT_SL4,3992,-14.0237,121.8604,8.5,SU-07751,2010-03-16,2010-05-06,2010-04-05T00:01:30Z,31.03,30.7948,30.7948,1,1,2010-04-05,31.038752777777777
8080,Water Temperature,Scott Reef,1098,SCOTT_SL4,3992,SCOTT_SL4,3992,-14.0237,121.8604,8.5,SU-07751,2010-03-16,2010-05-06,2010-04-06T00:01:30Z,30.97,30.7352,30.7352,1,1,2010-04-06,31.02813125
8224,Water Temperature,Scott Reef,1098,SCOTT_SL4,3992,SCOTT_SL4,3992,-14.0237,121.8604,8.5,SU-07751,2010-03-16,2010-05-06,2010-04-07T00:01:30Z,30.58,30.3478,30.3478,1,1,2010-04-07,31.110286805555557
8368,Water Temperature,Scott Reef,1098,SCOTT_SL4,3992,SCOTT_SL4,3992,-14.0237,121.8604,8.5,SU-07751,2010-03-16,2010-05-06,2010-04-08T00:01:30Z,31.36,31.1226,31.1226,1,1,2010-04-08,31.331097916666668
8512,Water Temperature,Scott Reef,1098,SCOTT_SL4,3992,SCOTT_SL4,3992,-14.0237,121.8604,8.5,SU-07751,2010-03-16,2010-05-06,2010-04-09T00:01:30Z,31.49,31.2517,31.2517,1,1,2010-04-09,31.291227083333332
8656,Water Temperature,Scott Reef,1098,SCOTT_SL4,3992,SCOTT_SL4,3992,-14.0237,121.8604,8.5,SU-07751,2010-03-16,2010-05-06,2010-04-10T00:01:30Z,31.47,31.2318,31.2318,1,1,2010-04-10,31.268671527777776
8800,Water Temperature,Scott Reef,1098,SCOTT_SL4,3992,SCOTT_SL4,3992,-14.0237,121.8604,8.5,SU-07751,2010-03-16,2010-05-06,2010-04-11T00:01:30Z,31.39,31.1524,31.1524,1,1,2010-04-11,31.098285416666666
8944,Water Temperature,Scott Reef,1098,SCOTT_SL4,3992,SCOTT_SL4,3992,-14.0237,121.8604,8.5,SU-07751,2010-03-16,2010-05-06,2010-04-12T00:01:30Z,31.24,31.0034,31.0034,1,1,2010-04-12,31.074900694444445
9088,Water Temperature,Scott Reef,1098,SCOTT_SL4,3992,SCOTT_SL4,3992,-14.0237,121.8604,8.5,SU-07751,2010-03-16,2010-05-06,2010-04-13T00:01:30Z,31.05,30.8146,30.8146,2,1,2010-04-13,30.704681944444445
9232,Water Temperature,Scott Reef,1098,SCOTT_SL4,3992,SCOTT_SL4,3992,-14.0237,121.8604,8.5,SU-07751,2010-03-16,2010-05-06,2010-04-14T00:01:30Z,30.97,30.7352,30.7352,1,1,2010-04-14,30.438964583333334
9376,Water Temperature,Scott Reef,1098,SCOTT_SL4,3992,SCOTT_SL4,3992,-14.0237,121.8604,8.5,SU-07751,2010-03-16,2010-05-06,2010-04-15T00:01:30Z,30.76,30.5266,30.5266,1,1,2010-04-15,30.394261805555555
9520,Water Temperature,Scott Reef,1098,SCOTT_SL4,3992,SCOTT_SL4,3992,-14.0237,121.8604,8.5,SU-07751,2010-03-16,2010-05-06,2010-04-16T00:01:30Z,30.64,30.4074,30.4074,1,1,2010-04-16,30.411511805555556
9664,Water Temperature,Scott Reef,1098,SCOTT_SL4,3992,SCOTT_SL4,3992,-14.0237,121.8604,8.5,SU-07751,2010-03-16,2010-05-06,2010-04-17T00:01:30Z,30.53,30.2981,30.2981,1,1,2010-04-17,30.240639583333333
9808,Water Temperature,Scott Reef,1098,SCOTT_SL4,3992,SCOTT_SL4,3992,-14.0237,121.8604,8.5,SU-07751,2010-03-16,2010-05-06,2010-04-18T00:01:30Z,30.6,30.3676,30.3676,1,1,2010-04-18,30.355563888888888
9952,Water Temperature,Scott Reef,1098,SCOTT_SL4,3992,SCOTT_SL4,3992,-14.0237,121.8604,8.5,SU-07751,2010-03-16,2010-05-06,2010-04-19T00:01:30Z,30.5,30.2683,30.2683,1,1,2010-04-19,30.33949513888889
10096,Water Temperature,Scott Reef,1098,SCOTT_SL4,3992,SCOTT_SL4,3992,-14.0237,121.8604,8.5,SU-07751,2010-03-16,2010-05-06,2010-04-20T00:01:30Z,30.31,30.0796,30.0796,1,1,2010-04-20,30.252230555555556
10240,Water Temperature,Scott Reef,1098,SCOTT_SL4,3992,SCOTT_SL4,3992,-14.0237,121.8604,8.5,SU-07751,2010-03-16,2010-05-06,2010-04-21T00:01:30Z,30.11,29.8809,29.8809,1,1,2010-04-21,30.250229861111112
10384,Water Temperature,Scott Reef,1098,SCOTT_SL4,3992,SCOTT_SL4,3992,-14.0237,121.8604,8.5,SU-07751,2010-03-16,2010-05-06,2010-04-22T00:01:30Z,30.16,29.9306,29.9306,1,1,2010-04-22,30.314381944444445
10528,Water Temperature,Scott Reef,1098,SCOTT_SL4,3992,SCOTT_SL4,3992,-14.0237,121.8604,8.5,SU-07751,2010-03-16,2010-05-06,2010-04-23T00:01:30Z,30.09,29.861,29.861,1,1,2010-04-23,30.469243055555555
10672,Water Temperature,Scott Reef,1098,SCOTT_SL4,3992,SCOTT_SL4,3992,-14.0237,121.8604,8.5,SU-07751,2010-03-16,2010-05-06,2010-04-24T00:01:30Z,30.64,30.4074,30.4074,1,1,2010-04-24,30.58554513888889
10816,Water Temperature,Scott Reef,1098,SCOTT_SL4,3992,SCOTT_SL4,3992,-14.0237,121.8604,8.5,SU-07751,2010-03-16,2010-05-06,2010-04-25T00:01:30Z,30.74,30.5067,30.5067,1,1,2010-04-25,30.605273611111112
10960,Water Temperature,Scott Reef,1098,SCOTT_SL4,3992,SCOTT_SL4,3992,-14.0237,121.8604,8.5,SU-07751,2010-03-16,2010-05-06,2010-04-26T00:01:30Z,30.81,30.5762,30.5762,1,1,2010-04-26,30.66376875
11104,Water Temperature,Scott Reef,1098,SCOTT_SL4,3992,SCOTT_SL4,3992,-14.0237,121.8604,8.5,SU-07751,2010-03-16,2010-05-06,2010-04-27T00:01:30Z,30.76,30.5266,30.5266,1,1,2010-04-27,30.563959027777777
11248,Water Temperature,Scott Reef,1098,SCOTT_SL4,3992,SCOTT_SL4,3992,-14.0237,121.8604,8.5,SU-07751,2010-03-16,2010-05-06,2010-04-28T00:01:30Z,30.72,30.4868,30.4868,1,1,2010-04-28,30.454691666666665
11392,Water Temperature,Scott Reef,1098,SCOTT_SL4,3992,SCOTT_SL4,3992,-14.0237,121.8604,8.5,SU-07751,2010-03-16,2010-05-06,2010-04-29T00:01:30Z,30.62,30.3875,30.3875,1,1,2010-04-29,30.200013194444445
11536,Water Temperature,Scott Reef,1098,SCOTT_SL4,3992,SCOTT_SL4,3992,-14.0237,121.8604,8.5,SU-07751,2010-03-16,2010-05-06,2010-04-30T00:01:30Z,30.59,30.3577,30.3577,1,1,2010-04-30,30.196847916666666
11680,Water Temperature,Scott Reef,1098,SCOTT_SL4,3992,SCOTT_SL4,3992,-14.0237,121.8604,8.5,SU-07751,2010-03-16,2010-05-06,2010-05-01T00:01:30Z,30.48,30.2484,30.2484,1,1,2010-05-01,30.15683472222222
11824,Water Temperature,Scott Reef,1098,SCOTT_SL4,3992,SCOTT_SL4,3992,-14.0237,121.8604,8.5,SU-07751,2010-03-16,2010-05-06,2010-05-02T00:01:30Z,30.43,30.1988,30.1988,1,1,2010-05-02,30.127239583333335
11968,Water Temperature,Scott Reef,1098,SCOTT_SL4,3992,SCOTT_SL4,3992,-14.0237,121.8604,8.5,SU-07751,2010-03-16,2010-05-06,2010-05-03T00:01:30Z,30.18,29.9504,29.9504,1,1,2010-05-03,30.023142361111113
12112,Water Temperature,Scott Reef,1098,SCOTT_SL4,3992,SCOTT_SL4,3992,-14.0237,121.8604,8.5,SU-07751,2010-03-16,2010-05-06,2010-05-04T00:01:30Z,30.09,29.861,29.861,1,1,2010-05-04,29.972448611111112
12256,Water Temperature,Scott Reef,1098,SCOTT_SL4,3992,SCOTT_SL4,3992,-14.0237,121.8604,8.5,SU-07751,2010-03-16,2010-05-06,2010-05-05T00:01:30Z,29.9,29.6723,29.6723,1,1,2010-05-05,29.875003125
12352,Water Temperature,Scott Reef,1098,SCOTT_SL4,3992,SCOTT_SL4,3992,-14.0237,121.8604,8.6,SU-08403,2010-05-11,2010-10-28,2010-05-11T16:00:47Z,NA,29.16,29.16,1,1,2010-05-11,29.280833333333334
12400,Water Temperature,Scott Reef,1098,SCOTT_SL4,3992,SCOTT_SL4,3992,-14.0237,121.8604,8.6,SU-08403,2010-05-11,2010-10-28,2010-05-12T00:00:47Z,NA,29.62,29.62,1,1,2010-05-12,29.477777777777778
12544,Water Temperature,Scott Reef,1098,SCOTT_SL4,3992,SCOTT_SL4,3992,-14.0237,121.8604,8.6,SU-08403,2010-05-11,2010-10-28,2010-05-13T00:00:47Z,NA,29.62,29.62,1,1,2010-05-13,29.31798611111111
12688,Water Temperature,Scott Reef,1098,SCOTT_SL4,3992,SCOTT_SL4,3992,-14.0237,121.8604,8.6,SU-08403,2010-05-11,2010-10-28,2010-05-14T00:00:47Z,NA,29.58,29.58,1,1,2010-05-14,29.307569444444443
12832,Water Temperature,Scott Reef,1098,SCOTT_SL4,3992,SCOTT_SL4,3992,-14.0237,121.8604,8.6,SU-08403,2010-05-11,2010-10-28,2010-05-15T00:00:47Z,NA,29.4,29.4,1,1,2010-05-15,29.25486111111111
12976,Water Temperature,Scott Reef,1098,SCOTT_SL4,3992,SCOTT_SL4,3992,-14.0237,121.8604,8.6,SU-08403,2010-05-11,2010-10-28,2010-05-16T00:00:47Z,NA,29.33,29.33,1,1,2010-05-16,29.212222222222223
13120,Water Temperature,Scott Reef,1098,SCOTT_SL4,3992,SCOTT_SL4,3992,-14.0237,121.8604,8.6,SU-08403,2010-05-11,2010-10-28,2010-05-17T00:00:47Z,NA,29.29,29.29,1,1,2010-05-17,29.174444444444443
13264,Water Temperature,Scott Reef,1098,SCOTT_SL4,3992,SCOTT_SL4,3992,-14.0237,121.8604,8.6,SU-08403,2010-05-11,2010-10-28,2010-05-18T00:00:47Z,NA,29.09,29.09,1,1,2010-05-18,29.01097222222222
13408,Water Temperature,Scott Reef,1098,SCOTT_SL4,3992,SCOTT_SL4,3992,-14.0237,121.8604,8.6,SU-08403,2010-05-11,2010-10-28,2010-05-19T00:00:47Z,NA,28.82,28.82,1,1,2010-05-19,29.014444444444443
13552,Water Temperature,Scott Reef,1098,SCOTT_SL4,3992,SCOTT_SL4,3992,-14.0237,121.8604,8.6,SU-08403,2010-05-11,2010-10-28,2010-05-20T00:00:47Z,NA,28.85,28.85,1,1,2010-05-20,29.10902777777778
13696,Water Temperature,Scott Reef,1098,SCOTT_SL4,3992,SCOTT_SL4,3992,-14.0237,121.8604,8.6,SU-08403,2010-05-11,2010-10-28,2010-05-21T00:00:47Z,NA,28.98,28.98,1,1,2010-05-21,29.201180555555556
13840,Water Temperature,Scott Reef,1098,SCOTT_SL4,3992,SCOTT_SL4,3992,-14.0237,121.8604,8.6,SU-08403,2010-05-11,2010-10-28,2010-05-22T00:00:47Z,NA,29.12,29.12,1,1,2010-05-22,29.316388888888888
13984,Water Temperature,Scott Reef,1098,SCOTT_SL4,3992,SCOTT_SL4,3992,-14.0237,121.8604,8.6,SU-08403,2010-05-11,2010-10-28,2010-05-23T00:00:47Z,NA,29.1,29.1,1,1,2010-05-23,29.257569444444446
14128,Water Temperature,Scott Reef,1098,SCOTT_SL4,3992,SCOTT_SL4,3992,-14.0237,121.8604,8.6,SU-08403,2010-05-11,2010-10-28,2010-05-24T00:00:47Z,NA,29.14,29.14,1,1,2010-05-24,29.26
14272,Water Temperature,Scott Reef,1098,SCOTT_SL4,3992,SCOTT_SL4,3992,-14.0237,121.8604,8.6,SU-08403,2010-05-11,2010-10-28,2010-05-25T00:00:47Z,NA,29.1,29.1,1,1,2010-05-25,29.19909722222222
14416,Water Temperature,Scott Reef,1098,SCOTT_SL4,3992,SCOTT_SL4,3992,-14.0237,121.8604,8.6,SU-08403,2010-05-11,2010-10-28,2010-05-26T00:00:47Z,NA,29.08,29.08,1,1,2010-05-26,29.249305555555555
14560,Water Temperature,Scott Reef,1098,SCOTT_SL4,3992,SCOTT_SL4,3992,-14.0237,121.8604,8.6,SU-08403,2010-05-11,2010-10-28,2010-05-27T00:00:47Z,NA,29.14,29.14,1,1,2010-05-27,29.21902777777778
14704,Water Temperature,Scott Reef,1098,SCOTT_SL4,3992,SCOTT_SL4,3992,-14.0237,121.8604,8.6,SU-08403,2010-05-11,2010-10-28,2010-05-28T00:00:47Z,NA,29.17,29.17,1,1,2010-05-28,29.08361111111111
14848,Water Temperature,Scott Reef,1098,SCOTT_SL4,3992,SCOTT_SL4,3992,-14.0237,121.8604,8.6,SU-08403,2010-05-11,2010-10-28,2010-05-29T00:00:47Z,NA,28.98,28.98,1,1,2010-05-29,29.064791666666668
14992,Water Temperature,Scott Reef,1098,SCOTT_SL4,3992,SCOTT_SL4,3992,-14.0237,121.8604,8.6,SU-08403,2010-05-11,2010-10-28,2010-05-30T00:00:47Z,NA,29.11,29.11,1,1,2010-05-30,29.154097222222223
15136,Water Temperature,Scott Reef,1098,SCOTT_SL4,3992,SCOTT_SL4,3992,-14.0237,121.8604,8.6,SU-08403,2010-05-11,2010-10-28,2010-05-31T00:00:47Z,NA,29.07,29.07,1,1,2010-05-31,28.954375
15280,Water Temperature,Scott Reef,1098,SCOTT_SL4,3992,SCOTT_SL4,3992,-14.0237,121.8604,8.6,SU-08403,2010-05-11,2010-10-28,2010-06-01T00:00:47Z,NA,28.85,28.85,1,1,2010-06-01,28.949236111111112
15424,Water Temperature,Scott Reef,1098,SCOTT_SL4,3992,SCOTT_SL4,3992,-14.0237,121.8604,8.6,SU-08403,2010-05-11,2010-10-28,2010-06-02T00:00:47Z,NA,28.72,28.72,1,1,2010-06-02,28.992569444444445
15568,Water Temperature,Scott Reef,1098,SCOTT_SL4,3992,SCOTT_SL4,3992,-14.0237,121.8604,8.6,SU-08403,2010-05-11,2010-10-28,2010-06-03T00:00:47Z,NA,28.85,28.85,1,1,2010-06-03,29.036944444444444
15712,Water Temperature,Scott Reef,1098,SCOTT_SL4,3992,SCOTT_SL4,3992,-14.0237,121.8604,8.6,SU-08403,2010-05-11,2010-10-28,2010-06-04T00:00:47Z,NA,28.6,28.6,1,1,2010-06-04,28.775
15856,Water Temperature,Scott Reef,1098,SCOTT_SL4,3992,SCOTT_SL4,3992,-14.0237,121.8604,8.6,SU-08403,2010-05-11,2010-10-28,2010-06-05T00:00:47Z,NA,28.12,28.12,1,1,2010-06-05,28.687291666666667
16000,Water Temperature,Scott Reef,1098,SCOTT_SL4,3992,SCOTT_SL4,3992,-14.0237,121.8604,8.6,SU-08403,2010-05-11,2010-10-28,2010-06-06T00:00:47Z,NA,27.61,27.61,2,1,2010-06-06,28.23673611111111
16144,Water Temperature,Scott Reef,1098,SCOTT_SL4,3992,SCOTT_SL4,3992,-14.0237,121.8604,8.6,SU-08403,2010-05-11,2010-10-28,2010-06-07T00:00:47Z,NA,26.89,26.89,1,1,2010-06-07,28.136388888888888
16288,Water Temperature,Scott Reef,1098,SCOTT_SL4,3992,SCOTT_SL4,3992,-14.0237,121.8604,8.6,SU-08403,2010-05-11,2010-10-28,2010-06-08T00:00:47Z,NA,28.41,28.41,1,1,2010-06-08,28.096319444444443
16432,Water Temperature,Scott Reef,1098,SCOTT_SL4,3992,SCOTT_SL4,3992,-14.0237,121.8604,8.6,SU-08403,2010-05-11,2010-10-28,2010-06-09T00:00:47Z,NA,28.48,28.48,1,1,2010-06-09,28.234791666666666
16576,Water Temperature,Scott Reef,1098,SCOTT_SL4,3992,SCOTT_SL4,3992,-14.0237,121.8604,8.6,SU-08403,2010-05-11,2010-10-28,2010-06-10T00:00:47Z,NA,28.51,28.51,1,1,2010-06-10,28.211805555555557
16720,Water Temperature,Scott Reef,1098,SCOTT_SL4,3992,SCOTT_SL4,3992,-14.0237,121.8604,8.6,SU-08403,2010-05-11,2010-10-28,2010-06-11T00:00:47Z,NA,28.6,28.6,1,1,2010-06-11,28.24888888888889
16864,Water Temperature,Scott Reef,1098,SCOTT_SL4,3992,SCOTT_SL4,3992,-14.0237,121.8604,8.6,SU-08403,2010-05-11,2010-10-28,2010-06-12T00:00:47Z,NA,28.51,28.51,1,1,2010-06-12,28.23576388888889
17008,Water Temperature,Scott Reef,1098,SCOTT_SL4,3992,SCOTT_SL4,3992,-14.0237,121.8604,8.6,SU-08403,2010-05-11,2010-10-28,2010-06-13T00:00:47Z,NA,28.49,28.49,1,1,2010-06-13,28.253958333333333
17152,Water Temperature,Scott Reef,1098,SCOTT_SL4,3992,SCOTT_SL4,3992,-14.0237,121.8604,8.6,SU-08403,2010-05-11,2010-10-28,2010-06-14T00:00:47Z,NA,28.49,28.49,1,1,2010-06-14,28.25513888888889
17296,Water Temperature,Scott Reef,1098,SCOTT_SL4,3992,SCOTT_SL4,3992,-14.0237,121.8604,8.6,SU-08403,2010-05-11,2010-10-28,2010-06-15T00:00:47Z,NA,28.38,28.38,1,1,2010-06-15,28.166944444444443
17440,Water Temperature,Scott Reef,1098,SCOTT_SL4,3992,SCOTT_SL4,3992,-14.0237,121.8604,8.6,SU-08403,2010-05-11,2010-10-28,2010-06-16T00:00:47Z,NA,28.12,28.12,2,1,2010-06-16,28.037222222222223
17584,Water Temperature,Scott Reef,1098,SCOTT_SL4,3992,SCOTT_SL4,3992,-14.0237,121.8604,8.6,SU-08403,2010-05-11,2010-10-28,2010-06-17T00:00:47Z,NA,27.54,27.54,1,1,2010-06-17,27.992083333333333
17728,Water Temperature,Scott Reef,1098,SCOTT_SL4,3992,SCOTT_SL4,3992,-14.0237,121.8604,8.6,SU-08403,2010-05-11,2010-10-28,2010-06-18T00:00:47Z,NA,27.31,27.31,1,1,2010-06-18,27.935833333333335
17872,Water Temperature,Scott Reef,1098,SCOTT_SL4,3992,SCOTT_SL4,3992,-14.0237,121.8604,8.6,SU-08403,2010-05-11,2010-10-28,2010-06-19T00:00:47Z,NA,27.41,27.41,1,1,2010-06-19,27.985555555555557
18016,Water Temperature,Scott Reef,1098,SCOTT_SL4,3992,SCOTT_SL4,3992,-14.0237,121.8604,8.6,SU-08403,2010-05-11,2010-10-28,2010-06-20T00:00:47Z,NA,27.39,27.39,1,1,2010-06-20,27.777916666666666
18160,Water Temperature,Scott Reef,1098,SCOTT_SL4,3992,SCOTT_SL4,3992,-14.0237,121.8604,8.6,SU-08403,2010-05-11,2010-10-28,2010-06-21T00:00:47Z,NA,27.32,27.32,1,1,2010-06-21,27.567916666666665
18304,Water Temperature,Scott Reef,1098,SCOTT_SL4,3992,SCOTT_SL4,3992,-14.0237,121.8604,8.6,SU-08403,2010-05-11,2010-10-28,2010-06-22T00:00:47Z,NA,27.15,27.15,1,1,2010-06-22,27.288958333333333
18448,Water Temperature,Scott Reef,1098,SCOTT_SL4,3992,SCOTT_SL4,3992,-14.0237,121.8604,8.6,SU-08403,2010-05-11,2010-10-28,2010-06-23T00:00:47Z,NA,26.6,26.6,1,1,2010-06-23,27.291875
18592,Water Temperature,Scott Reef,1098,SCOTT_SL4,3992,SCOTT_SL4,3992,-14.0237,121.8604,8.6,SU-08403,2010-05-11,2010-10-28,2010-06-24T00:00:47Z,NA,27.54,27.54,1,1,2010-06-24,27.391805555555557
18736,Water Temperature,Scott Reef,1098,SCOTT_SL4,3992,SCOTT_SL4,3992,-14.0237,121.8604,8.6,SU-08403,2010-05-11,2010-10-28,2010-06-25T00:00:47Z,NA,27.58,27.58,1,1,2010-06-25,27.548472222222223
18880,Water Temperature,Scott Reef,1098,SCOTT_SL4,3992,SCOTT_SL4,3992,-14.0237,121.8604,8.6,SU-08403,2010-05-11,2010-10-28,2010-06-26T00:00:47Z,NA,27.63,27.63,1,1,2010-06-26,27.610972222222223
19024,Water Temperature,Scott Reef,1098,SCOTT_SL4,3992,SCOTT_SL4,3992,-14.0237,121.8604,8.6,SU-08403,2010-05-11,2010-10-28,2010-06-27T00:00:47Z,NA,27.68,27.68,1,1,2010-06-27,27.726388888888888
19168,Water Temperature,Scott Reef,1098,SCOTT_SL4,3992,SCOTT_SL4,3992,-14.0237,121.8604,8.6,SU-08403,2010-05-11,2010-10-28,2010-06-28T00:00:47Z,NA,27.65,27.65,1,1,2010-06-28,27.626944444444444
19312,Water Temperature,Scott Reef,1098,SCOTT_SL4,3992,SCOTT_SL4,3992,-14.0237,121.8604,8.6,SU-08403,2010-05-11,2010-10-28,2010-06-29T00:00:47Z,NA,27.61,27.61,1,1,2010-06-29,27.601875
19456,Water Temperature,Scott Reef,1098,SCOTT_SL4,3992,SCOTT_SL4,3992,-14.0237,121.8604,8.6,SU-08403,2010-05-11,2010-10-28,2010-06-30T00:00:47Z,NA,27.52,27.52,1,1,2010-06-30,27.571944444444444
19600,Water Temperature,Scott Reef,1098,SCOTT_SL4,3992,SCOTT_SL4,3992,-14.0237,121.8604,8.6,SU-08403,2010-05-11,2010-10-28,2010-07-01T00:00:47Z,NA,27.25,27.25,1,1,2010-07-01,27.443125
19744,Water Temperature,Scott Reef,1098,SCOTT_SL4,3992,SCOTT_SL4,3992,-14.0237,121.8604,8.6,SU-08403,2010-05-11,2010-10-28,2010-07-02T00:00:47Z,NA,27,27,1,1,2010-07-02,27.32784722222222
19888,Water Temperature,Scott Reef,1098,SCOTT_SL4,3992,SCOTT_SL4,3992,-14.0237,121.8604,8.6,SU-08403,2010-05-11,2010-10-28,2010-07-03T00:00:47Z,NA,26.84,26.84,1,1,2010-07-03,27.325416666666666
20032,Water Temperature,Scott Reef,1098,SCOTT_SL4,3992,SCOTT_SL4,3992,-14.0237,121.8604,8.6,SU-08403,2010-05-11,2010-10-28,2010-07-04T00:00:47Z,NA,26.93,26.93,1,1,2010-07-04,27.40798611111111
20176,Water Temperature,Scott Reef,1098,SCOTT_SL4,3992,SCOTT_SL4,3992,-14.0237,121.8604,8.6,SU-08403,2010-05-11,2010-10-28,2010-07-05T00:00:47Z,NA,27.19,27.19,1,1,2010-07-05,27.588819444444443
20320,Water Temperature,Scott Reef,1098,SCOTT_SL4,3992,SCOTT_SL4,3992,-14.0237,121.8604,8.6,SU-08403,2010-05-11,2010-10-28,2010-07-06T00:00:47Z,NA,27.15,27.15,1,1,2010-07-06,27.417708333333334
20464,Water Temperature,Scott Reef,1098,SCOTT_SL4,3992,SCOTT_SL4,3992,-14.0237,121.8604,8.6,SU-08403,2010-05-11,2010-10-28,2010-07-07T00:00:47Z,NA,27.27,27.27,1,1,2010-07-07,27.09777777777778
20608,Water Temperature,Scott Reef,1098,SCOTT_SL4,3992,SCOTT_SL4,3992,-14.0237,121.8604,8.6,SU-08403,2010-05-11,2010-10-28,2010-07-08T00:00:47Z,NA,26.91,26.91,1,1,2010-07-08,27.31138888888889
20752,Water Temperature,Scott Reef,1098,SCOTT_SL4,3992,SCOTT_SL4,3992,-14.0237,121.8604,8.6,SU-08403,2010-05-11,2010-10-28,2010-07-09T00:00:47Z,NA,27.49,27.49,1,1,2010-07-09,27.530208333333334
20896,Water Temperature,Scott Reef,1098,SCOTT_SL4,3992,SCOTT_SL4,3992,-14.0237,121.8604,8.6,SU-08403,2010-05-11,2010-10-28,2010-07-10T00:00:47Z,NA,27.61,27.61,1,1,2010-07-10,27.64472222222222
21040,Water Temperature,Scott Reef,1098,SCOTT_SL4,3992,SCOTT_SL4,3992,-14.0237,121.8604,8.6,SU-08403,2010-05-11,2010-10-28,2010-07-11T00:00:47Z,NA,27.58,27.58,1,1,2010-07-11,27.67888888888889
21184,Water Temperature,Scott Reef,1098,SCOTT_SL4,3992,SCOTT_SL4,3992,-14.0237,121.8604,8.6,SU-08403,2010-05-11,2010-10-28,2010-07-12T00:00:47Z,NA,27.59,27.59,1,1,2010-07-12,27.749444444444446
21328,Water Temperature,Scott Reef,1098,SCOTT_SL4,3992,SCOTT_SL4,3992,-14.0237,121.8604,8.6,SU-08403,2010-05-11,2010-10-28,2010-07-13T00:00:47Z,NA,27.71,27.71,1,1,2010-07-13,27.629305555555554
21472,Water Temperature,Scott Reef,1098,SCOTT_SL4,3992,SCOTT_SL4,3992,-14.0237,121.8604,8.6,SU-08403,2010-05-11,2010-10-28,2010-07-14T00:00:47Z,NA,27.59,27.59,1,1,2010-07-14,27.64986111111111
21616,Water Temperature,Scott Reef,1098,SCOTT_SL4,3992,SCOTT_SL4,3992,-14.0237,121.8604,8.6,SU-08403,2010-05-11,2010-10-28,2010-07-15T00:00:47Z,NA,27.65,27.65,1,1,2010-07-15,27.636388888888888
21760,Water Temperature,Scott Reef,1098,SCOTT_SL4,3992,SCOTT_SL4,3992,-14.0237,121.8604,8.6,SU-08403,2010-05-11,2010-10-28,2010-07-16T00:00:47Z,NA,27.21,27.21,1,1,2010-07-16,27.515208333333334
21904,Water Temperature,Scott Reef,1098,SCOTT_SL4,3992,SCOTT_SL4,3992,-14.0237,121.8604,8.6,SU-08403,2010-05-11,2010-10-28,2010-07-17T00:00:47Z,NA,27.21,27.21,1,1,2010-07-17,27.61048611111111
22048,Water Temperature,Scott Reef,1098,SCOTT_SL4,3992,SCOTT_SL4,3992,-14.0237,121.8604,8.6,SU-08403,2010-05-11,2010-10-28,2010-07-18T00:00:47Z,NA,27.35,27.35,1,1,2010-07-18,27.638472222222223
22192,Water Temperature,Scott Reef,1098,SCOTT_SL4,3992,SCOTT_SL4,3992,-14.0237,121.8604,8.6,SU-08403,2010-05-11,2010-10-28,2010-07-19T00:00:47Z,NA,27.35,27.35,1,1,2010-07-19,27.662847222222222
22336,Water Temperature,Scott Reef,1098,SCOTT_SL4,3992,SCOTT_SL4,3992,-14.0237,121.8604,8.6,SU-08403,2010-05-11,2010-10-28,2010-07-20T00:00:47Z,NA,27.33,27.33,1,1,2010-07-20,27.666180555555556
22480,Water Temperature,Scott Reef,1098,SCOTT_SL4,3992,SCOTT_SL4,3992,-14.0237,121.8604,8.6,SU-08403,2010-05-11,2010-10-28,2010-07-21T00:00:47Z,NA,26.96,26.96,1,1,2010-07-21,27.377847222222222
22624,Water Temperature,Scott Reef,1098,SCOTT_SL4,3992,SCOTT_SL4,3992,-14.0237,121.8604,8.6,SU-08403,2010-05-11,2010-10-28,2010-07-22T00:00:47Z,NA,27.39,27.39,1,1,2010-07-22,27.28736111111111
22768,Water Temperature,Scott Reef,1098,SCOTT_SL4,3992,SCOTT_SL4,3992,-14.0237,121.8604,8.6,SU-08403,2010-05-11,2010-10-28,2010-07-23T00:00:47Z,NA,27.4,27.4,1,1,2010-07-23,27.259166666666665
22912,Water Temperature,Scott Reef,1098,SCOTT_SL4,3992,SCOTT_SL4,3992,-14.0237,121.8604,8.6,SU-08403,2010-05-11,2010-10-28,2010-07-24T00:00:47Z,NA,27.37,27.37,1,1,2010-07-24,27.246805555555554
23056,Water Temperature,Scott Reef,1098,SCOTT_SL4,3992,SCOTT_SL4,3992,-14.0237,121.8604,8.6,SU-08403,2010-05-11,2010-10-28,2010-07-25T00:00:47Z,NA,27.34,27.34,1,1,2010-07-25,27.302083333333332
23200,Water Temperature,Scott Reef,1098,SCOTT_SL4,3992,SCOTT_SL4,3992,-14.0237,121.8604,8.6,SU-08403,2010-05-11,2010-10-28,2010-07-26T00:00:47Z,NA,27.38,27.38,1,1,2010-07-26,27.264791666666667
23344,Water Temperature,Scott Reef,1098,SCOTT_SL4,3992,SCOTT_SL4,3992,-14.0237,121.8604,8.6,SU-08403,2010-05-11,2010-10-28,2010-07-27T00:00:47Z,NA,27.32,27.32,1,1,2010-07-27,27.35965277777778
23488,Water Temperature,Scott Reef,1098,SCOTT_SL4,3992,SCOTT_SL4,3992,-14.0237,121.8604,8.6,SU-08403,2010-05-11,2010-10-28,2010-07-28T00:00:47Z,NA,27.31,27.31,1,1,2010-07-28,27.41548611111111
23632,Water Temperature,Scott Reef,1098,SCOTT_SL4,3992,SCOTT_SL4,3992,-14.0237,121.8604,8.6,SU-08403,2010-05-11,2010-10-28,2010-07-29T00:00:47Z,NA,27.43,27.43,1,1,2010-07-29,27.482152777777777
23776,Water Temperature,Scott Reef,1098,SCOTT_SL4,3992,SCOTT_SL4,3992,-14.0237,121.8604,8.6,SU-08403,2010-05-11,2010-10-28,2010-07-30T00:00:47Z,NA,27.4,27.4,1,1,2010-07-30,27.62326388888889
23920,Water Temperature,Scott Reef,1098,SCOTT_SL4,3992,SCOTT_SL4,3992,-14.0237,121.8604,8.6,SU-08403,2010-05-11,2010-10-28,2010-07-31T00:00:47Z,NA,27.48,27.48,1,1,2010-07-31,27.556666666666665
24064,Water Temperature,Scott Reef,1098,SCOTT_SL4,3992,SCOTT_SL4,3992,-14.0237,121.8604,8.6,SU-08403,2010-05-11,2010-10-28,2010-08-01T00:00:47Z,NA,27.14,27.14,1,1,2010-08-01,27.447222222222223
24208,Water Temperature,Scott Reef,1098,SCOTT_SL4,3992,SCOTT_SL4,3992,-14.0237,121.8604,8.6,SU-08403,2010-05-11,2010-10-28,2010-08-02T00:00:47Z,NA,27.03,27.03,1,1,2010-08-02,27.19701388888889
24352,Water Temperature,Scott Reef,1098,SCOTT_SL4,3992,SCOTT_SL4,3992,-14.0237,121.8604,8.6,SU-08403,2010-05-11,2010-10-28,2010-08-03T00:00:47Z,NA,26.83,26.83,1,1,2010-08-03,27.20652777777778
24496,Water Temperature,Scott Reef,1098,SCOTT_SL4,3992,SCOTT_SL4,3992,-14.0237,121.8604,8.6,SU-08403,2010-05-11,2010-10-28,2010-08-04T00:00:47Z,NA,26.83,26.83,1,1,2010-08-04,27.15736111111111
24640,Water Temperature,Scott Reef,1098,SCOTT_SL4,3992,SCOTT_SL4,3992,-14.0237,121.8604,8.6,SU-08403,2010-05-11,2010-10-28,2010-08-05T00:00:47Z,NA,26.72,26.72,1,1,2010-08-05,27.02916666666667
24784,Water Temperature,Scott Reef,1098,SCOTT_SL4,3992,SCOTT_SL4,3992,-14.0237,121.8604,8.6,SU-08403,2010-05-11,2010-10-28,2010-08-06T00:00:47Z,NA,26.7,26.7,1,1,2010-08-06,27.10263888888889
24928,Water Temperature,Scott Reef,1098,SCOTT_SL4,3992,SCOTT_SL4,3992,-14.0237,121.8604,8.6,SU-08403,2010-05-11,2010-10-28,2010-08-07T00:00:47Z,NA,26.81,26.81,1,1,2010-08-07,27.185
25072,Water Temperature,Scott Reef,1098,SCOTT_SL4,3992,SCOTT_SL4,3992,-14.0237,121.8604,8.6,SU-08403,2010-05-11,2010-10-28,2010-08-08T00:00:47Z,NA,27.23,27.23,1,1,2010-08-08,27.247847222222223
25216,Water Temperature,Scott Reef,1098,SCOTT_SL4,3992,SCOTT_SL4,3992,-14.0237,121.8604,8.6,SU-08403,2010-05-11,2010-10-28,2010-08-09T00:00:47Z,NA,27.25,27.25,1,1,2010-08-09,26.998819444444443
25360,Water Temperature,Scott Reef,1098,SCOTT_SL4,3992,SCOTT_SL4,3992,-14.0237,121.8604,8.6,SU-08403,2010-05-11,2010-10-28,2010-08-10T00:00:47Z,NA,27.03,27.03,1,1,2010-08-10,26.884097222222223
25504,Water Temperature,Scott Reef,1098,SCOTT_SL4,3992,SCOTT_SL4,3992,-14.0237,121.8604,8.6,SU-08403,2010-05-11,2010-10-28,2010-08-11T00:00:47Z,NA,27.06,27.06,1,1,2010-08-11,26.980486111111112
25648,Water Temperature,Scott Reef,1098,SCOTT_SL4,3992,SCOTT_SL4,3992,-14.0237,121.8604,8.6,SU-08403,2010-05-11,2010-10-28,2010-08-12T00:00:47Z,NA,27.05,27.05,1,1,2010-08-12,27.02111111111111
25792,Water Temperature,Scott Reef,1098,SCOTT_SL4,3992,SCOTT_SL4,3992,-14.0237,121.8604,8.6,SU-08403,2010-05-11,2010-10-28,2010-08-13T00:00:47Z,NA,26.96,26.96,1,1,2010-08-13,27.04895833333333
25936,Water Temperature,Scott Reef,1098,SCOTT_SL4,3992,SCOTT_SL4,3992,-14.0237,121.8604,8.6,SU-08403,2010-05-11,2010-10-28,2010-08-14T00:00:47Z,NA,26.91,26.91,1,1,2010-08-14,27.080416666666668
26080,Water Temperature,Scott Reef,1098,SCOTT_SL4,3992,SCOTT_SL4,3992,-14.0237,121.8604,8.6,SU-08403,2010-05-11,2010-10-28,2010-08-15T00:00:47Z,NA,26.84,26.84,1,1,2010-08-15,27.081944444444446
26224,Water Temperature,Scott Reef,1098,SCOTT_SL4,3992,SCOTT_SL4,3992,-14.0237,121.8604,8.6,SU-08403,2010-05-11,2010-10-28,2010-08-16T00:00:47Z,NA,26.71,26.71,1,1,2010-08-16,27.08326388888889
26368,Water Temperature,Scott Reef,1098,SCOTT_SL4,3992,SCOTT_SL4,3992,-14.0237,121.8604,8.6,SU-08403,2010-05-11,2010-10-28,2010-08-17T00:00:47Z,NA,26.95,26.95,1,1,2010-08-17,27.189027777777778
26512,Water Temperature,Scott Reef,1098,SCOTT_SL4,3992,SCOTT_SL4,3992,-14.0237,121.8604,8.6,SU-08403,2010-05-11,2010-10-28,2010-08-18T00:00:47Z,NA,27.31,27.31,1,1,2010-08-18,27.258541666666666
26656,Water Temperature,Scott Reef,1098,SCOTT_SL4,3992,SCOTT_SL4,3992,-14.0237,121.8604,8.6,SU-08403,2010-05-11,2010-10-28,2010-08-19T00:00:47Z,NA,27.21,27.21,1,1,2010-08-19,27.221597222222222
26800,Water Temperature,Scott Reef,1098,SCOTT_SL4,3992,SCOTT_SL4,3992,-14.0237,121.8604,8.6,SU-08403,2010-05-11,2010-10-28,2010-08-20T00:00:47Z,NA,26.59,26.59,1,1,2010-08-20,27.106666666666666
26944,Water Temperature,Scott Reef,1098,SCOTT_SL4,3992,SCOTT_SL4,3992,-14.0237,121.8604,8.6,SU-08403,2010-05-11,2010-10-28,2010-08-21T00:00:47Z,NA,27.12,27.12,1,1,2010-08-21,27.226041666666667
27088,Water Temperature,Scott Reef,1098,SCOTT_SL4,3992,SCOTT_SL4,3992,-14.0237,121.8604,8.6,SU-08403,2010-05-11,2010-10-28,2010-08-22T00:00:47Z,NA,27.22,27.22,1,1,2010-08-22,27.325277777777778
27232,Water Temperature,Scott Reef,1098,SCOTT_SL4,3992,SCOTT_SL4,3992,-14.0237,121.8604,8.6,SU-08403,2010-05-11,2010-10-28,2010-08-23T00:00:47Z,NA,27.19,27.19,1,1,2010-08-23,27.31361111111111
27376,Water Temperature,Scott Reef,1098,SCOTT_SL4,3992,SCOTT_SL4,3992,-14.0237,121.8604,8.6,SU-08403,2010-05-11,2010-10-28,2010-08-24T00:00:47Z,NA,27.31,27.31,1,1,2010-08-24,27.43784722222222
27520,Water Temperature,Scott Reef,1098,SCOTT_SL4,3992,SCOTT_SL4,3992,-14.0237,121.8604,8.6,SU-08403,2010-05-11,2010-10-28,2010-08-25T00:00:47Z,NA,27.32,27.32,1,1,2010-08-25,27.525972222222222
27664,Water Temperature,Scott Reef,1098,SCOTT_SL4,3992,SCOTT_SL4,3992,-14.0237,121.8604,8.6,SU-08403,2010-05-11,2010-10-28,2010-08-26T00:00:47Z,NA,27.39,27.39,1,1,2010-08-26,27.490625
27808,Water Temperature,Scott Reef,1098,SCOTT_SL4,3992,SCOTT_SL4,3992,-14.0237,121.8604,8.6,SU-08403,2010-05-11,2010-10-28,2010-08-27T00:00:47Z,NA,27.35,27.35,1,1,2010-08-27,27.542986111111112
27952,Water Temperature,Scott Reef,1098,SCOTT_SL4,3992,SCOTT_SL4,3992,-14.0237,121.8604,8.6,SU-08403,2010-05-11,2010-10-28,2010-08-28T00:00:47Z,NA,27.44,27.44,1,1,2010-08-28,27.55872727272727
