sst_monthly,Latitude,Longitude,monthly_date,Reef_Site,Data_Type,mmm_from_sst,date,anomaly,SCOTTSL2_DHM
20.37198995,-28.4589,113.749,1981-09-01,SCOTTSL2,CCI,23.703111020537634,1981-Sep,-3.331121070537634,0
20.167409392580645,-28.4589,113.749,1981-10-01,SCOTTSL2,CCI,23.703111020537634,1981-Oct,-3.535701627956989,0
20.850325521,-28.4589,113.749,1981-11-01,SCOTTSL2,CCI,23.703111020537634,1981-Nov,-2.852785499537635,0
21.48740884032258,-28.4589,113.749,1981-12-01,SCOTTSL2,CCI,23.703111020537634,1981-Dec,-2.215702180215054,0
21.79515597419355,-28.4589,113.749,1982-01-01,SCOTTSL2,CCI,23.703111020537634,1982-Jan,-1.9079550463440853,0
22.32320447642857,-28.4589,113.749,1982-02-01,SCOTTSL2,CCI,23.703111020537634,1982-Feb,-1.3799065441090619,0
22.455155698709678,-28.4589,113.749,1982-03-01,SCOTTSL2,CCI,23.703111020537634,1982-Mar,-1.2479553218279555,0
22.625658161666667,-28.4589,113.749,1982-04-01,SCOTTSL2,CCI,23.703111020537634,1982-Apr,-1.0774528588709664,0
23.38386565129032,-28.4589,113.749,1982-05-01,SCOTTSL2,CCI,23.703111020537634,1982-May,-0.3192453692473123,0
22.655323283,-28.4589,113.749,1982-06-01,SCOTTSL2,CCI,23.703111020537634,1982-Jun,-1.0477877375376323,0
21.79257182387097,-28.4589,113.749,1982-07-01,SCOTTSL2,CCI,23.703111020537634,1982-Jul,-1.9105391966666652,0
20.562248771290324,-28.4589,113.749,1982-08-01,SCOTTSL2,CCI,23.703111020537634,1982-Aug,-3.1408622492473093,0
20.047325642,-28.4589,113.749,1982-09-01,SCOTTSL2,CCI,23.703111020537634,1982-Sep,-3.655785378537633,0
20.076123440645162,-28.4589,113.749,1982-10-01,SCOTTSL2,CCI,23.703111020537634,1982-Oct,-3.6269875798924716,0
21.201660156,-28.4589,113.749,1982-11-01,SCOTTSL2,CCI,23.703111020537634,1982-Nov,-2.5014508645376345,0
21.515799048064515,-28.4589,113.749,1982-12-01,SCOTTSL2,CCI,23.703111020537634,1982-Dec,-2.1873119724731183,0
23.3090227683871,-28.4589,113.749,1983-01-01,SCOTTSL2,CCI,23.703111020537634,1983-Jan,-0.3940882521505351,0
23.15499376642857,-28.4589,113.749,1983-02-01,SCOTTSL2,CCI,23.703111020537634,1983-Feb,-0.5481172541090622,0
24.00192930129032,-28.4589,113.749,1983-03-01,SCOTTSL2,CCI,23.703111020537634,1983-Mar,0.29881828075268757,0.29881828075268757
23.872990926,-28.4589,113.749,1983-04-01,SCOTTSL2,CCI,23.703111020537634,1983-Apr,0.1698799054623663,0.4686981862150539
24.891283391290322,-28.4589,113.749,1983-05-01,SCOTTSL2,CCI,23.703111020537634,1983-May,1.1881723707526888,1.6568705569677427
23.607660929,-28.4589,113.749,1983-06-01,SCOTTSL2,CCI,23.703111020537634,1983-Jun,-0.09545009153763218,0
22.260960536129033,-28.4589,113.749,1983-07-01,SCOTTSL2,CCI,23.703111020537634,1983-Jul,-1.4421504844086002,0
21.101282722580645,-28.4589,113.749,1983-08-01,SCOTTSL2,CCI,23.703111020537634,1983-Aug,-2.6018282979569882,0
20.799990844666667,-28.4589,113.749,1983-09-01,SCOTTSL2,CCI,23.703111020537634,1983-Sep,-2.903120175870967,0
20.555798733548386,-28.4589,113.749,1983-10-01,SCOTTSL2,CCI,23.703111020537634,1983-Oct,-3.147312286989248,0
20.781325276,-28.4589,113.749,1983-11-01,SCOTTSL2,CCI,23.703111020537634,1983-Nov,-2.921785744537633,0
21.364186735806452,-28.4589,113.749,1983-12-01,SCOTTSL2,CCI,23.703111020537634,1983-Dec,-2.3389242847311813,0
22.715477531612905,-28.4589,113.749,1984-01-01,SCOTTSL2,CCI,23.703111020537634,1984-Jan,-0.9876334889247289,0
23.01757728310345,-28.4589,113.749,1984-02-01,SCOTTSL2,CCI,23.703111020537634,1984-Feb,-0.6855337374341843,0
23.038379103225807,-28.4589,113.749,1984-03-01,SCOTTSL2,CCI,23.703111020537634,1984-Mar,-0.6647319173118262,0
23.739323933666668,-28.4589,113.749,1984-04-01,SCOTTSL2,CCI,23.703111020537634,1984-Apr,0.03621291312903452,0.03621291312903452
24.099671197419354,-28.4589,113.749,1984-05-01,SCOTTSL2,CCI,23.703111020537634,1984-May,0.39656017688172085,0.43277309001075537
23.386658731666667,-28.4589,113.749,1984-06-01,SCOTTSL2,CCI,23.703111020537634,1984-Jun,-0.3164522888709662,0
22.29482914,-28.4589,113.749,1984-07-01,SCOTTSL2,CCI,23.703111020537634,1984-Jul,-1.4082818805376327,0
21.451926741935484,-28.4589,113.749,1984-08-01,SCOTTSL2,CCI,23.703111020537634,1984-Aug,-2.2511842786021496,0
20.408991495666665,-28.4589,113.749,1984-09-01,SCOTTSL2,CCI,23.703111020537634,1984-Sep,-3.2941195248709683,0
20.86579924516129,-28.4589,113.749,1984-10-01,SCOTTSL2,CCI,23.703111020537634,1984-Oct,-2.8373117753763424,0
21.165992227666667,-28.4589,113.749,1984-11-01,SCOTTSL2,CCI,23.703111020537634,1984-Nov,-2.5371187928709666,0
21.243218994193548,-28.4589,113.749,1984-12-01,SCOTTSL2,CCI,23.703111020537634,1984-Dec,-2.459892026344086,0
21.475154556774193,-28.4589,113.749,1985-01-01,SCOTTSL2,CCI,23.703111020537634,1985-Jan,-2.227956463763441,0
23.49998953607143,-28.4589,113.749,1985-02-01,SCOTTSL2,CCI,23.703111020537634,1985-Feb,-0.20312148446620526,0
23.936765411935482,-28.4589,113.749,1985-03-01,SCOTTSL2,CCI,23.703111020537634,1985-Mar,0.23365439139784883,0.23365439139784883
23.649328613,-28.4589,113.749,1985-04-01,SCOTTSL2,CCI,23.703111020537634,1985-Apr,-0.05378240753763208,0
23.360961716774195,-28.4589,113.749,1985-05-01,SCOTTSL2,CCI,23.703111020537634,1985-May,-0.34214930376343844,0
23.037659708666666,-28.4589,113.749,1985-06-01,SCOTTSL2,CCI,23.703111020537634,1985-Jun,-0.6654513118709673,0
22.01096250483871,-28.4589,113.749,1985-07-01,SCOTTSL2,CCI,23.703111020537634,1985-Jul,-1.6921485156989249,0
20.799347710322582,-28.4589,113.749,1985-08-01,SCOTTSL2,CCI,23.703111020537634,1985-Aug,-2.9037633102150515,0
20.358327229666667,-28.4589,113.749,1985-09-01,SCOTTSL2,CCI,23.703111020537634,1985-Sep,-3.3447837908709666,0
19.837734887419355,-28.4589,113.749,1985-10-01,SCOTTSL2,CCI,23.703111020537634,1985-Oct,-3.8653761331182785,0
20.513323974666665,-28.4589,113.749,1985-11-01,SCOTTSL2,CCI,23.703111020537634,1985-Nov,-3.1897870458709683,0
21.376122062258066,-28.4589,113.749,1985-12-01,SCOTTSL2,CCI,23.703111020537634,1985-Dec,-2.3269889582795678,0
22.147411518387095,-28.4589,113.749,1986-01-01,SCOTTSL2,CCI,23.703111020537634,1986-Jan,-1.5556995021505386,0
23.0110663275,-28.4589,113.749,1986-02-01,SCOTTSL2,CCI,23.703111020537634,1986-Feb,-0.6920446930376336,0
22.684188152258066,-28.4589,113.749,1986-03-01,SCOTTSL2,CCI,23.703111020537634,1986-Mar,-1.0189228682795672,0
22.350659179666668,-28.4589,113.749,1986-04-01,SCOTTSL2,CCI,23.703111020537634,1986-Apr,-1.352451840870966,0
22.60225042548387,-28.4589,113.749,1986-05-01,SCOTTSL2,CCI,23.703111020537634,1986-May,-1.1008605950537635,0
22.273659260666665,-28.4589,113.749,1986-06-01,SCOTTSL2,CCI,23.703111020537634,1986-Jun,-1.4294517598709682,0
20.92612166935484,-28.4589,113.749,1986-07-01,SCOTTSL2,CCI,23.703111020537634,1986-Jul,-2.776989351182795,0
19.780637482258065,-28.4589,113.749,1986-08-01,SCOTTSL2,CCI,23.703111020537634,1986-Aug,-3.9224735382795686,0
19.845994058666665,-28.4589,113.749,1986-09-01,SCOTTSL2,CCI,23.703111020537634,1986-Sep,-3.857116961870968,0
19.719346372580645,-28.4589,113.749,1986-10-01,SCOTTSL2,CCI,23.703111020537634,1986-Oct,-3.9837646479569884,0
20.182655843,-28.4589,113.749,1986-11-01,SCOTTSL2,CCI,23.703111020537634,1986-Nov,-3.5204551775376345,0
20.88708968580645,-28.4589,113.749,1986-12-01,SCOTTSL2,CCI,23.703111020537634,1986-Dec,-2.8160213347311824,0
21.409349798064515,-28.4589,113.749,1987-01-01,SCOTTSL2,CCI,23.703111020537634,1987-Jan,-2.293761222473119,0
21.891063581428572,-28.4589,113.749,1987-02-01,SCOTTSL2,CCI,23.703111020537634,1987-Feb,-1.8120474391090617,0
22.795476900967742,-28.4589,113.749,1987-03-01,SCOTTSL2,CCI,23.703111020537634,1987-Mar,-0.9076341195698916,0
22.720988972666667,-28.4589,113.749,1987-04-01,SCOTTSL2,CCI,23.703111020537634,1987-Apr,-0.9821220478709662,0
22.359346253548388,-28.4589,113.749,1987-05-01,SCOTTSL2,CCI,23.703111020537634,1987-May,-1.3437647669892456,0
22.443993123000002,-28.4589,113.749,1987-06-01,SCOTTSL2,CCI,23.703111020537634,1987-Jun,-1.2591178975376316,0
21.903218719032257,-28.4589,113.749,1987-07-01,SCOTTSL2,CCI,23.703111020537634,1987-Jul,-1.799892301505377,0
20.528376227741937,-28.4589,113.749,1987-08-01,SCOTTSL2,CCI,23.703111020537634,1987-Aug,-3.1747347927956966,0
20.268658446333333,-28.4589,113.749,1987-09-01,SCOTTSL2,CCI,23.703111020537634,1987-Sep,-3.4344525742043004,0
20.17708937032258,-28.4589,113.749,1987-10-01,SCOTTSL2,CCI,23.703111020537634,1987-Oct,-3.5260216502150534,0
20.574325561000002,-28.4589,113.749,1987-11-01,SCOTTSL2,CCI,23.703111020537634,1987-Nov,-3.1287854595376317,0
21.063865218387097,-28.4589,113.749,1987-12-01,SCOTTSL2,CCI,23.703111020537634,1987-Dec,-2.639245802150537,0
21.710637049032258,-28.4589,113.749,1988-01-01,SCOTTSL2,CCI,23.703111020537634,1988-Jan,-1.992473971505376,0
23.530686160689655,-28.4589,113.749,1988-02-01,SCOTTSL2,CCI,23.703111020537634,1988-Feb,-0.17242485984797895,0
24.397735398709678,-28.4589,113.749,1988-03-01,SCOTTSL2,CCI,23.703111020537634,1988-Mar,0.694624378172044,0.694624378172044
24.050659179,-28.4589,113.749,1988-04-01,SCOTTSL2,CCI,23.703111020537634,1988-Apr,0.34754815846236653,1.0421725366344106
23.50966895354839,-28.4589,113.749,1988-05-01,SCOTTSL2,CCI,23.703111020537634,1988-May,-0.19344206698924538,0
23.163659668,-28.4589,113.749,1988-06-01,SCOTTSL2,CCI,23.703111020537634,1988-Jun,-0.5394513525376325,0
22.22386395870968,-28.4589,113.749,1988-07-01,SCOTTSL2,CCI,23.703111020537634,1988-Jul,-1.4792470618279552,0
21.179671550967743,-28.4589,113.749,1988-08-01,SCOTTSL2,CCI,23.703111020537634,1988-Aug,-2.5234394695698903,0
21.171325684666666,-28.4589,113.749,1988-09-01,SCOTTSL2,CCI,23.703111020537634,1988-Sep,-2.5317853358709677,0
20.932894601935484,-28.4589,113.749,1988-10-01,SCOTTSL2,CCI,23.703111020537634,1988-Oct,-2.77021641860215,0
21.181995646333334,-28.4589,113.749,1988-11-01,SCOTTSL2,CCI,23.703111020537634,1988-Nov,-2.5211153742042995,0
22.158704006774194,-28.4589,113.749,1988-12-01,SCOTTSL2,CCI,23.703111020537634,1988-Dec,-1.5444070137634398,0
23.32192579677419,-28.4589,113.749,1989-01-01,SCOTTSL2,CCI,23.703111020537634,1989-Jan,-0.3811852237634419,0
23.80892334,-28.4589,113.749,1989-02-01,SCOTTSL2,CCI,23.703111020537634,1989-Feb,0.10581231946236613,0.10581231946236613
24.27225007064516,-28.4589,113.749,1989-03-01,SCOTTSL2,CCI,23.703111020537634,1989-Mar,0.5691390501075269,0.674951369569893
24.305992635,-28.4589,113.749,1989-04-01,SCOTTSL2,CCI,23.703111020537634,1989-Apr,0.6028816144623654,1.2778329840322584
23.89160235032258,-28.4589,113.749,1989-05-01,SCOTTSL2,CCI,23.703111020537634,1989-May,0.1884913297849451,1.4663243138172035
23.086993407333335,-28.4589,113.749,1989-06-01,SCOTTSL2,CCI,23.703111020537634,1989-Jun,-0.6161176132042989,0
22.089669308387098,-28.4589,113.749,1989-07-01,SCOTTSL2,CCI,23.703111020537634,1989-Jul,-1.6134417121505358,0
20.83354314935484,-28.4589,113.749,1989-08-01,SCOTTSL2,CCI,23.703111020537634,1989-Aug,-2.869567871182795,0
20.696661375666668,-28.4589,113.749,1989-09-01,SCOTTSL2,CCI,23.703111020537634,1989-Sep,-3.0064496448709654,0
20.26031375935484,-28.4589,113.749,1989-10-01,SCOTTSL2,CCI,23.703111020537634,1989-Oct,-3.4427972611827933,0
21.197996011666667,-28.4589,113.749,1989-11-01,SCOTTSL2,CCI,23.703111020537634,1989-Nov,-2.505115008870966,0
21.39224912580645,-28.4589,113.749,1989-12-01,SCOTTSL2,CCI,23.703111020537634,1989-Dec,-2.3108618947311825,0
21.784184412258064,-28.4589,113.749,1990-01-01,SCOTTSL2,CCI,23.703111020537634,1990-Jan,-1.9189266082795697,0
23.60963483535714,-28.4589,113.749,1990-02-01,SCOTTSL2,CCI,23.703111020537634,1990-Feb,-0.09347618518049217,0
24.132250188709676,-28.4589,113.749,1990-03-01,SCOTTSL2,CCI,23.703111020537634,1990-Mar,0.4291391681720427,0.4291391681720427
23.165326944333334,-28.4589,113.749,1990-04-01,SCOTTSL2,CCI,23.703111020537634,1990-Apr,-0.5377840762043,0
22.981608532258065,-28.4589,113.749,1990-05-01,SCOTTSL2,CCI,23.703111020537634,1990-May,-0.7215024882795689,0
21.976659139,-28.4589,113.749,1990-06-01,SCOTTSL2,CCI,23.703111020537634,1990-Jun,-1.7264518815376348,0
20.963219229354838,-28.4589,113.749,1990-07-01,SCOTTSL2,CCI,23.703111020537634,1990-Jul,-2.739891791182796,0
19.943219387419354,-28.4589,113.749,1990-08-01,SCOTTSL2,CCI,23.703111020537634,1990-Aug,-3.7598916331182792,0
19.785993448666666,-28.4589,113.749,1990-09-01,SCOTTSL2,CCI,23.703111020537634,1990-Sep,-3.9171175718709677,0
19.950961008064517,-28.4589,113.749,1990-10-01,SCOTTSL2,CCI,23.703111020537634,1990-Oct,-3.752150012473116,0
20.558326212333334,-28.4589,113.749,1990-11-01,SCOTTSL2,CCI,23.703111020537634,1990-Nov,-3.1447848082042995,0
21.318057940322582,-28.4589,113.749,1990-12-01,SCOTTSL2,CCI,23.703111020537634,1990-Dec,-2.3850530802150516,0
21.99773657967742,-28.4589,113.749,1991-01-01,SCOTTSL2,CCI,23.703111020537634,1991-Jan,-1.705374440860215,0
21.421775164285716,-28.4589,113.749,1991-02-01,SCOTTSL2,CCI,23.703111020537634,1991-Feb,-2.2813358562519177,0
22.715477530967743,-28.4589,113.749,1991-03-01,SCOTTSL2,CCI,23.703111020537634,1991-Mar,-0.987633489569891,0
23.541658529,-28.4589,113.749,1991-04-01,SCOTTSL2,CCI,23.703111020537634,1991-Apr,-0.1614524915376343,0
23.376445942903224,-28.4589,113.749,1991-05-01,SCOTTSL2,CCI,23.703111020537634,1991-May,-0.32666507763440933,0
22.992658487666667,-28.4589,113.749,1991-06-01,SCOTTSL2,CCI,23.703111020537634,1991-Jun,-0.710452532870967,0
21.690963055806453,-28.4589,113.749,1991-07-01,SCOTTSL2,CCI,23.703111020537634,1991-Jul,-2.012147964731181,0
20.67321856,-28.4589,113.749,1991-08-01,SCOTTSL2,CCI,23.703111020537634,1991-Aug,-3.029892460537635,0
20.326989746666666,-28.4589,113.749,1991-09-01,SCOTTSL2,CCI,23.703111020537634,1991-Sep,-3.376121273870968,0
19.759345073225806,-28.4589,113.749,1991-10-01,SCOTTSL2,CCI,23.703111020537634,1991-Oct,-3.943765947311828,0
19.972325643333335,-28.4589,113.749,1991-11-01,SCOTTSL2,CCI,23.703111020537634,1991-Nov,-3.730785377204299,0
20.888055420967742,-28.4589,113.749,1991-12-01,SCOTTSL2,CCI,23.703111020537634,1991-Dec,-2.8150555995698916,0
22.395153217741935,-28.4589,113.749,1992-01-01,SCOTTSL2,CCI,23.703111020537634,1992-Jan,-1.3079578027956984,0
22.96275192689655,-28.4589,113.749,1992-02-01,SCOTTSL2,CCI,23.703111020537634,1992-Feb,-0.7403590936410822,0
22.76063764,-28.4589,113.749,1992-03-01,SCOTTSL2,CCI,23.703111020537634,1992-Mar,-0.9424733805376349,0
23.252990723,-28.4589,113.749,1992-04-01,SCOTTSL2,CCI,23.703111020537634,1992-Apr,-0.4501202975376337,0
23.058702825806453,-28.4589,113.749,1992-05-01,SCOTTSL2,CCI,23.703111020537634,1992-May,-0.6444081947311808,0
22.052328490333334,-28.4589,113.749,1992-06-01,SCOTTSL2,CCI,23.703111020537634,1992-Jun,-1.6507825302042995,0
21.826768247096773,-28.4589,113.749,1992-07-01,SCOTTSL2,CCI,23.703111020537634,1992-Jul,-1.8763427734408609,0
20.905154123225806,-28.4589,113.749,1992-08-01,SCOTTSL2,CCI,23.703111020537634,1992-Aug,-2.7979568973118276,0
19.735992431666666,-28.4589,113.749,1992-09-01,SCOTTSL2,CCI,23.703111020537634,1992-Sep,-3.9671185888709672,0
19.35580030870968,-28.4589,113.749,1992-10-01,SCOTTSL2,CCI,23.703111020537634,1992-Oct,-4.347310711827955,0
20.062991331666666,-28.4589,113.749,1992-11-01,SCOTTSL2,CCI,23.703111020537634,1992-Nov,-3.6401196888709677,0
21.19612151064516,-28.4589,113.749,1992-12-01,SCOTTSL2,CCI,23.703111020537634,1992-Dec,-2.506989509892474,0
21.788377133548387,-28.4589,113.749,1993-01-01,SCOTTSL2,CCI,23.703111020537634,1993-Jan,-1.9147338869892465,0
21.952847508214287,-28.4589,113.749,1993-02-01,SCOTTSL2,CCI,23.703111020537634,1993-Feb,-1.7502635123233468,0
22.154187406129033,-28.4589,113.749,1993-03-01,SCOTTSL2,CCI,23.703111020537634,1993-Mar,-1.5489236144086007,0
21.979328409,-28.4589,113.749,1993-04-01,SCOTTSL2,CCI,23.703111020537634,1993-Apr,-1.723782611537633,0
21.926122652903224,-28.4589,113.749,1993-05-01,SCOTTSL2,CCI,23.703111020537634,1993-May,-1.7769883676344094,0
21.544661457666667,-28.4589,113.749,1993-06-01,SCOTTSL2,CCI,23.703111020537634,1993-Jun,-2.158449562870967,0
20.807412227419356,-28.4589,113.749,1993-07-01,SCOTTSL2,CCI,23.703111020537634,1993-Jul,-2.895698793118278,0
20.22676608129032,-28.4589,113.749,1993-08-01,SCOTTSL2,CCI,23.703111020537634,1993-Aug,-3.476344939247312,0
20.066657511333332,-28.4589,113.749,1993-09-01,SCOTTSL2,CCI,23.703111020537634,1993-Sep,-3.6364535092043013,0
19.850317972580644,-28.4589,113.749,1993-10-01,SCOTTSL2,CCI,23.703111020537634,1993-Oct,-3.8527930479569896,0
20.179659016666665,-28.4589,113.749,1993-11-01,SCOTTSL2,CCI,23.703111020537634,1993-Nov,-3.5234520038709682,0
20.997089803548388,-28.4589,113.749,1993-12-01,SCOTTSL2,CCI,23.703111020537634,1993-Dec,-2.706021216989246,0
21.74193036483871,-28.4589,113.749,1994-01-01,SCOTTSL2,CCI,23.703111020537634,1994-Jan,-1.961180655698925,0
22.593922642142857,-28.4589,113.749,1994-02-01,SCOTTSL2,CCI,23.703111020537634,1994-Feb,-1.1091883783947765,0
23.60869947935484,-28.4589,113.749,1994-03-01,SCOTTSL2,CCI,23.703111020537634,1994-Mar,-0.09441154118279371,0
23.74532470666667,-28.4589,113.749,1994-04-01,SCOTTSL2,CCI,23.703111020537634,1994-Apr,0.042213686129034755,0.042213686129034755
23.739349168387097,-28.4589,113.749,1994-05-01,SCOTTSL2,CCI,23.703111020537634,1994-May,0.03623814784946333,0.07845183397849809
22.792992146666666,-28.4589,113.749,1994-06-01,SCOTTSL2,CCI,23.703111020537634,1994-Jun,-0.9101188738709673,0
22.200960023548387,-28.4589,113.749,1994-07-01,SCOTTSL2,CCI,23.703111020537634,1994-Jul,-1.502150996989247,0
21.05676840451613,-28.4589,113.749,1994-08-01,SCOTTSL2,CCI,23.703111020537634,1994-Aug,-2.646342616021503,0
20.537991333333334,-28.4589,113.749,1994-09-01,SCOTTSL2,CCI,23.703111020537634,1994-Sep,-3.1651196872042995,0
20.29709039516129,-28.4589,113.749,1994-10-01,SCOTTSL2,CCI,23.703111020537634,1994-Oct,-3.4060206253763425,0
20.828327432333335,-28.4589,113.749,1994-11-01,SCOTTSL2,CCI,23.703111020537634,1994-Nov,-2.8747835882042985,0
22.089349364516128,-28.4589,113.749,1994-12-01,SCOTTSL2,CCI,23.703111020537634,1994-Dec,-1.6137616560215058,0
22.70967131516129,-28.4589,113.749,1995-01-01,SCOTTSL2,CCI,23.703111020537634,1995-Jan,-0.9934397053763426,0
23.406779043928573,-28.4589,113.749,1995-02-01,SCOTTSL2,CCI,23.703111020537634,1995-Feb,-0.29633197660906063,0
24.067088268064516,-28.4589,113.749,1995-03-01,SCOTTSL2,CCI,23.703111020537634,1995-Mar,0.36397724752688276,0.36397724752688276
24.52065938366667,-28.4589,113.749,1995-04-01,SCOTTSL2,CCI,23.703111020537634,1995-Apr,0.8175483631290348,1.1815256106559175
23.057088347096773,-28.4589,113.749,1995-05-01,SCOTTSL2,CCI,23.703111020537634,1995-May,-0.6460226734408607,0
22.154992675333332,-28.4589,113.749,1995-06-01,SCOTTSL2,CCI,23.703111020537634,1995-Jun,-1.5481183452043012,0
21.245155382580645,-28.4589,113.749,1995-07-01,SCOTTSL2,CCI,23.703111020537634,1995-Jul,-2.4579556379569887,0
20.551605027741935,-28.4589,113.749,1995-08-01,SCOTTSL2,CCI,23.703111020537634,1995-Aug,-3.1515059927956983,0
19.948661295666668,-28.4589,113.749,1995-09-01,SCOTTSL2,CCI,23.703111020537634,1995-Sep,-3.754449724870966,0
20.15870400612903,-28.4589,113.749,1995-10-01,SCOTTSL2,CCI,23.703111020537634,1995-Oct,-3.544407014408602,0
21.223324585,-28.4589,113.749,1995-11-01,SCOTTSL2,CCI,23.703111020537634,1995-Nov,-2.4797864355376333,0
21.964510813548387,-28.4589,113.749,1995-12-01,SCOTTSL2,CCI,23.703111020537634,1995-Dec,-1.738600206989247,0
22.712571469677417,-28.4589,113.749,1996-01-01,SCOTTSL2,CCI,23.703111020537634,1996-Jan,-0.9905395508602162,0
23.927232624827585,-28.4589,113.749,1996-02-01,SCOTTSL2,CCI,23.703111020537634,1996-Feb,0.22412160428995165,0.22412160428995165
23.743217025483872,-28.4589,113.749,1996-03-01,SCOTTSL2,CCI,23.703111020537634,1996-Mar,0.04010600494623873,0.2642276092361904
23.446659342333334,-28.4589,113.749,1996-04-01,SCOTTSL2,CCI,23.703111020537634,1996-Apr,-0.25645167820430004,0
23.10354102419355,-28.4589,113.749,1996-05-01,SCOTTSL2,CCI,23.703111020537634,1996-May,-0.5995699963440835,0
22.974661254333334,-28.4589,113.749,1996-06-01,SCOTTSL2,CCI,23.703111020537634,1996-Jun,-0.7284497662042995,0
22.336768168064516,-28.4589,113.749,1996-07-01,SCOTTSL2,CCI,23.703111020537634,1996-Jul,-1.3663428524731174,0
21.14934495516129,-28.4589,113.749,1996-08-01,SCOTTSL2,CCI,23.703111020537634,1996-Aug,-2.553766065376344,0
21.046658325666666,-28.4589,113.749,1996-09-01,SCOTTSL2,CCI,23.703111020537634,1996-Sep,-2.6564526948709677,0
20.40321478096774,-28.4589,113.749,1996-10-01,SCOTTSL2,CCI,23.703111020537634,1996-Oct,-3.299896239569893,0
21.507325236,-28.4589,113.749,1996-11-01,SCOTTSL2,CCI,23.703111020537634,1996-Nov,-2.195785784537634,0
22.198056916774192,-28.4589,113.749,1996-12-01,SCOTTSL2,CCI,23.703111020537634,1996-Dec,-1.5050541037634417,0
23.206444328387096,-28.4589,113.749,1997-01-01,SCOTTSL2,CCI,23.703111020537634,1997-Jan,-0.49666669215053716,0
23.65141994,-28.4589,113.749,1997-02-01,SCOTTSL2,CCI,23.703111020537634,1997-Feb,-0.05169108053763338,0
23.448381780000002,-28.4589,113.749,1997-03-01,SCOTTSL2,CCI,23.703111020537634,1997-Mar,-0.2547292405376318,0
23.624990844333333,-28.4589,113.749,1997-04-01,SCOTTSL2,CCI,23.703111020537634,1997-Apr,-0.07812017620430112,0
23.15418740516129,-28.4589,113.749,1997-05-01,SCOTTSL2,CCI,23.703111020537634,1997-May,-0.5489236153763422,0
22.668328857,-28.4589,113.749,1997-06-01,SCOTTSL2,CCI,23.703111020537634,1997-Jun,-1.0347821635376349,0
21.536443698064517,-28.4589,113.749,1997-07-01,SCOTTSL2,CCI,23.703111020537634,1997-Jul,-2.166667322473117,0
20.176119699677418,-28.4589,113.749,1997-08-01,SCOTTSL2,CCI,23.703111020537634,1997-Aug,-3.5269913208602155,0
20.129660033333334,-28.4589,113.749,1997-09-01,SCOTTSL2,CCI,23.703111020537634,1997-Sep,-3.5734509872043,0
20.473219150967743,-28.4589,113.749,1997-10-01,SCOTTSL2,CCI,23.703111020537634,1997-Oct,-3.22989186956989,0
20.715991210666665,-28.4589,113.749,1997-11-01,SCOTTSL2,CCI,23.703111020537634,1997-Nov,-2.9871198098709684,0
21.63773252387097,-28.4589,113.749,1997-12-01,SCOTTSL2,CCI,23.703111020537634,1997-Dec,-2.065378496666664,0
22.17322052967742,-28.4589,113.749,1998-01-01,SCOTTSL2,CCI,23.703111020537634,1998-Jan,-1.5298904908602147,0
21.9978467675,-28.4589,113.749,1998-02-01,SCOTTSL2,CCI,23.703111020537634,1998-Feb,-1.7052642530376332,0
23.19321742,-28.4589,113.749,1998-03-01,SCOTTSL2,CCI,23.703111020537634,1998-Mar,-0.5098936005376338,0
23.91165974966667,-28.4589,113.749,1998-04-01,SCOTTSL2,CCI,23.703111020537634,1998-Apr,0.20854872912903488,0.20854872912903488
24.237091851935485,-28.4589,113.749,1998-05-01,SCOTTSL2,CCI,23.703111020537634,1998-May,0.5339808313978516,0.7425295605268865
23.583993529666667,-28.4589,113.749,1998-06-01,SCOTTSL2,CCI,23.703111020537634,1998-Jun,-0.11911749087096624,0
22.096766120967743,-28.4589,113.749,1998-07-01,SCOTTSL2,CCI,23.703111020537634,1998-Jul,-1.6063448995698906,0
21.372575132580646,-28.4589,113.749,1998-08-01,SCOTTSL2,CCI,23.703111020537634,1998-Aug,-2.3305358879569873,0
20.808329263666668,-28.4589,113.749,1998-09-01,SCOTTSL2,CCI,23.703111020537634,1998-Sep,-2.894781756870966,0
20.697089213870967,-28.4589,113.749,1998-10-01,SCOTTSL2,CCI,23.703111020537634,1998-Oct,-3.0060218066666664,0
21.196990966666668,-28.4589,113.749,1998-11-01,SCOTTSL2,CCI,23.703111020537634,1998-Nov,-2.5061200538709656,0
22.372572179032257,-28.4589,113.749,1998-12-01,SCOTTSL2,CCI,23.703111020537634,1998-Dec,-1.3305388415053763,0
22.23257328129032,-28.4589,113.749,1999-01-01,SCOTTSL2,CCI,23.703111020537634,1999-Jan,-1.4705377392473125,0
23.327137975714287,-28.4589,113.749,1999-02-01,SCOTTSL2,CCI,23.703111020537634,1999-Feb,-0.3759730448233469,0
24.12741266129032,-28.4589,113.749,1999-03-01,SCOTTSL2,CCI,23.703111020537634,1999-Mar,0.42430164075268806,0.42430164075268806
25.664991251333333,-28.4589,113.749,1999-04-01,SCOTTSL2,CCI,23.703111020537634,1999-Apr,1.9618802307956997,2.386181871548388
25.299993502580644,-28.4589,113.749,1999-05-01,SCOTTSL2,CCI,23.703111020537634,1999-May,1.5968824820430108,3.9830643535913985
23.658991495666665,-28.4589,113.749,1999-06-01,SCOTTSL2,CCI,23.703111020537634,1999-Jun,-0.04411952487096826,0
22.250962582580645,-28.4589,113.749,1999-07-01,SCOTTSL2,CCI,23.703111020537634,1999-Jul,-1.4521484379569891,0
20.635153296451612,-28.4589,113.749,1999-08-01,SCOTTSL2,CCI,23.703111020537634,1999-Aug,-3.067957724086021,0
20.386659749,-28.4589,113.749,1999-09-01,SCOTTSL2,CCI,23.703111020537634,1999-Sep,-3.316451271537634,0
20.734505733870968,-28.4589,113.749,1999-10-01,SCOTTSL2,CCI,23.703111020537634,1999-Oct,-2.9686052866666657,0
21.481327309,-28.4589,113.749,1999-11-01,SCOTTSL2,CCI,23.703111020537634,1999-Nov,-2.2217837115376327,0
23.247085866774192,-28.4589,113.749,1999-12-01,SCOTTSL2,CCI,23.703111020537634,1999-Dec,-0.45602515376344144,0
25.019347947741934,-28.4589,113.749,2000-01-01,SCOTTSL2,CCI,23.703111020537634,2000-Jan,1.3162369272043009,1.3162369272043009
24.986540906206898,-28.4589,113.749,2000-02-01,SCOTTSL2,CCI,23.703111020537634,2000-Feb,1.283429885669264,2.599666812873565
24.47451073451613,-28.4589,113.749,2000-03-01,SCOTTSL2,CCI,23.703111020537634,2000-Mar,0.7713997139784965,3.3710665268520614
24.610658772333334,-28.4589,113.749,2000-04-01,SCOTTSL2,CCI,23.703111020537634,2000-Apr,0.9075477517957005,4.278614278647762
23.97322111967742,-28.4589,113.749,2000-05-01,SCOTTSL2,CCI,23.703111020537634,2000-May,0.2701100991397851,4.548724377787547
22.904660034,-28.4589,113.749,2000-06-01,SCOTTSL2,CCI,23.703111020537634,2000-Jun,-0.7984509865376346,0
21.68547579870968,-28.4589,113.749,2000-07-01,SCOTTSL2,CCI,23.703111020537634,2000-Jul,-2.0176352218279554,0
20.759670921612905,-28.4589,113.749,2000-08-01,SCOTTSL2,CCI,23.703111020537634,2000-Aug,-2.9434400989247287,0
20.315996295333335,-28.4589,113.749,2000-09-01,SCOTTSL2,CCI,23.703111020537634,2000-Sep,-3.387114725204299,0
20.62095868451613,-28.4589,113.749,2000-10-01,SCOTTSL2,CCI,23.703111020537634,2000-Oct,-3.0821523360215046,0
21.292326863333333,-28.4589,113.749,2000-11-01,SCOTTSL2,CCI,23.703111020537634,2000-Nov,-2.4107841572043007,0
21.543863406774193,-28.4589,113.749,2000-12-01,SCOTTSL2,CCI,23.703111020537634,2000-Dec,-2.1592476137634407,0
21.96031218516129,-28.4589,113.749,2001-01-01,SCOTTSL2,CCI,23.703111020537634,2001-Jan,-1.7427988353763446,0
22.719281223928572,-28.4589,113.749,2001-02-01,SCOTTSL2,CCI,23.703111020537634,2001-Feb,-0.9838297966090614,0
23.40579991451613,-28.4589,113.749,2001-03-01,SCOTTSL2,CCI,23.703111020537634,2001-Mar,-0.29731110602150324,0
23.284323120333333,-28.4589,113.749,2001-04-01,SCOTTSL2,CCI,23.703111020537634,2001-Apr,-0.41878790020430046,0
23.769994723548386,-28.4589,113.749,2001-05-01,SCOTTSL2,CCI,23.703111020537634,2001-May,0.06688370301075253,0.06688370301075253
23.009990437666666,-28.4589,113.749,2001-06-01,SCOTTSL2,CCI,23.703111020537634,2001-Jun,-0.6931205828709679,0
21.904183468064517,-28.4589,113.749,2001-07-01,SCOTTSL2,CCI,23.703111020537634,2001-Jul,-1.798927552473117,0
20.62063775903226,-28.4589,113.749,2001-08-01,SCOTTSL2,CCI,23.703111020537634,2001-Aug,-3.082473261505374,0
20.492662557,-28.4589,113.749,2001-09-01,SCOTTSL2,CCI,23.703111020537634,2001-Sep,-3.2104484635376345,0
19.359026311612904,-28.4589,113.749,2001-10-01,SCOTTSL2,CCI,23.703111020537634,2001-Oct,-4.344084708924729,0
20.419992065333332,-28.4589,113.749,2001-11-01,SCOTTSL2,CCI,23.703111020537634,2001-Nov,-3.2831189552043014,0
21.36225231483871,-28.4589,113.749,2001-12-01,SCOTTSL2,CCI,23.703111020537634,2001-Dec,-2.340858705698924,0
21.895153217096773,-28.4589,113.749,2002-01-01,SCOTTSL2,CCI,23.703111020537634,2002-Jan,-1.8079578034408605,0
23.12070835607143,-28.4589,113.749,2002-02-01,SCOTTSL2,CCI,23.703111020537634,2002-Feb,-0.5824026644662048,0
23.434507112580643,-28.4589,113.749,2002-03-01,SCOTTSL2,CCI,23.703111020537634,2002-Mar,-0.2686039079569902,0
23.272326660333334,-28.4589,113.749,2002-04-01,SCOTTSL2,CCI,23.703111020537634,2002-Apr,-0.43078436020429933,0
23.430959197419355,-28.4589,113.749,2002-05-01,SCOTTSL2,CCI,23.703111020537634,2002-May,-0.27215182311827846,0
23.125326538666666,-28.4589,113.749,2002-06-01,SCOTTSL2,CCI,23.703111020537634,2002-Jun,-0.5777844818709674,0
21.995152430967742,-28.4589,113.749,2002-07-01,SCOTTSL2,CCI,23.703111020537634,2002-Jul,-1.7079585895698912,0
20.685477767096774,-28.4589,113.749,2002-08-01,SCOTTSL2,CCI,23.703111020537634,2002-Aug,-3.0176332534408594,0
19.990995279,-28.4589,113.749,2002-09-01,SCOTTSL2,CCI,23.703111020537634,2002-Sep,-3.712115741537634,0
19.73063886096774,-28.4589,113.749,2002-10-01,SCOTTSL2,CCI,23.703111020537634,2002-Oct,-3.972472159569893,0
20.170329792666667,-28.4589,113.749,2002-11-01,SCOTTSL2,CCI,23.703111020537634,2002-Nov,-3.5327812278709665,0
21.315472806774192,-28.4589,113.749,2002-12-01,SCOTTSL2,CCI,23.703111020537634,2002-Dec,-2.3876382137634415,0
22.370314862903225,-28.4589,113.749,2003-01-01,SCOTTSL2,CCI,23.703111020537634,2003-Jan,-1.3327961576344087,0
23.052133178571427,-28.4589,113.749,2003-02-01,SCOTTSL2,CCI,23.703111020537634,2003-Feb,-0.6509778419662062,0
23.650637522258066,-28.4589,113.749,2003-03-01,SCOTTSL2,CCI,23.703111020537634,2003-Mar,-0.05247349827956782,0
23.490659587666666,-28.4589,113.749,2003-04-01,SCOTTSL2,CCI,23.703111020537634,2003-Apr,-0.21245143287096724,0
23.451283903548386,-28.4589,113.749,2003-05-01,SCOTTSL2,CCI,23.703111020537634,2003-May,-0.2518271169892472,0
22.329990641000002,-28.4589,113.749,2003-06-01,SCOTTSL2,CCI,23.703111020537634,2003-Jun,-1.3731203795376317,0
21.26579806451613,-28.4589,113.749,2003-07-01,SCOTTSL2,CCI,23.703111020537634,2003-Jul,-2.437312956021504,0
20.66902583903226,-28.4589,113.749,2003-08-01,SCOTTSL2,CCI,23.703111020537634,2003-Aug,-3.0340851815053753,0
19.905992634666667,-28.4589,113.749,2003-09-01,SCOTTSL2,CCI,23.703111020537634,2003-Sep,-3.7971183858709665,0
19.763862658709677,-28.4589,113.749,2003-10-01,SCOTTSL2,CCI,23.703111020537634,2003-Oct,-3.939248361827957,0
20.063326009333334,-28.4589,113.749,2003-11-01,SCOTTSL2,CCI,23.703111020537634,2003-Nov,-3.6397850112042995,0
20.854509710967744,-28.4589,113.749,2003-12-01,SCOTTSL2,CCI,23.703111020537634,2003-Dec,-2.84860130956989,0
22.078379772580647,-28.4589,113.749,2004-01-01,SCOTTSL2,CCI,23.703111020537634,2004-Jan,-1.624731247956987,0
23.035166983793104,-28.4589,113.749,2004-02-01,SCOTTSL2,CCI,23.703111020537634,2004-Feb,-0.6679440367445295,0
22.39031568967742,-28.4589,113.749,2004-03-01,SCOTTSL2,CCI,23.703111020537634,2004-Mar,-1.3127953308602152,0
22.771990966333334,-28.4589,113.749,2004-04-01,SCOTTSL2,CCI,23.703111020537634,2004-Apr,-0.9311200542042997,0
23.27096242548387,-28.4589,113.749,2004-05-01,SCOTTSL2,CCI,23.703111020537634,2004-May,-0.43214859505376424,0
22.47632548,-28.4589,113.749,2004-06-01,SCOTTSL2,CCI,23.703111020537634,2004-Jun,-1.2267855405376338,0
21.549666668709676,-28.4589,113.749,2004-07-01,SCOTTSL2,CCI,23.703111020537634,2004-Jul,-2.1534443518279573,0
20.225153571935483,-28.4589,113.749,2004-08-01,SCOTTSL2,CCI,23.703111020537634,2004-Aug,-3.477957448602151,0
19.466658527333333,-28.4589,113.749,2004-09-01,SCOTTSL2,CCI,23.703111020537634,2004-Sep,-4.2364524932043,0
20.209670330967743,-28.4589,113.749,2004-10-01,SCOTTSL2,CCI,23.703111020537634,2004-Oct,-3.4934406895698906,0
20.932326253333333,-28.4589,113.749,2004-11-01,SCOTTSL2,CCI,23.703111020537634,2004-Nov,-2.770784767204301,0
22.054830046774192,-28.4589,113.749,2004-12-01,SCOTTSL2,CCI,23.703111020537634,2004-Dec,-1.6482809737634412,0
21.83386506129032,-28.4589,113.749,2005-01-01,SCOTTSL2,CCI,23.703111020537634,2005-Jan,-1.869245959247312,0
21.914636230357143,-28.4589,113.749,2005-02-01,SCOTTSL2,CCI,23.703111020537634,2005-Feb,-1.7884747901804907,0
23.520959472258063,-28.4589,113.749,2005-03-01,SCOTTSL2,CCI,23.703111020537634,2005-Mar,-0.18215154827957036,0
23.104325359,-28.4589,113.749,2005-04-01,SCOTTSL2,CCI,23.703111020537634,2005-Apr,-0.598785661537633,0
23.549992517419355,-28.4589,113.749,2005-05-01,SCOTTSL2,CCI,23.703111020537634,2005-May,-0.15311850311827868,0
22.981657918666667,-28.4589,113.749,2005-06-01,SCOTTSL2,CCI,23.703111020537634,2005-Jun,-0.7214531018709671,0
21.856118282258063,-28.4589,113.749,2005-07-01,SCOTTSL2,CCI,23.703111020537634,2005-Jul,-1.846992738279571,0
20.580313209354838,-28.4589,113.749,2005-08-01,SCOTTSL2,CCI,23.703111020537634,2005-Aug,-3.122797811182796,0
20.162327067333333,-28.4589,113.749,2005-09-01,SCOTTSL2,CCI,23.703111020537634,2005-Sep,-3.5407839532043006,0
19.643218796774192,-28.4589,113.749,2005-10-01,SCOTTSL2,CCI,23.703111020537634,2005-Oct,-4.059892223763441,0
20.093660481666667,-28.4589,113.749,2005-11-01,SCOTTSL2,CCI,23.703111020537634,2005-Nov,-3.6094505388709663,0
20.756446887096775,-28.4589,113.749,2005-12-01,SCOTTSL2,CCI,23.703111020537634,2005-Dec,-2.9466641334408585,0
21.42289468064516,-28.4589,113.749,2006-01-01,SCOTTSL2,CCI,23.703111020537634,2006-Jan,-2.2802163398924726,0
22.434276471071428,-28.4589,113.749,2006-02-01,SCOTTSL2,CCI,23.703111020537634,2006-Feb,-1.2688345494662059,0
24.012572060645162,-28.4589,113.749,2006-03-01,SCOTTSL2,CCI,23.703111020537634,2006-Mar,0.3094610401075286,0.3094610401075286
22.840323892666667,-28.4589,113.749,2006-04-01,SCOTTSL2,CCI,23.703111020537634,2006-Apr,-0.8627871278709662,0
22.878379378387095,-28.4589,113.749,2006-05-01,SCOTTSL2,CCI,23.703111020537634,2006-May,-0.8247316421505388,0
22.954324341,-28.4589,113.749,2006-06-01,SCOTTSL2,CCI,23.703111020537634,2006-Jun,-0.7487866795376341,0
21.773217772903227,-28.4589,113.749,2006-07-01,SCOTTSL2,CCI,23.703111020537634,2006-Jul,-1.929893247634407,0
21.175151998064518,-28.4589,113.749,2006-08-01,SCOTTSL2,CCI,23.703111020537634,2006-Aug,-2.527959022473116,0
20.482992552666666,-28.4589,113.749,2006-09-01,SCOTTSL2,CCI,23.703111020537634,2006-Sep,-3.220118467870968,0
20.366120171935485,-28.4589,113.749,2006-10-01,SCOTTSL2,CCI,23.703111020537634,2006-Oct,-3.3369908486021487,0
21.595655314,-28.4589,113.749,2006-11-01,SCOTTSL2,CCI,23.703111020537634,2006-Nov,-2.1074557065376354,0
22.139022138387098,-28.4589,113.749,2006-12-01,SCOTTSL2,CCI,23.703111020537634,2006-Dec,-1.5640888821505357,0
22.645478082258066,-28.4589,113.749,2007-01-01,SCOTTSL2,CCI,23.703111020537634,2007-Jan,-1.0576329382795677,0
23.186062840714285,-28.4589,113.749,2007-02-01,SCOTTSL2,CCI,23.703111020537634,2007-Feb,-0.5170481798233482,0
23.135798103225806,-28.4589,113.749,2007-03-01,SCOTTSL2,CCI,23.703111020537634,2007-Mar,-0.5673129173118276,0
23.033325195333333,-28.4589,113.749,2007-04-01,SCOTTSL2,CCI,23.703111020537634,2007-Apr,-0.6697858252043005,0
22.832571509677418,-28.4589,113.749,2007-05-01,SCOTTSL2,CCI,23.703111020537634,2007-May,-0.8705395108602154,0
22.428992717,-28.4589,113.749,2007-06-01,SCOTTSL2,CCI,23.703111020537634,2007-Jun,-1.2741183035376338,0
21.899994683225806,-28.4589,113.749,2007-07-01,SCOTTSL2,CCI,23.703111020537634,2007-Jul,-1.8031163373118275,0
21.419994526774193,-28.4589,113.749,2007-08-01,SCOTTSL2,CCI,23.703111020537634,2007-Aug,-2.2831164937634405,0
21.02165730833333,-28.4589,113.749,2007-09-01,SCOTTSL2,CCI,23.703111020537634,2007-Sep,-2.681453712204302,0
20.589993187419356,-28.4589,113.749,2007-10-01,SCOTTSL2,CCI,23.703111020537634,2007-Oct,-3.1131178331182774,0
20.719324748,-28.4589,113.749,2007-11-01,SCOTTSL2,CCI,23.703111020537634,2007-Nov,-2.9837862725376354,0
21.61805951580645,-28.4589,113.749,2007-12-01,SCOTTSL2,CCI,23.703111020537634,2007-Dec,-2.085051504731183,0
22.60483359064516,-28.4589,113.749,2008-01-01,SCOTTSL2,CCI,23.703111020537634,2008-Jan,-1.0982774298924731,0
24.29964599586207,-28.4589,113.749,2008-02-01,SCOTTSL2,CCI,23.703111020537634,2008-Feb,0.5965349753244347,0.5965349753244347
24.055154911935485,-28.4589,113.749,2008-03-01,SCOTTSL2,CCI,23.703111020537634,2008-Mar,0.35204389139785164,0.9485788667222863
25.096659342,-28.4589,113.749,2008-04-01,SCOTTSL2,CCI,23.703111020537634,2008-Apr,1.3935483214623652,2.3421271881846515
24.505154320322582,-28.4589,113.749,2008-05-01,SCOTTSL2,CCI,23.703111020537634,2008-May,0.8020432997849483,3.1441704879695997
23.197327677333334,-28.4589,113.749,2008-06-01,SCOTTSL2,CCI,23.703111020537634,2008-Jun,-0.5057833432042997,0
21.68644448483871,-28.4589,113.749,2008-07-01,SCOTTSL2,CCI,23.703111020537634,2008-Jul,-2.016666535698924,0
20.669994526451614,-28.4589,113.749,2008-08-01,SCOTTSL2,CCI,23.703111020537634,2008-Aug,-3.03311649408602,0
20.746660360333333,-28.4589,113.749,2008-09-01,SCOTTSL2,CCI,23.703111020537634,2008-Sep,-2.9564506602043004,0
21.07902261096774,-28.4589,113.749,2008-10-01,SCOTTSL2,CCI,23.703111020537634,2008-Oct,-2.624088409569893,0
20.651991781,-28.4589,113.749,2008-11-01,SCOTTSL2,CCI,23.703111020537634,2008-Nov,-3.051119239537634,0
21.570314272258063,-28.4589,113.749,2008-12-01,SCOTTSL2,CCI,23.703111020537634,2008-Dec,-2.1327967482795707,0
22.344184924516128,-28.4589,113.749,2009-01-01,SCOTTSL2,CCI,23.703111020537634,2009-Jan,-1.3589260960215057,0
23.257846724285713,-28.4589,113.749,2009-02-01,SCOTTSL2,CCI,23.703111020537634,2009-Feb,-0.44526429625192065,0
23.583864076129032,-28.4589,113.749,2009-03-01,SCOTTSL2,CCI,23.703111020537634,2009-Mar,-0.11924694440860151,0
23.427323405666666,-28.4589,113.749,2009-04-01,SCOTTSL2,CCI,23.703111020537634,2009-Apr,-0.2757876148709677,0
23.475154556129034,-28.4589,113.749,2009-05-01,SCOTTSL2,CCI,23.703111020537634,2009-May,-0.2279564644085994,0
22.806991576333335,-28.4589,113.749,2009-06-01,SCOTTSL2,CCI,23.703111020537634,2009-Jun,-0.8961194442042988,0
21.51354468451613,-28.4589,113.749,2009-07-01,SCOTTSL2,CCI,23.703111020537634,2009-Jul,-2.189566336021503,0
20.903543582903225,-28.4589,113.749,2009-08-01,SCOTTSL2,CCI,23.703111020537634,2009-Aug,-2.7995674376344084,0
20.112327067666666,-28.4589,113.749,2009-09-01,SCOTTSL2,CCI,23.703111020537634,2009-Sep,-3.590783952870968,0
20.092893342258066,-28.4589,113.749,2009-10-01,SCOTTSL2,CCI,23.703111020537634,2009-Oct,-3.610217678279568,0
21.258990478333335,-28.4589,113.749,2009-11-01,SCOTTSL2,CCI,23.703111020537634,2009-Nov,-2.444120542204299,0
21.845800387741935,-28.4589,113.749,2009-12-01,SCOTTSL2,CCI,23.703111020537634,2009-Dec,-1.8573106327956985,0
22.558699871935485,-28.4589,113.749,2010-01-01,SCOTTSL2,CCI,23.703111020537634,2010-Jan,-1.144411148602149,0
22.908206830714285,-28.4589,113.749,2010-02-01,SCOTTSL2,CCI,23.703111020537634,2010-Feb,-0.7949041898233489,0
23.25386076967742,-28.4589,113.749,2010-03-01,SCOTTSL2,CCI,23.703111020537634,2010-Mar,-0.44925025086021364,0
22.389657592666666,-28.4589,113.749,2010-04-01,SCOTTSL2,CCI,23.703111020537634,2010-Apr,-1.313453427870968,0
22.258378354838708,-28.4589,113.749,2010-05-01,SCOTTSL2,CCI,23.703111020537634,2010-May,-1.4447326656989254,0
22.260324097,-28.4589,113.749,2010-06-01,SCOTTSL2,CCI,23.703111020537634,2010-Jun,-1.442786923537632,0
20.850960812258066,-28.4589,113.749,2010-07-01,SCOTTSL2,CCI,23.703111020537634,2010-Jul,-2.8521502082795678,0
20.73127973,-28.4589,113.749,2010-08-01,SCOTTSL2,CCI,23.703111020537634,2010-Aug,-2.971831290537633,0
20.569326782333334,-28.4589,113.749,2010-09-01,SCOTTSL2,CCI,23.703111020537634,2010-Sep,-3.1337842382042993,0
20.756445902258065,-28.4589,113.749,2010-10-01,SCOTTSL2,CCI,23.703111020537634,2010-Oct,-2.9466651182795687,0
21.976323445666665,-28.4589,113.749,2010-11-01,SCOTTSL2,CCI,23.703111020537634,2010-Nov,-1.7267875748709685,0
23.165800820967743,-28.4589,113.749,2010-12-01,SCOTTSL2,CCI,23.703111020537634,2010-Dec,-0.537310199569891,0
24.430638270322582,-28.4589,113.749,2011-01-01,SCOTTSL2,CCI,23.703111020537634,2011-Jan,0.7275272497849485,0.7275272497849485
26.329277474642858,-28.4589,113.749,2011-02-01,SCOTTSL2,CCI,23.703111020537634,2011-Feb,2.626166454105224,3.3536937038901726
26.687411202580645,-28.4589,113.749,2011-03-01,SCOTTSL2,CCI,23.703111020537634,2011-Mar,2.984300182043011,6.337993885933184
25.357327270333332,-28.4589,113.749,2011-04-01,SCOTTSL2,CCI,23.703111020537634,2011-Apr,1.6542162497956987,7.992210135728882
24.632572099677418,-28.4589,113.749,2011-05-01,SCOTTSL2,CCI,23.703111020537634,2011-May,0.9294610791397844,8.921671214868667
23.250991821333333,-28.4589,113.749,2011-06-01,SCOTTSL2,CCI,23.703111020537634,2011-Jun,-0.45211919920430077,0
21.884510458064515,-28.4589,113.749,2011-07-01,SCOTTSL2,CCI,23.703111020537634,2011-Jul,-1.8186005624731187,0
21.439672456774193,-28.4589,113.749,2011-08-01,SCOTTSL2,CCI,23.703111020537634,2011-Aug,-2.26343856376344,0
20.821660359333332,-28.4589,113.749,2011-09-01,SCOTTSL2,CCI,23.703111020537634,2011-Sep,-2.881450661204301,0
20.86547438064516,-28.4589,113.749,2011-10-01,SCOTTSL2,CCI,23.703111020537634,2011-Oct,-2.837636639892473,0
21.897327677333333,-28.4589,113.749,2011-11-01,SCOTTSL2,CCI,23.703111020537634,2011-Nov,-1.8057833432043005,0
22.703220292580646,-28.4589,113.749,2011-12-01,SCOTTSL2,CCI,23.703111020537634,2011-Dec,-0.9998907279569877,0
24.13902706,-28.4589,113.749,2012-01-01,SCOTTSL2,CCI,23.703111020537634,2012-Jan,0.43591603946236646,0.43591603946236646
25.223783506896552,-28.4589,113.749,2012-02-01,SCOTTSL2,CCI,23.703111020537634,2012-Feb,1.5206724863589187,1.9565885258212852
24.82160487,-28.4589,113.749,2012-03-01,SCOTTSL2,CCI,23.703111020537634,2012-Mar,1.118493849462368,3.075082375283653
24.345327758,-28.4589,113.749,2012-04-01,SCOTTSL2,CCI,23.703111020537634,2012-Apr,0.6422167374623662,3.7172991127460193
23.991603531935485,-28.4589,113.749,2012-05-01,SCOTTSL2,CCI,23.703111020537634,2012-May,0.2884925113978518,4.005791624143871
23.36599324466667,-28.4589,113.749,2012-06-01,SCOTTSL2,CCI,23.703111020537634,2012-Jun,-0.3371177758709649,0
21.48192945870968,-28.4589,113.749,2012-07-01,SCOTTSL2,CCI,23.703111020537634,2012-Jul,-2.2211815618279545,0
21.018699202903225,-28.4589,113.749,2012-08-01,SCOTTSL2,CCI,23.703111020537634,2012-Aug,-2.684411817634409,0
20.346658325333333,-28.4589,113.749,2012-09-01,SCOTTSL2,CCI,23.703111020537634,2012-Sep,-3.3564526952043003,0
20.50676584548387,-28.4589,113.749,2012-10-01,SCOTTSL2,CCI,23.703111020537634,2012-Oct,-3.1963451750537644,0
20.932325237,-28.4589,113.749,2012-11-01,SCOTTSL2,CCI,23.703111020537634,2012-Nov,-2.770785783537633,0
22.25676682967742,-28.4589,113.749,2012-12-01,SCOTTSL2,CCI,23.703111020537634,2012-Dec,-1.4463441908602128,0
23.424186262903227,-28.4589,113.749,2013-01-01,SCOTTSL2,CCI,23.703111020537634,2013-Jan,-0.2789247576344067,0
24.42284981785714,-28.4589,113.749,2013-02-01,SCOTTSL2,CCI,23.703111020537634,2013-Feb,0.7197387973195077,0.7197387973195077
24.053540432258064,-28.4589,113.749,2013-03-01,SCOTTSL2,CCI,23.703111020537634,2013-Mar,0.3504294117204303,1.070168209039938
24.247656250666665,-28.4589,113.749,2013-04-01,SCOTTSL2,CCI,23.703111020537634,2013-Apr,0.5445452301290317,1.6147134391689697
23.82805884483871,-28.4589,113.749,2013-05-01,SCOTTSL2,CCI,23.703111020537634,2013-May,0.12494782430107776,1.7396612634700475
22.758660888,-28.4589,113.749,2013-06-01,SCOTTSL2,CCI,23.703111020537634,2013-Jun,-0.9444501325376322,0
21.84483071612903,-28.4589,113.749,2013-07-01,SCOTTSL2,CCI,23.703111020537634,2013-Jul,-1.858280304408602,0
21.089992202903225,-28.4589,113.749,2013-08-01,SCOTTSL2,CCI,23.703111020537634,2013-Aug,-2.6131188176344082,0
20.571658325333335,-28.4589,113.749,2013-09-01,SCOTTSL2,CCI,23.703111020537634,2013-Sep,-3.131452695204299,0
20.29095931516129,-28.4589,113.749,2013-10-01,SCOTTSL2,CCI,23.703111020537634,2013-Oct,-3.412151705376342,0
21.548324585,-28.4589,113.749,2013-11-01,SCOTTSL2,CCI,23.703111020537634,2013-Nov,-2.154786435537634,0
22.277411478387098,-28.4589,113.749,2013-12-01,SCOTTSL2,CCI,23.703111020537634,2013-Dec,-1.4256995421505358,0
22.97063795516129,-28.4589,113.749,2014-01-01,SCOTTSL2,CCI,23.703111020537634,2014-Jan,-0.7324730653763432,0
23.47142072392857,-28.4589,113.749,2014-02-01,SCOTTSL2,CCI,23.703111020537634,2014-Feb,-0.23169029660906304,0
23.519669858387097,-28.4589,113.749,2014-03-01,SCOTTSL2,CCI,23.703111020537634,2014-Mar,-0.18344116215053674,0
23.517658488,-28.4589,113.749,2014-04-01,SCOTTSL2,CCI,23.703111020537634,2014-Apr,-0.18545253253763505,0
23.161283234193547,-28.4589,113.749,2014-05-01,SCOTTSL2,CCI,23.703111020537634,2014-May,-0.5418277863440863,0
22.720658366,-28.4589,113.749,2014-06-01,SCOTTSL2,CCI,23.703111020537634,2014-Jun,-0.9824526545376351,0
21.891283391935485,-28.4589,113.749,2014-07-01,SCOTTSL2,CCI,23.703111020537634,2014-Jul,-1.811827628602149,0
21.54483111,-28.4589,113.749,2014-08-01,SCOTTSL2,CCI,23.703111020537634,2014-Aug,-2.158279910537633,0
21.585325113666666,-28.4589,113.749,2014-09-01,SCOTTSL2,CCI,23.703111020537634,2014-Sep,-2.1177859068709672,0
20.88483335419355,-28.4589,113.749,2014-10-01,SCOTTSL2,CCI,23.703111020537634,2014-Oct,-2.818277666344084,0
21.109658814,-28.4589,113.749,2014-11-01,SCOTTSL2,CCI,23.703111020537634,2014-Nov,-2.593452206537634,0
21.40547406612903,-28.4589,113.749,2014-12-01,SCOTTSL2,CCI,23.703111020537634,2014-Dec,-2.2976369544086026,0
22.178700896451613,-28.4589,113.749,2015-01-01,SCOTTSL2,CCI,23.703111020537634,2015-Jan,-1.524410124086021,0
23.40142211857143,-28.4589,113.749,2015-02-01,SCOTTSL2,CCI,23.703111020537634,2015-Feb,-0.30168890196620524,0
23.80289759548387,-28.4589,113.749,2015-03-01,SCOTTSL2,CCI,23.703111020537634,2015-Mar,0.09978657494623633,0.09978657494623633
23.892327880333333,-28.4589,113.749,2015-04-01,SCOTTSL2,CCI,23.703111020537634,2015-Apr,0.18921685979569958,0.2890034347419359
23.138381268709676,-28.4589,113.749,2015-05-01,SCOTTSL2,CCI,23.703111020537634,2015-May,-0.5647297518279579,0
22.591659546,-28.4589,113.749,2015-06-01,SCOTTSL2,CCI,23.703111020537634,2015-Jun,-1.1114514745376347,0
21.613542913225807,-28.4589,113.749,2015-07-01,SCOTTSL2,CCI,23.703111020537634,2015-Jul,-2.089568107311827,0
20.780962347419354,-28.4589,113.749,2015-08-01,SCOTTSL2,CCI,23.703111020537634,2015-Aug,-2.9221486731182793,0
20.274327596666666,-28.4589,113.749,2015-09-01,SCOTTSL2,CCI,23.703111020537634,2015-Sep,-3.428783423870968,0
20.602571352580647,-28.4589,113.749,2015-10-01,SCOTTSL2,CCI,23.703111020537634,2015-Oct,-3.100539667956987,0
21.312994384333333,-28.4589,113.749,2015-11-01,SCOTTSL2,CCI,23.703111020537634,2015-Nov,-2.3901166362043007,0
21.159347828709677,-28.4589,113.749,2015-12-01,SCOTTSL2,CCI,23.703111020537634,2015-Dec,-2.5437631918279564,0
22.981606562903227,-28.4589,113.749,2016-01-01,SCOTTSL2,CCI,23.703111020537634,2016-Jan,-0.7215044576344063,0
23.077581154827588,-28.4589,113.749,2016-02-01,SCOTTSL2,CCI,23.703111020537634,2016-Feb,-0.6255298657100461,0
23.013542717419355,-28.4589,113.749,2016-03-01,SCOTTSL2,CCI,23.703111020537634,2016-Mar,-0.6895683031182784,0
22.717995198,-28.4589,113.749,2016-04-01,SCOTTSL2,CCI,23.703111020537634,2016-Apr,-0.9851158225376331,0
22.179993462580644,-28.4589,113.749,2016-05-01,SCOTTSL2,CCI,23.703111020537634,2016-May,-1.52311755795699,0
21.582324218333333,-28.4589,113.749,2016-06-01,SCOTTSL2,CCI,23.703111020537634,2016-Jun,-2.1207868022043,0
21.188377921935484,-28.4589,113.749,2016-07-01,SCOTTSL2,CCI,23.703111020537634,2016-Jul,-2.51473309860215,0
20.57063913612903,-28.4589,113.749,2016-08-01,SCOTTSL2,CCI,23.703111020537634,2016-Aug,-3.132471884408602,0
19.67199198466667,-28.4589,113.749,2016-09-01,SCOTTSL2,CCI,23.703111020537634,2016-Sep,-4.031119035870965,0
20.097733822903226,-28.4589,113.749,2016-10-01,SCOTTSL2,CCI,23.703111020537634,2016-Oct,-3.6053771976344073,0
20.658990478333333,-28.4589,113.749,2016-11-01,SCOTTSL2,CCI,23.703111020537634,2016-Nov,-3.0441205422043005,0
21.648702116129034,-28.4589,113.749,2016-12-01,SCOTTSL2,CCI,23.703111020537634,2016-Dec,-2.0544089044086,0
22.05837993,-28.4589,113.749,2017-01-01,SCOTTSL2,CCI,23.703111020537634,2017-Jan,-1.6447310905376327,0
23.09713679714286,-28.4589,113.749,2017-02-01,SCOTTSL2,CCI,23.703111020537634,2017-Feb,-0.6059742233947745,0
23.809024735806453,-28.4589,113.749,2017-03-01,SCOTTSL2,CCI,23.703111020537634,2017-Mar,0.10591371526881943,0.10591371526881943
23.177325438666667,-28.4589,113.749,2017-04-01,SCOTTSL2,CCI,23.703111020537634,2017-Apr,-0.5257855818709665,0
24.072573557096774,-28.4589,113.749,2017-05-01,SCOTTSL2,CCI,23.703111020537634,2017-May,0.36946253655914063,0.36946253655914063
22.958661905333333,-28.4589,113.749,2017-06-01,SCOTTSL2,CCI,23.703111020537634,2017-Jun,-0.7444491152043007,0
21.856441178387097,-28.4589,113.749,2017-07-01,SCOTTSL2,CCI,23.703111020537634,2017-Jul,-1.8466698421505363,0
20.638381268064517,-28.4589,113.749,2017-08-01,SCOTTSL2,CCI,23.703111020537634,2017-Aug,-3.0647297524731165,0
20.27699178,-28.4589,113.749,2017-09-01,SCOTTSL2,CCI,23.703111020537634,2017-Sep,-3.426119240537634,0
20.108701447096774,-28.4589,113.749,2017-10-01,SCOTTSL2,CCI,23.703111020537634,2017-Oct,-3.59440957344086,0
21.306657918333332,-28.4589,113.749,2017-11-01,SCOTTSL2,CCI,23.703111020537634,2017-Nov,-2.396453102204301,0
22.171604082258064,-28.4589,113.749,2017-12-01,SCOTTSL2,CCI,23.703111020537634,2017-Dec,-1.5315069382795699,0
22.599025407096775,-28.4589,113.749,2018-01-01,SCOTTSL2,CCI,23.703111020537634,2018-Jan,-1.1040856134408585,0
22.9624910625,-28.4589,113.749,2018-02-01,SCOTTSL2,CCI,23.703111020537634,2018-Feb,-0.7406199580376338,0
23.492573202258065,-28.4589,113.749,2018-03-01,SCOTTSL2,CCI,23.703111020537634,2018-Mar,-0.21053781827956897,0
23.410657755666666,-28.4589,113.749,2018-04-01,SCOTTSL2,CCI,23.703111020537634,2018-Apr,-0.2924532648709679,0
23.353862933870968,-28.4589,113.749,2018-05-01,SCOTTSL2,CCI,23.703111020537634,2018-May,-0.34924808666666607,0
23.174995930666668,-28.4589,113.749,2018-06-01,SCOTTSL2,CCI,23.703111020537634,2018-Jun,-0.5281150898709654,0
22.06934755387097,-28.4589,113.749,2018-07-01,SCOTTSL2,CCI,23.703111020537634,2018-Jul,-1.6337634666666645,0
20.399024027419355,-28.4589,113.749,2018-08-01,SCOTTSL2,CCI,23.703111020537634,2018-Aug,-3.304086993118279,0
19.807988485666666,-28.4589,113.749,2018-09-01,SCOTTSL2,CCI,23.703111020537634,2018-Sep,-3.8951225348709677,0
20.19515282419355,-28.4589,113.749,2018-10-01,SCOTTSL2,CCI,23.703111020537634,2018-Oct,-3.5079581963440845,0
20.007658894,-28.4589,113.749,2018-11-01,SCOTTSL2,CCI,23.703111020537634,2018-Nov,-3.695452126537635,0
20.695477688387097,-28.4589,113.749,2018-12-01,SCOTTSL2,CCI,23.703111020537634,2018-Dec,-3.0076333321505366,0
21.457733941935484,-28.4589,113.749,2019-01-01,SCOTTSL2,CCI,23.703111020537634,2019-Jan,-2.24537707860215,0
22.353923687857144,-28.4589,113.749,2019-02-01,SCOTTSL2,CCI,23.703111020537634,2019-Feb,-1.34918733268049,0
22.974511718064516,-28.4589,113.749,2019-03-01,SCOTTSL2,CCI,23.703111020537634,2019-Mar,-0.7285993024731177,0
22.716993204333335,-28.4589,113.749,2019-04-01,SCOTTSL2,CCI,23.703111020537634,2019-Apr,-0.986117816204299,0
22.418705897419354,-28.4589,113.749,2019-05-01,SCOTTSL2,CCI,23.703111020537634,2019-May,-1.2844051231182796,0
22.755327352,-28.4589,113.749,2019-06-01,SCOTTSL2,CCI,23.703111020537634,2019-Jun,-0.9477836685376353,0
21.525797000967742,-28.4589,113.749,2019-07-01,SCOTTSL2,CCI,23.703111020537634,2019-Jul,-2.1773140195698915,0
20.791928002903227,-28.4589,113.749,2019-08-01,SCOTTSL2,CCI,23.703111020537634,2019-Aug,-2.911183017634407,0
20.756991576,-28.4589,113.749,2019-09-01,SCOTTSL2,CCI,23.703111020537634,2019-Sep,-2.946119444537633,0
20.86515246967742,-28.4589,113.749,2019-10-01,SCOTTSL2,CCI,23.703111020537634,2019-Oct,-2.8379585508602148,0
21.210325114666666,-28.4589,113.749,2019-11-01,SCOTTSL2,CCI,23.703111020537634,2019-Nov,-2.492785905870967,0
22.830960969032258,-28.4589,113.749,2019-12-01,SCOTTSL2,CCI,23.703111020537634,2019-Dec,-0.8721500515053755,0
22.6219273716129,-28.4589,113.749,2020-01-01,SCOTTSL2,CCI,23.703111020537634,2020-Jan,-1.081183648924732,0
23.679304663103448,-28.4589,113.749,2020-02-01,SCOTTSL2,CCI,23.703111020537634,2020-Feb,-0.0238063574341858,0
24.561926859354838,-28.4589,113.749,2020-03-01,SCOTTSL2,CCI,23.703111020537634,2020-Mar,0.858815838817204,0.858815838817204
24.780990600333332,-28.4589,113.749,2020-04-01,SCOTTSL2,CCI,23.703111020537634,2020-Apr,1.0778795797956988,1.9366954186129028
23.232252354193548,-28.4589,113.749,2020-05-01,SCOTTSL2,CCI,23.703111020537634,2020-May,-0.47085866634408546,0
23.570659382333332,-28.4589,113.749,2020-06-01,SCOTTSL2,CCI,23.703111020537634,2020-Jun,-0.1324516382043015,0
22.34676808967742,-28.4589,113.749,2020-07-01,SCOTTSL2,CCI,23.703111020537634,2020-Jul,-1.3563429308602153,0
21.22192461548387,-28.4589,113.749,2020-08-01,SCOTTSL2,CCI,23.703111020537634,2020-Aug,-2.481186405053762,0
20.641325887333334,-28.4589,113.749,2020-09-01,SCOTTSL2,CCI,23.703111020537634,2020-Sep,-3.0617851332042996,0
20.601607587419355,-28.4589,113.749,2020-10-01,SCOTTSL2,CCI,23.703111020537634,2020-Oct,-3.1015034331182783,0
21.780330402333334,-28.4589,113.749,2020-11-01,SCOTTSL2,CCI,23.703111020537634,2020-Nov,-1.9227806182042997,0
22.21063803354839,-28.4589,113.749,2020-12-01,SCOTTSL2,CCI,23.703111020537634,2020-Dec,-1.4924729869892452,0
