sst_monthly,Latitude,Longitude,monthly_date,Reef_Site,Data_Type,mmm_from_sst,date,anomaly,SCOTTSS1_DHM
27.86665751139325,-14.0788,121.978,1981-09-01,SCOTTSS1,CCI,29.927802234118644,1981-Sep,-2.0611447227253947,0
28.82063815209174,-14.0788,121.978,1981-10-01,SCOTTSS1,CCI,29.927802234118644,1981-Oct,-1.1071640820269053,0
29.457991536458344,-14.0788,121.978,1981-11-01,SCOTTSS1,CCI,29.927802234118644,1981-Nov,-0.46981069766030004,0
29.260958566973304,-14.0788,121.978,1981-12-01,SCOTTSS1,CCI,29.927802234118644,1981-Dec,-0.6668436671453399,0
29.864184767200122,-14.0788,121.978,1982-01-01,SCOTTSS1,CCI,29.927802234118644,1982-Jan,-0.06361746691852233,0
28.666421508789085,-14.0788,121.978,1982-02-01,SCOTTSS1,CCI,29.927802234118644,1982-Feb,-1.261380725329559,0
29.147733429939535,-14.0788,121.978,1982-03-01,SCOTTSS1,CCI,29.927802234118644,1982-Mar,-0.7800688041791091,0
29.532660929361978,-14.0788,121.978,1982-04-01,SCOTTSS1,CCI,29.927802234118644,1982-Apr,-0.39514130475666676,0
28.338702589465747,-14.0788,121.978,1982-05-01,SCOTTSS1,CCI,29.927802234118644,1982-May,-1.5890996446528973,0
27.554991658528657,-14.0788,121.978,1982-06-01,SCOTTSS1,CCI,29.927802234118644,1982-Jun,-2.3728105755899875,0
26.28870199880294,-14.0788,121.978,1982-07-01,SCOTTSS1,CCI,29.927802234118644,1982-Jul,-3.6391002353157056,0
25.96354015719507,-14.0788,121.978,1982-08-01,SCOTTSS1,CCI,29.927802234118644,1982-Aug,-3.964262076923575,0
26.779326375325528,-14.0788,121.978,1982-09-01,SCOTTSS1,CCI,29.927802234118644,1982-Sep,-3.148475858793116,0
27.59321919102825,-14.0788,121.978,1982-10-01,SCOTTSS1,CCI,29.927802234118644,1982-Oct,-2.3345830430903938,0
29.371659342447934,-14.0788,121.978,1982-11-01,SCOTTSS1,CCI,29.927802234118644,1982-Nov,-0.5561428916707101,0
30.23773370558217,-14.0788,121.978,1982-12-01,SCOTTSS1,CCI,29.927802234118644,1982-Dec,0.30993147146352484,0.30993147146352484
29.44224873204387,-14.0788,121.978,1983-01-01,SCOTTSS1,CCI,29.927802234118644,1983-Jan,-0.4855535020747759,0
30.822493852887852,-14.0788,121.978,1983-02-01,SCOTTSS1,CCI,29.927802234118644,1983-Feb,0.8946916187692082,0.8946916187692082
30.019669858870984,-14.0788,121.978,1983-03-01,SCOTTSS1,CCI,29.927802234118644,1983-Mar,0.09186762475233934,0.9865592435215476
30.102659098307306,-14.0788,121.978,1983-04-01,SCOTTSS1,CCI,29.927802234118644,1983-Apr,0.1748568641886621,1.1614161077102096
28.315152863533275,-14.0788,121.978,1983-05-01,SCOTTSS1,CCI,29.927802234118644,1983-May,-1.6126493705853697,0
27.092325846354186,-14.0788,121.978,1983-06-01,SCOTTSS1,CCI,29.927802234118644,1983-Jun,-2.8354763877644587,0
26.243541889805964,-14.0788,121.978,1983-07-01,SCOTTSS1,CCI,29.927802234118644,1983-Jul,-3.68426034431268,0
25.63547520791332,-14.0788,121.978,1983-08-01,SCOTTSS1,CCI,29.927802234118644,1983-Aug,-4.292327026205324,0
27.035662841796885,-14.0788,121.978,1983-09-01,SCOTTSS1,CCI,29.927802234118644,1983-Sep,-2.8921393923217593,0
28.36063783707159,-14.0788,121.978,1983-10-01,SCOTTSS1,CCI,29.927802234118644,1983-Oct,-1.5671643970470548,0
29.53165893554689,-14.0788,121.978,1983-11-01,SCOTTSS1,CCI,29.927802234118644,1983-Nov,-0.39614329857175434,0
29.433220451108888,-14.0788,121.978,1983-12-01,SCOTTSS1,CCI,29.927802234118644,1983-Dec,-0.49458178300975675,0
29.325155738092263,-14.0788,121.978,1984-01-01,SCOTTSS1,CCI,29.927802234118644,1984-Jan,-0.6026464960263809,0
29.44102656923493,-14.0788,121.978,1984-02-01,SCOTTSS1,CCI,29.927802234118644,1984-Feb,-0.4867756648837158,0
29.36031297253026,-14.0788,121.978,1984-03-01,SCOTTSS1,CCI,29.927802234118644,1984-Mar,-0.5674892615883849,0
29.319657389322924,-14.0788,121.978,1984-04-01,SCOTTSS1,CCI,29.927802234118644,1984-Apr,-0.6081448447957207,0
28.78225196100053,-14.0788,121.978,1984-05-01,SCOTTSS1,CCI,29.927802234118644,1984-May,-1.1455502731181149,0
27.475325520833344,-14.0788,121.978,1984-06-01,SCOTTSS1,CCI,29.927802234118644,1984-Jun,-2.4524767132853,0
26.26225211851061,-14.0788,121.978,1984-07-01,SCOTTSS1,CCI,29.927802234118644,1984-Jul,-3.665550115608035,0
26.230963725428442,-14.0788,121.978,1984-08-01,SCOTTSS1,CCI,29.927802234118644,1984-Aug,-3.6968385086902025,0
26.945991007487,-14.0788,121.978,1984-09-01,SCOTTSS1,CCI,29.927802234118644,1984-Sep,-2.9818112266316454,0
28.005799127394166,-14.0788,121.978,1984-10-01,SCOTTSS1,CCI,29.927802234118644,1984-Oct,-1.9220031067244783,0
29.126662190755226,-14.0788,121.978,1984-11-01,SCOTTSS1,CCI,29.927802234118644,1984-Nov,-0.8011400433634179,0
29.275800938760096,-14.0788,121.978,1984-12-01,SCOTTSS1,CCI,29.927802234118644,1984-Dec,-0.6520012953585486,0
28.887082795173914,-14.0788,121.978,1985-01-01,SCOTTSS1,CCI,29.927802234118644,1985-Jan,-1.0407194389447305,0
29.512491934640092,-14.0788,121.978,1985-02-01,SCOTTSS1,CCI,29.927802234118644,1985-Feb,-0.415310299478552,0
29.30902670583419,-14.0788,121.978,1985-03-01,SCOTTSS1,CCI,29.927802234118644,1985-Mar,-0.6187755282844556,0
29.756326293945317,-14.0788,121.978,1985-04-01,SCOTTSS1,CCI,29.927802234118644,1985-Apr,-0.1714759401733268,0
29.105476428616445,-14.0788,121.978,1985-05-01,SCOTTSS1,CCI,29.927802234118644,1985-May,-0.8223258055021994,0
27.446993001302097,-14.0788,121.978,1985-06-01,SCOTTSS1,CCI,29.927802234118644,1985-Jun,-2.480809232816547,0
26.07579759167088,-14.0788,121.978,1985-07-01,SCOTTSS1,CCI,29.927802234118644,1985-Jul,-3.8520046424477634,0
26.142574974798404,-14.0788,121.978,1985-08-01,SCOTTSS1,CCI,29.927802234118644,1985-Aug,-3.7852272593202407,0
26.862328084309905,-14.0788,121.978,1985-09-01,SCOTTSS1,CCI,29.927802234118644,1985-Sep,-3.0654741498087397,0
27.214186932963717,-14.0788,121.978,1985-10-01,SCOTTSS1,CCI,29.927802234118644,1985-Oct,-2.7136153011549276,0
28.686991373697932,-14.0788,121.978,1985-11-01,SCOTTSS1,CCI,29.927802234118644,1985-Nov,-1.2408108604207122,0
29.332573478452645,-14.0788,121.978,1985-12-01,SCOTTSS1,CCI,29.927802234118644,1985-Dec,-0.5952287556659996,0
29.7048318186114,-14.0788,121.978,1986-01-01,SCOTTSS1,CCI,29.927802234118644,1986-Jan,-0.22297041550724472,0
29.11963370186943,-14.0788,121.978,1986-02-01,SCOTTSS1,CCI,29.927802234118644,1986-Feb,-0.8081685322492156,0
29.844833669354863,-14.0788,121.978,1986-03-01,SCOTTSS1,CCI,29.927802234118644,1986-Mar,-0.08296856476378167,0
30.144991048177094,-14.0788,121.978,1986-04-01,SCOTTSS1,CCI,29.927802234118644,1986-Apr,0.21718881405844925,0.21718881405844925
29.01321686775455,-14.0788,121.978,1986-05-01,SCOTTSS1,CCI,29.927802234118644,1986-May,-0.9145853663640935,0
27.62399190266928,-14.0788,121.978,1986-06-01,SCOTTSS1,CCI,29.927802234118644,1986-Jun,-2.3038103314493625,0
26.940638191469265,-14.0788,121.978,1986-07-01,SCOTTSS1,CCI,29.927802234118644,1986-Jul,-2.987164042649379,0
25.742574187247993,-14.0788,121.978,1986-08-01,SCOTTSS1,CCI,29.927802234118644,1986-Aug,-4.185228046870652,0
26.555325317382827,-14.0788,121.978,1986-09-01,SCOTTSS1,CCI,29.927802234118644,1986-Sep,-3.372476916735817,0
26.53741238501766,-14.0788,121.978,1986-10-01,SCOTTSS1,CCI,29.927802234118644,1986-Oct,-3.390389849100984,0
27.966991170247415,-14.0788,121.978,1986-11-01,SCOTTSS1,CCI,29.927802234118644,1986-Nov,-1.9608110638712297,0
29.49354090536796,-14.0788,121.978,1986-12-01,SCOTTSS1,CCI,29.927802234118644,1986-Dec,-0.4342613287506829,0
29.789992597026224,-14.0788,121.978,1987-01-01,SCOTTSS1,CCI,29.927802234118644,1987-Jan,-0.13780963709242045,0
27.647132219587068,-14.0788,121.978,1987-02-01,SCOTTSS1,CCI,29.927802234118644,1987-Feb,-2.2806700145315766,0
29.282896767893153,-14.0788,121.978,1987-03-01,SCOTTSS1,CCI,29.927802234118644,1987-Mar,-0.6449054662254916,0
29.3673268636068,-14.0788,121.978,1987-04-01,SCOTTSS1,CCI,29.927802234118644,1987-Apr,-0.5604753705118455,0
28.85741478704638,-14.0788,121.978,1987-05-01,SCOTTSS1,CCI,29.927802234118644,1987-May,-1.0703874470722639,0
27.369992065429706,-14.0788,121.978,1987-06-01,SCOTTSS1,CCI,29.927802234118644,1987-Jun,-2.5578101686889383,0
26.538378118699622,-14.0788,121.978,1987-07-01,SCOTTSS1,CCI,29.927802234118644,1987-Jul,-3.389424115419022,0
25.986442122920877,-14.0788,121.978,1987-08-01,SCOTTSS1,CCI,29.927802234118644,1987-Aug,-3.941360111197767,0
26.560991414388035,-14.0788,121.978,1987-09-01,SCOTTSS1,CCI,29.927802234118644,1987-Sep,-3.3668108197306097,0
26.756767814390145,-14.0788,121.978,1987-10-01,SCOTTSS1,CCI,29.927802234118644,1987-Oct,-3.1710344197284996,0
28.36599324544272,-14.0788,121.978,1987-11-01,SCOTTSS1,CCI,29.927802234118644,1987-Nov,-1.5618089886759243,0
28.87741069178429,-14.0788,121.978,1987-12-01,SCOTTSS1,CCI,29.927802234118644,1987-Dec,-1.0503915423343528,0
29.584830794795877,-14.0788,121.978,1988-01-01,SCOTTSS1,CCI,29.927802234118644,1988-Jan,-0.34297143932276697,0
30.492405542834064,-14.0788,121.978,1988-02-01,SCOTTSS1,CCI,29.927802234118644,1988-Feb,0.5646033087154194,0.5646033087154194
30.681927884009593,-14.0788,121.978,1988-03-01,SCOTTSS1,CCI,29.927802234118644,1988-Mar,0.7541256498909483,1.3187289586063677
29.959992472330747,-14.0788,121.978,1988-04-01,SCOTTSS1,CCI,29.927802234118644,1988-Apr,0.03219023821210243,1.3509191968184702
29.82708720545616,-14.0788,121.978,1988-05-01,SCOTTSS1,CCI,29.927802234118644,1988-May,-0.10071502866248494,0
28.137994384765634,-14.0788,121.978,1988-06-01,SCOTTSS1,CCI,29.927802234118644,1988-Jun,-1.7898078493530107,0
26.97160368888611,-14.0788,121.978,1988-07-01,SCOTTSS1,CCI,29.927802234118644,1988-Jul,-2.9561985452325352,0
26.811285006615442,-14.0788,121.978,1988-08-01,SCOTTSS1,CCI,29.927802234118644,1988-Aug,-3.116517227503202,0
27.20398864746096,-14.0788,121.978,1988-09-01,SCOTTSS1,CCI,29.927802234118644,1988-Sep,-2.723813586657684,0
29.09225050403228,-14.0788,121.978,1988-10-01,SCOTTSS1,CCI,29.927802234118644,1988-Oct,-0.8355517300863653,0
29.58899230957033,-14.0788,121.978,1988-11-01,SCOTTSS1,CCI,29.927802234118644,1988-Nov,-0.3388099245483147,0
28.969025445753548,-14.0788,121.978,1988-12-01,SCOTTSS1,CCI,29.927802234118644,1988-Dec,-0.9587767883650962,0
29.893865573021696,-14.0788,121.978,1989-01-01,SCOTTSS1,CCI,29.927802234118644,1989-Jan,-0.033936661096948484,0
30.487137276785717,-14.0788,121.978,1989-02-01,SCOTTSS1,CCI,29.927802234118644,1989-Feb,0.5593350426670725,0.5593350426670725
30.207412030619974,-14.0788,121.978,1989-03-01,SCOTTSS1,CCI,29.927802234118644,1989-Mar,0.27960979650132955,0.838944839168402
29.71466064453126,-14.0788,121.978,1989-04-01,SCOTTSS1,CCI,29.927802234118644,1989-Apr,-0.2131415895873836,0
28.700315217048914,-14.0788,121.978,1989-05-01,SCOTTSS1,CCI,29.927802234118644,1989-May,-1.2274870170697305,0
27.92399393717449,-14.0788,121.978,1989-06-01,SCOTTSS1,CCI,29.927802234118644,1989-Jun,-2.003808296944154,0
27.252250228389638,-14.0788,121.978,1989-07-01,SCOTTSS1,CCI,29.927802234118644,1989-Jul,-2.6755520057290063,0
26.837091064453155,-14.0788,121.978,1989-08-01,SCOTTSS1,CCI,29.927802234118644,1989-Aug,-3.0907111696654894,0
27.338991292317726,-14.0788,121.978,1989-09-01,SCOTTSS1,CCI,29.927802234118644,1989-Sep,-2.5888109418009186,0
28.38838225333923,-14.0788,121.978,1989-10-01,SCOTTSS1,CCI,29.927802234118644,1989-Oct,-1.5394199807794138,0
29.109328206380226,-14.0788,121.978,1989-11-01,SCOTTSS1,CCI,29.927802234118644,1989-Nov,-0.8184740277384179,0
29.25515727381553,-14.0788,121.978,1989-12-01,SCOTTSS1,CCI,29.927802234118644,1989-Dec,-0.6726449603031135,0
29.66321667086695,-14.0788,121.978,1990-01-01,SCOTTSS1,CCI,29.927802234118644,1990-Jan,-0.2645855632516927,0
30.033919634137852,-14.0788,121.978,1990-02-01,SCOTTSS1,CCI,29.927802234118644,1990-Feb,0.10611740001920822,0.10611740001920822
29.476768050655256,-14.0788,121.978,1990-03-01,SCOTTSS1,CCI,29.927802234118644,1990-Mar,-0.4510341834633884,0
30.339995320638042,-14.0788,121.978,1990-04-01,SCOTTSS1,CCI,29.927802234118644,1990-Apr,0.4121930865193981,0.4121930865193981
29.146446769468263,-14.0788,121.978,1990-05-01,SCOTTSS1,CCI,29.927802234118644,1990-May,-0.7813554646503817,0
27.76865844726564,-14.0788,121.978,1990-06-01,SCOTTSS1,CCI,29.927802234118644,1990-Jun,-2.1591437868530043,0
26.96063508064519,-14.0788,121.978,1990-07-01,SCOTTSS1,CCI,29.927802234118644,1990-Jul,-2.9671671534734543,0
26.760314744518674,-14.0788,121.978,1990-08-01,SCOTTSS1,CCI,29.927802234118644,1990-Aug,-3.1674874895999707,0
27.13132731119794,-14.0788,121.978,1990-09-01,SCOTTSS1,CCI,29.927802234118644,1990-Sep,-2.796474922920705,0
28.571607823525714,-14.0788,121.978,1990-10-01,SCOTTSS1,CCI,29.927802234118644,1990-Oct,-1.3561944105929307,0
29.45565897623699,-14.0788,121.978,1990-11-01,SCOTTSS1,CCI,29.927802234118644,1990-Nov,-0.4721432578816547,0
29.81289554719004,-14.0788,121.978,1990-12-01,SCOTTSS1,CCI,29.927802234118644,1990-Dec,-0.11490668692860595,0
29.667733272429455,-14.0788,121.978,1991-01-01,SCOTTSS1,CCI,29.927802234118644,1991-Jan,-0.26006896168918914,0
28.624277823311967,-14.0788,121.978,1991-02-01,SCOTTSS1,CCI,29.927802234118644,1991-Feb,-1.303524410806677,0
29.42483107043853,-14.0788,121.978,1991-03-01,SCOTTSS1,CCI,29.927802234118644,1991-Mar,-0.5029711636801153,0
29.25399169921877,-14.0788,121.978,1991-04-01,SCOTTSS1,CCI,29.927802234118644,1991-Apr,-0.6738105348998751,0
28.068056955645176,-14.0788,121.978,1991-05-01,SCOTTSS1,CCI,29.927802234118644,1991-May,-1.8597452784734685,0
27.415658569335953,-14.0788,121.978,1991-06-01,SCOTTSS1,CCI,29.927802234118644,1991-Jun,-2.512143664782691,0
26.61805754630798,-14.0788,121.978,1991-07-01,SCOTTSS1,CCI,29.927802234118644,1991-Jul,-3.3097446878106638,0
26.352572336504554,-14.0788,121.978,1991-08-01,SCOTTSS1,CCI,29.927802234118644,1991-Aug,-3.57522989761409,0
26.714656575520852,-14.0788,121.978,1991-09-01,SCOTTSS1,CCI,29.927802234118644,1991-Sep,-3.213145658597792,0
28.140961480909787,-14.0788,121.978,1991-10-01,SCOTTSS1,CCI,29.927802234118644,1991-Oct,-1.7868407532088568,0
28.96199035644532,-14.0788,121.978,1991-11-01,SCOTTSS1,CCI,29.927802234118644,1991-Nov,-0.9658118776733247,0
29.56612253496725,-14.0788,121.978,1991-12-01,SCOTTSS1,CCI,29.927802234118644,1991-Dec,-0.3616796991513951,0
29.59354208669357,-14.0788,121.978,1992-01-01,SCOTTSS1,CCI,29.927802234118644,1992-Jan,-0.3342601474250735,0
29.635165720972534,-14.0788,121.978,1992-02-01,SCOTTSS1,CCI,29.927802234118644,1992-Feb,-0.2926365131461104,0
30.100638900264627,-14.0788,121.978,1992-03-01,SCOTTSS1,CCI,29.927802234118644,1992-Mar,0.17283666614598303,0.17283666614598303
30.552660115559917,-14.0788,121.978,1992-04-01,SCOTTSS1,CCI,29.927802234118644,1992-Apr,0.6248578814412724,0.7976945475872554
29.728057664440538,-14.0788,121.978,1992-05-01,SCOTTSS1,CCI,29.927802234118644,1992-May,-0.1997445696781064,0
28.550991821289074,-14.0788,121.978,1992-06-01,SCOTTSS1,CCI,29.927802234118644,1992-Jun,-1.3768104128295704,0
27.085798497353842,-14.0788,121.978,1992-07-01,SCOTTSS1,CCI,29.927802234118644,1992-Jul,-2.842003736764802,0
26.83838067823842,-14.0788,121.978,1992-08-01,SCOTTSS1,CCI,29.927802234118644,1992-Aug,-3.089421555880225,0
27.03965657552085,-14.0788,121.978,1992-09-01,SCOTTSS1,CCI,29.927802234118644,1992-Sep,-2.888145658597793,0
28.337412975680458,-14.0788,121.978,1992-10-01,SCOTTSS1,CCI,29.927802234118644,1992-Oct,-1.5903892584381865,0
29.506988525390657,-14.0788,121.978,1992-11-01,SCOTTSS1,CCI,29.927802234118644,1992-Nov,-0.4208137087279873,0
28.536765609249002,-14.0788,121.978,1992-12-01,SCOTTSS1,CCI,29.927802234118644,1992-Dec,-1.391036624869642,0
28.899994684034787,-14.0788,121.978,1993-01-01,SCOTTSS1,CCI,29.927802234118644,1993-Jan,-1.0278075500838568,0
27.73749149867468,-14.0788,121.978,1993-02-01,SCOTTSS1,CCI,29.927802234118644,1993-Feb,-2.1903107354439655,0
29.608379536290336,-14.0788,121.978,1993-03-01,SCOTTSS1,CCI,29.927802234118644,1993-Mar,-0.31942269782830834,0
30.211329142252627,-14.0788,121.978,1993-04-01,SCOTTSS1,CCI,29.927802234118644,1993-Apr,0.2835269081339824,0.2835269081339824
29.021926190776234,-14.0788,121.978,1993-05-01,SCOTTSS1,CCI,29.927802234118644,1993-May,-0.9058760433424098,0
27.852325439453143,-14.0788,121.978,1993-06-01,SCOTTSS1,CCI,29.927802234118644,1993-Jun,-2.0754767946655015,0
26.73708988312754,-14.0788,121.978,1993-07-01,SCOTTSS1,CCI,29.927802234118644,1993-Jul,-3.190712350991106,0
26.689347593245984,-14.0788,121.978,1993-08-01,SCOTTSS1,CCI,29.927802234118644,1993-Aug,-3.2384546408726607,0
27.10899047851564,-14.0788,121.978,1993-09-01,SCOTTSS1,CCI,29.927802234118644,1993-Sep,-2.8188117556030043,0
27.675799757434493,-14.0788,121.978,1993-10-01,SCOTTSS1,CCI,29.927802234118644,1993-Oct,-2.252002476684151,0
28.82066141764323,-14.0788,121.978,1993-11-01,SCOTTSS1,CCI,29.927802234118644,1993-Nov,-1.1071408164754146,0
29.542248928931468,-14.0788,121.978,1993-12-01,SCOTTSS1,CCI,29.927802234118644,1993-Dec,-0.3855533051871767,0
30.028702077557984,-14.0788,121.978,1994-01-01,SCOTTSS1,CCI,29.927802234118644,1994-Jan,0.10089984343933978,0.10089984343933978
30.15999319893975,-14.0788,121.978,1994-02-01,SCOTTSS1,CCI,29.927802234118644,1994-Feb,0.23219096482110402,0.3330908082604438
29.584832763671894,-14.0788,121.978,1994-03-01,SCOTTSS1,CCI,29.927802234118644,1994-Mar,-0.3429694704467501,0
29.166655476888035,-14.0788,121.978,1994-04-01,SCOTTSS1,CCI,29.927802234118644,1994-Apr,-0.761146757230609,0
28.39160924111645,-14.0788,121.978,1994-05-01,SCOTTSS1,CCI,29.927802234118644,1994-May,-1.5361929930021958,0
27.214325968424497,-14.0788,121.978,1994-06-01,SCOTTSS1,CCI,29.927802234118644,1994-Jun,-2.7134762656941476,0
26.123540865990435,-14.0788,121.978,1994-07-01,SCOTTSS1,CCI,29.927802234118644,1994-Jul,-3.804261368128209,0
25.424508174773198,-14.0788,121.978,1994-08-01,SCOTTSS1,CCI,29.927802234118644,1994-Aug,-4.503294059345446,0
26.773659261067728,-14.0788,121.978,1994-09-01,SCOTTSS1,CCI,29.927802234118644,1994-Sep,-3.1541429730509165,0
28.01644582440777,-14.0788,121.978,1994-10-01,SCOTTSS1,CCI,29.927802234118644,1994-Oct,-1.9113564097108728,0
29.7516581217448,-14.0788,121.978,1994-11-01,SCOTTSS1,CCI,29.927802234118644,1994-Nov,-0.1761441123738443,0
30.671609004851334,-14.0788,121.978,1994-12-01,SCOTTSS1,CCI,29.927802234118644,1994-Dec,0.7438067707326894,0.7438067707326894
30.05451010427169,-14.0788,121.978,1995-01-01,SCOTTSS1,CCI,29.927802234118644,1995-Jan,0.1267078701530444,0.8705146408857338
29.279277692522335,-14.0788,121.978,1995-02-01,SCOTTSS1,CCI,29.927802234118644,1995-Feb,-0.6485245415963092,0
29.339346411920378,-14.0788,121.978,1995-03-01,SCOTTSS1,CCI,29.927802234118644,1995-Mar,-0.5884558221982665,0
29.7113240559896,-14.0788,121.978,1995-04-01,SCOTTSS1,CCI,29.927802234118644,1995-Apr,-0.21647817812904435,0
28.678380953881064,-14.0788,121.978,1995-05-01,SCOTTSS1,CCI,29.927802234118644,1995-May,-1.2494212802375806,0
27.260657755533867,-14.0788,121.978,1995-06-01,SCOTTSS1,CCI,29.927802234118644,1995-Jun,-2.6671444785847775,0
26.30289464150708,-14.0788,121.978,1995-07-01,SCOTTSS1,CCI,29.927802234118644,1995-Jul,-3.6249075926115637,0
26.003865691154253,-14.0788,121.978,1995-08-01,SCOTTSS1,CCI,29.927802234118644,1995-Aug,-3.923936542964391,0
27.28499247233075,-14.0788,121.978,1995-09-01,SCOTTSS1,CCI,29.927802234118644,1995-Sep,-2.6428097617878947,0
28.2306378764491,-14.0788,121.978,1995-10-01,SCOTTSS1,CCI,29.927802234118644,1995-Oct,-1.6971643576695428,0
29.511660766601572,-14.0788,121.978,1995-11-01,SCOTTSS1,CCI,29.927802234118644,1995-Nov,-0.4161414675170718,0
28.97386198966735,-14.0788,121.978,1995-12-01,SCOTTSS1,CCI,29.927802234118644,1995-Dec,-0.9539402444512959,0
29.072575526083675,-14.0788,121.978,1996-01-01,SCOTTSS1,CCI,29.927802234118644,1996-Jan,-0.8552267080349694,0
29.509303862473075,-14.0788,121.978,1996-02-01,SCOTTSS1,CCI,29.927802234118644,1996-Feb,-0.418498371645569,0
29.184508096018163,-14.0788,121.978,1996-03-01,SCOTTSS1,CCI,29.927802234118644,1996-Mar,-0.743294138100481,0
29.07899169921877,-14.0788,121.978,1996-04-01,SCOTTSS1,CCI,29.927802234118644,1996-Apr,-0.8488105348998758,0
28.265802986391147,-14.0788,121.978,1996-05-01,SCOTTSS1,CCI,29.927802234118644,1996-May,-1.661999247727497,0
27.491992187500006,-14.0788,121.978,1996-06-01,SCOTTSS1,CCI,29.927802234118644,1996-Jun,-2.435810046618638,0
27.1806353169103,-14.0788,121.978,1996-07-01,SCOTTSS1,CCI,29.927802234118644,1996-Jul,-2.747166917208343,0
27.068702746975827,-14.0788,121.978,1996-08-01,SCOTTSS1,CCI,29.927802234118644,1996-Aug,-2.8590994871428173,0
27.50799255371096,-14.0788,121.978,1996-09-01,SCOTTSS1,CCI,29.927802234118644,1996-Sep,-2.4198096804076847,0
28.73354295299901,-14.0788,121.978,1996-10-01,SCOTTSS1,CCI,29.927802234118644,1996-Oct,-1.1942592811196349,0
29.99465738932294,-14.0788,121.978,1996-11-01,SCOTTSS1,CCI,29.927802234118644,1996-Nov,0.06685515520429419,0.06685515520429419
29.60805664062501,-14.0788,121.978,1996-12-01,SCOTTSS1,CCI,29.927802234118644,1996-Dec,-0.31974559349363574,0
28.859349207724307,-14.0788,121.978,1997-01-01,SCOTTSS1,CCI,29.927802234118644,1997-Jan,-1.0684530263943373,0
28.926777866908505,-14.0788,121.978,1997-02-01,SCOTTSS1,CCI,29.927802234118644,1997-Feb,-1.0010243672101389,0
29.414507269090244,-14.0788,121.978,1997-03-01,SCOTTSS1,CCI,29.927802234118644,1997-Mar,-0.5132949650284004,0
30.008327229817727,-14.0788,121.978,1997-04-01,SCOTTSS1,CCI,29.927802234118644,1997-Apr,0.08052499569908278,0.08052499569908278
29.079348459551422,-14.0788,121.978,1997-05-01,SCOTTSS1,CCI,29.927802234118644,1997-May,-0.848453774567222,0
27.871996053059902,-14.0788,121.978,1997-06-01,SCOTTSS1,CCI,29.927802234118644,1997-Jun,-2.055806181058742,0
26.440958133820583,-14.0788,121.978,1997-07-01,SCOTTSS1,CCI,29.927802234118644,1997-Jul,-3.486844100298061,0
26.452572533392157,-14.0788,121.978,1997-08-01,SCOTTSS1,CCI,29.927802234118644,1997-Aug,-3.475229700726487,0
26.95065816243491,-14.0788,121.978,1997-09-01,SCOTTSS1,CCI,29.927802234118644,1997-Sep,-2.9771440716837354,0
28.076442398563536,-14.0788,121.978,1997-10-01,SCOTTSS1,CCI,29.927802234118644,1997-Oct,-1.8513598355551082,0
29.21166076660159,-14.0788,121.978,1997-11-01,SCOTTSS1,CCI,29.927802234118644,1997-Nov,-0.7161414675170548,0
30.51289594096524,-14.0788,121.978,1997-12-01,SCOTTSS1,CCI,29.927802234118644,1997-Dec,0.585093706846596,0.585093706846596
29.48902528824347,-14.0788,121.978,1998-01-01,SCOTTSS1,CCI,29.927802234118644,1998-Jan,-0.4387769458751727,0
29.921778433663523,-14.0788,121.978,1998-02-01,SCOTTSS1,CCI,29.927802234118644,1998-Feb,-0.006023800455121631,0
31.10031698903732,-14.0788,121.978,1998-03-01,SCOTTSS1,CCI,29.927802234118644,1998-Mar,1.1725147549186765,1.1725147549186765
30.998660278320326,-14.0788,121.978,1998-04-01,SCOTTSS1,CCI,29.927802234118644,1998-Apr,1.0708580442016817,2.2433727991203583
29.68096018145164,-14.0788,121.978,1998-05-01,SCOTTSS1,CCI,29.927802234118644,1998-May,-0.24684205266700587,0
28.294658406575543,-14.0788,121.978,1998-06-01,SCOTTSS1,CCI,29.927802234118644,1998-Jun,-1.6331438275431012,0
27.83773685578379,-14.0788,121.978,1998-07-01,SCOTTSS1,CCI,29.927802234118644,1998-Jul,-2.090065378334856,0
27.734508686680964,-14.0788,121.978,1998-08-01,SCOTTSS1,CCI,29.927802234118644,1998-Aug,-2.19329354743768,0
28.166994222005222,-14.0788,121.978,1998-09-01,SCOTTSS1,CCI,29.927802234118644,1998-Sep,-1.7608080121134222,0
29.643862619707676,-14.0788,121.978,1998-10-01,SCOTTSS1,CCI,29.927802234118644,1998-Oct,-0.2839396144109685,0
30.71632588704428,-14.0788,121.978,1998-11-01,SCOTTSS1,CCI,29.927802234118644,1998-Nov,0.7885236529256368,0.7885236529256368
29.80192890782512,-14.0788,121.978,1998-12-01,SCOTTSS1,CCI,29.927802234118644,1998-Dec,-0.12587332629352588,0
30.226121274886605,-14.0788,121.978,1999-01-01,SCOTTSS1,CCI,29.927802234118644,1999-Jan,0.2983190407679608,0.2983190407679608
29.681061226981036,-14.0788,121.978,1999-02-01,SCOTTSS1,CCI,29.927802234118644,1999-Feb,-0.24674100713760794,0
29.619347160093263,-14.0788,121.978,1999-03-01,SCOTTSS1,CCI,29.927802234118644,1999-Mar,-0.30845507402538175,0
29.536658732096363,-14.0788,121.978,1999-04-01,SCOTTSS1,CCI,29.927802234118644,1999-Apr,-0.3911435020222811,0
28.716120369203633,-14.0788,121.978,1999-05-01,SCOTTSS1,CCI,29.927802234118644,1999-May,-1.2116818649150112,0
28.115657552083356,-14.0788,121.978,1999-06-01,SCOTTSS1,CCI,29.927802234118644,1999-Jun,-1.8121446820352887,0
27.011605342741955,-14.0788,121.978,1999-07-01,SCOTTSS1,CCI,29.927802234118644,1999-Jul,-2.916196891376689,0
26.715797473538316,-14.0788,121.978,1999-08-01,SCOTTSS1,CCI,29.927802234118644,1999-Aug,-3.212004760580328,0
27.774326578776055,-14.0788,121.978,1999-09-01,SCOTTSS1,CCI,29.927802234118644,1999-Sep,-2.1534756553425893,0
29.023860611454143,-14.0788,121.978,1999-10-01,SCOTTSS1,CCI,29.927802234118644,1999-Oct,-0.903941622664501,0
29.905323282877628,-14.0788,121.978,1999-11-01,SCOTTSS1,CCI,29.927802234118644,1999-Nov,-0.022478951241016176,0
29.76580003307714,-14.0788,121.978,1999-12-01,SCOTTSS1,CCI,29.927802234118644,1999-Dec,-0.16200220104150276,0
29.585155659337207,-14.0788,121.978,2000-01-01,SCOTTSS1,CCI,29.927802234118644,2000-Jan,-0.3426465747814369,0
29.76964616446662,-14.0788,121.978,2000-02-01,SCOTTSS1,CCI,29.927802234118644,2000-Feb,-0.15815606965202278,0
29.385149358933987,-14.0788,121.978,2000-03-01,SCOTTSS1,CCI,29.927802234118644,2000-Mar,-0.5426528751846575,0
29.610993448893243,-14.0788,121.978,2000-04-01,SCOTTSS1,CCI,29.927802234118644,2000-Apr,-0.3168087852254011,0
28.56321844285536,-14.0788,121.978,2000-05-01,SCOTTSS1,CCI,29.927802234118644,2000-May,-1.3645837912632857,0
26.961658732096357,-14.0788,121.978,2000-06-01,SCOTTSS1,CCI,29.927802234118644,2000-Jun,-2.9661435020222875,0
26.646446769468263,-14.0788,121.978,2000-07-01,SCOTTSS1,CCI,29.927802234118644,2000-Jul,-3.2813554646503817,0
26.508705188382077,-14.0788,121.978,2000-08-01,SCOTTSS1,CCI,29.927802234118644,2000-Aug,-3.4190970457365673,0
27.40332641601564,-14.0788,121.978,2000-09-01,SCOTTSS1,CCI,29.927802234118644,2000-Sep,-2.524475818103003,0
29.006763876638118,-14.0788,121.978,2000-10-01,SCOTTSS1,CCI,29.927802234118644,2000-Oct,-0.9210383574805263,0
29.444657389322927,-14.0788,121.978,2000-11-01,SCOTTSS1,CCI,29.927802234118644,2000-Nov,-0.4831448447957172,0
28.544184334047397,-14.0788,121.978,2000-12-01,SCOTTSS1,CCI,29.927802234118644,2000-Dec,-1.383617900071247,0
30.05063634072582,-14.0788,121.978,2001-01-01,SCOTTSS1,CCI,29.927802234118644,2001-Jan,0.12283410660717564,0.12283410660717564
29.31999468122212,-14.0788,121.978,2001-02-01,SCOTTSS1,CCI,29.927802234118644,2001-Feb,-0.6078075528965243,0
29.293863407258083,-14.0788,121.978,2001-03-01,SCOTTSS1,CCI,29.927802234118644,2001-Mar,-0.633938826860561,0
29.661656697591162,-14.0788,121.978,2001-04-01,SCOTTSS1,CCI,29.927802234118644,2001-Apr,-0.26614553652748185,0
28.9274122668851,-14.0788,121.978,2001-05-01,SCOTTSS1,CCI,29.927802234118644,2001-May,-1.000389967233545,0
27.849327596028665,-14.0788,121.978,2001-06-01,SCOTTSS1,CCI,29.927802234118644,2001-Jun,-2.078474638089979,0
26.95418602728076,-14.0788,121.978,2001-07-01,SCOTTSS1,CCI,29.927802234118644,2001-Jul,-2.9736162068378853,0
26.7503148232737,-14.0788,121.978,2001-08-01,SCOTTSS1,CCI,29.927802234118644,2001-Aug,-3.177487410844943,0
27.552660115559913,-14.0788,121.978,2001-09-01,SCOTTSS1,CCI,29.927802234118644,2001-Sep,-2.375142118558731,0
28.330639057774707,-14.0788,121.978,2001-10-01,SCOTTSS1,CCI,29.927802234118644,2001-Oct,-1.597163176343937,0
28.947991943359387,-14.0788,121.978,2001-11-01,SCOTTSS1,CCI,29.927802234118644,2001-Nov,-0.9798102907592572,0
29.230962740990446,-14.0788,121.978,2001-12-01,SCOTTSS1,CCI,29.927802234118644,2001-Dec,-0.6968394931281985,0
29.640960496471784,-14.0788,121.978,2002-01-01,SCOTTSS1,CCI,29.927802234118644,2002-Jan,-0.28684173764685994,0
29.53820735386442,-14.0788,121.978,2002-02-01,SCOTTSS1,CCI,29.927802234118644,2002-Feb,-0.38959488025422573,0
30.728380560105865,-14.0788,121.978,2002-03-01,SCOTTSS1,CCI,29.927802234118644,2002-Mar,0.800578325987221,0.800578325987221
30.801323445638033,-14.0788,121.978,2002-04-01,SCOTTSS1,CCI,29.927802234118644,2002-Apr,0.8735212115193889,1.67409953750661
29.92547686176916,-14.0788,121.978,2002-05-01,SCOTTSS1,CCI,29.927802234118644,2002-May,-0.0023253723494853773,0
28.200659179687513,-14.0788,121.978,2002-06-01,SCOTTSS1,CCI,29.927802234118644,2002-Jun,-1.7271430544311315,0
26.65257489604337,-14.0788,121.978,2002-07-01,SCOTTSS1,CCI,29.927802234118644,2002-Jul,-3.2752273380752754,0
26.38773449313259,-14.0788,121.978,2002-08-01,SCOTTSS1,CCI,29.927802234118644,2002-Aug,-3.5400677409860535,0
26.71832478841148,-14.0788,121.978,2002-09-01,SCOTTSS1,CCI,29.927802234118644,2002-Sep,-3.209477445707165,0
28.10450577274447,-14.0788,121.978,2002-10-01,SCOTTSS1,CCI,29.927802234118644,2002-Oct,-1.8232964613741736,0
30.33032633463543,-14.0788,121.978,2002-11-01,SCOTTSS1,CCI,29.927802234118644,2002-Nov,0.40252410051678567,0.40252410051678567
31.075798576108888,-14.0788,121.978,2002-12-01,SCOTTSS1,CCI,29.927802234118644,2002-Dec,1.1479963419902433,1.550520442507029
30.31805794008318,-14.0788,121.978,2003-01-01,SCOTTSS1,CCI,29.927802234118644,2003-Jan,0.3902557059645346,1.9407761484715635
30.16356484549388,-14.0788,121.978,2003-02-01,SCOTTSS1,CCI,29.927802234118644,2003-Feb,0.23576261137523602,2.1765387598467996
29.655797946068567,-14.0788,121.978,2003-03-01,SCOTTSS1,CCI,29.927802234118644,2003-Mar,-0.27200428805007704,0
29.956323242187526,-14.0788,121.978,2003-04-01,SCOTTSS1,CCI,29.927802234118644,2003-Apr,0.028521008068882026,0.028521008068882026
29.1561208417339,-14.0788,121.978,2003-05-01,SCOTTSS1,CCI,29.927802234118644,2003-May,-0.7716813923847425,0
27.937992350260433,-14.0788,121.978,2003-06-01,SCOTTSS1,CCI,29.927802234118644,2003-Jun,-1.9898098838582108,0
27.176122653099814,-14.0788,121.978,2003-07-01,SCOTTSS1,CCI,29.927802234118644,2003-Jul,-2.7516795810188306,0
26.817735044417862,-14.0788,121.978,2003-08-01,SCOTTSS1,CCI,29.927802234118644,2003-Aug,-3.110067189700782,0
27.1259958902995,-14.0788,121.978,2003-09-01,SCOTTSS1,CCI,29.927802234118644,2003-Sep,-2.8018063438191447,0
28.158704007056464,-14.0788,121.978,2003-10-01,SCOTTSS1,CCI,29.927802234118644,2003-Oct,-1.7690982270621802,0
29.417661539713556,-14.0788,121.978,2003-11-01,SCOTTSS1,CCI,29.927802234118644,2003-Nov,-0.5101406944050879,0
30.144831306703644,-14.0788,121.978,2003-12-01,SCOTTSS1,CCI,29.927802234118644,2003-Dec,0.21702907258499948,0.21702907258499948
29.37999385710687,-14.0788,121.978,2004-01-01,SCOTTSS1,CCI,29.927802234118644,2004-Jan,-0.5478083770117728,0
29.21999511718752,-14.0788,121.978,2004-02-01,SCOTTSS1,CCI,29.927802234118644,2004-Feb,-0.7078071169311251,0
29.010316713394687,-14.0788,121.978,2004-03-01,SCOTTSS1,CCI,29.927802234118644,2004-Mar,-0.9174855207239574,0
29.313323974609382,-14.0788,121.978,2004-04-01,SCOTTSS1,CCI,29.927802234118644,2004-Apr,-0.6144782595092622,0
29.074828904674916,-14.0788,121.978,2004-05-01,SCOTTSS1,CCI,29.927802234118644,2004-May,-0.8529733294437278,0
27.937991333007815,-14.0788,121.978,2004-06-01,SCOTTSS1,CCI,29.927802234118644,2004-Jun,-1.989810901110829,0
26.713539172757077,-14.0788,121.978,2004-07-01,SCOTTSS1,CCI,29.927802234118644,2004-Jul,-3.2142630613615673,0
26.459347435735914,-14.0788,121.978,2004-08-01,SCOTTSS1,CCI,29.927802234118644,2004-Aug,-3.46845479838273,0
26.936324055989598,-14.0788,121.978,2004-09-01,SCOTTSS1,CCI,29.927802234118644,2004-Sep,-2.9914781781290465,0
28.28741041614165,-14.0788,121.978,2004-10-01,SCOTTSS1,CCI,29.927802234118644,2004-Oct,-1.6403918179769938,0
30.047991943359396,-14.0788,121.978,2004-11-01,SCOTTSS1,CCI,29.927802234118644,2004-Nov,0.12018970924075134,0.12018970924075134
30.562572651524718,-14.0788,121.978,2004-12-01,SCOTTSS1,CCI,29.927802234118644,2004-Dec,0.6347704174060738,0.7549601266468251
29.302570761403754,-14.0788,121.978,2005-01-01,SCOTTSS1,CCI,29.927802234118644,2005-Jan,-0.6252314727148907,0
29.942493329729366,-14.0788,121.978,2005-02-01,SCOTTSS1,CCI,29.927802234118644,2005-Feb,0.014691095610722016,0.014691095610722016
30.186766396799403,-14.0788,121.978,2005-03-01,SCOTTSS1,CCI,29.927802234118644,2005-Mar,0.2589641626807584,0.2736552582914804
30.701327514648455,-14.0788,121.978,2005-04-01,SCOTTSS1,CCI,29.927802234118644,2005-Apr,0.7735252805298103,1.0471805388212907
29.816764388545874,-14.0788,121.978,2005-05-01,SCOTTSS1,CCI,29.927802234118644,2005-May,-0.11103784557277052,0
28.033657836914077,-14.0788,121.978,2005-06-01,SCOTTSS1,CCI,29.927802234118644,2005-Jun,-1.8941443972045668,0
27.36547634986142,-14.0788,121.978,2005-07-01,SCOTTSS1,CCI,29.927802234118644,2005-Jul,-2.5623258842572234,0
26.754832409274222,-14.0788,121.978,2005-08-01,SCOTTSS1,CCI,29.927802234118644,2005-Aug,-3.1729698248444222,0
27.451991780598973,-14.0788,121.978,2005-09-01,SCOTTSS1,CCI,29.927802234118644,2005-Sep,-2.4758104535196708,0
28.62160546087451,-14.0788,121.978,2005-10-01,SCOTTSS1,CCI,29.927802234118644,2005-Oct,-1.3061967732441353,0
29.17232462565107,-14.0788,121.978,2005-11-01,SCOTTSS1,CCI,29.927802234118644,2005-Nov,-0.7554776084675758,0
30.639991809475827,-14.0788,121.978,2005-12-01,SCOTTSS1,CCI,29.927802234118644,2005-Dec,0.7121895753571827,0.7121895753571827
28.847410928049413,-14.0788,121.978,2006-01-01,SCOTTSS1,CCI,29.927802234118644,2006-Jan,-1.080391306069231,0
29.287132699149016,-14.0788,121.978,2006-02-01,SCOTTSS1,CCI,29.927802234118644,2006-Feb,-0.6406695349696285,0
29.38837930002521,-14.0788,121.978,2006-03-01,SCOTTSS1,CCI,29.927802234118644,2006-Mar,-0.5394229340934338,0
29.489657592773455,-14.0788,121.978,2006-04-01,SCOTTSS1,CCI,29.927802234118644,2006-Apr,-0.4381446413451897,0
28.57547568044356,-14.0788,121.978,2006-05-01,SCOTTSS1,CCI,29.927802234118644,2006-May,-1.3523265536750841,0
27.15532836914063,-14.0788,121.978,2006-06-01,SCOTTSS1,CCI,29.927802234118644,2006-Jun,-2.7724738649780143,0
26.059992439516147,-14.0788,121.978,2006-07-01,SCOTTSS1,CCI,29.927802234118644,2006-Jul,-3.867809794602497,0
25.906443737399215,-14.0788,121.978,2006-08-01,SCOTTSS1,CCI,29.927802234118644,2006-Aug,-4.021358496719429,0
26.712322998046893,-14.0788,121.978,2006-09-01,SCOTTSS1,CCI,29.927802234118644,2006-Sep,-3.215479236071751,0
28.63096254410284,-14.0788,121.978,2006-10-01,SCOTTSS1,CCI,29.927802234118644,2006-Oct,-1.2968396900158048,0
29.916661580403655,-14.0788,121.978,2006-11-01,SCOTTSS1,CCI,29.927802234118644,2006-Nov,-0.011140653714988957,0
30.61934617565525,-14.0788,121.978,2006-12-01,SCOTTSS1,CCI,29.927802234118644,2006-Dec,0.6915439415366045,0.6915439415366045
29.311926860194077,-14.0788,121.978,2007-01-01,SCOTTSS1,CCI,29.927802234118644,2007-Jan,-0.6158753739245668,0
30.301777866908495,-14.0788,121.978,2007-02-01,SCOTTSS1,CCI,29.927802234118644,2007-Feb,0.37397563278985047,0.37397563278985047
29.252249243951628,-14.0788,121.978,2007-03-01,SCOTTSS1,CCI,29.927802234118644,2007-Mar,-0.6755529901670165,0
29.59866129557292,-14.0788,121.978,2007-04-01,SCOTTSS1,CCI,29.927802234118644,2007-Apr,-0.32914093854572357,0
29.505798142956174,-14.0788,121.978,2007-05-01,SCOTTSS1,CCI,29.927802234118644,2007-May,-0.42200409116247073,0
28.011990356445327,-14.0788,121.978,2007-06-01,SCOTTSS1,CCI,29.927802234118644,2007-Jun,-1.9158118776733168,0
26.695475719821086,-14.0788,121.978,2007-07-01,SCOTTSS1,CCI,29.927802234118644,2007-Jul,-3.232326514297558,0
26.248382371471795,-14.0788,121.978,2007-08-01,SCOTTSS1,CCI,29.927802234118644,2007-Aug,-3.6794198626468493,0
27.1526570638021,-14.0788,121.978,2007-09-01,SCOTTSS1,CCI,29.927802234118644,2007-Sep,-2.775145170316545,0
28.432251764112916,-14.0788,121.978,2007-10-01,SCOTTSS1,CCI,29.927802234118644,2007-Oct,-1.4955504700057283,0
29.202660115559905,-14.0788,121.978,2007-11-01,SCOTTSS1,CCI,29.927802234118644,2007-Nov,-0.7251421185587397,0
30.430638270224303,-14.0788,121.978,2007-12-01,SCOTTSS1,CCI,29.927802234118644,2007-Dec,0.5028360361056592,0.5028360361056592
29.43321749779488,-14.0788,121.978,2008-01-01,SCOTTSS1,CCI,29.927802234118644,2008-Jan,-0.49458473632376254,0
29.378959076980067,-14.0788,121.978,2008-02-01,SCOTTSS1,CCI,29.927802234118644,2008-Feb,-0.5488431571385775,0
29.70257253339215,-14.0788,121.978,2008-03-01,SCOTTSS1,CCI,29.927802234118644,2008-Mar,-0.2252297007264943,0
29.88232727050783,-14.0788,121.978,2008-04-01,SCOTTSS1,CCI,29.927802234118644,2008-Apr,-0.04547496361081471,0
28.799025800151234,-14.0788,121.978,2008-05-01,SCOTTSS1,CCI,29.927802234118644,2008-May,-1.1287764339674098,0
27.388995361328146,-14.0788,121.978,2008-06-01,SCOTTSS1,CCI,29.927802234118644,2008-Jun,-2.5388068727904987,0
26.539347790133583,-14.0788,121.978,2008-07-01,SCOTTSS1,CCI,29.927802234118644,2008-Jul,-3.3884544439850615,0
26.313863249748003,-14.0788,121.978,2008-08-01,SCOTTSS1,CCI,29.927802234118644,2008-Aug,-3.613938984370641,0
27.504992675781274,-14.0788,121.978,2008-09-01,SCOTTSS1,CCI,29.927802234118644,2008-Sep,-2.42280955833737,0
29.121281580771182,-14.0788,121.978,2008-10-01,SCOTTSS1,CCI,29.927802234118644,2008-Oct,-0.8065206533474623,0
30.17732645670574,-14.0788,121.978,2008-11-01,SCOTTSS1,CCI,29.927802234118644,2008-Nov,0.2495242225870946,0.2495242225870946
29.96741293630294,-14.0788,121.978,2008-12-01,SCOTTSS1,CCI,29.927802234118644,2008-Dec,0.03961070218429441,0.289134924771389
29.472250464654756,-14.0788,121.978,2009-01-01,SCOTTSS1,CCI,29.927802234118644,2009-Jan,-0.455551769463888,0
29.042496163504488,-14.0788,121.978,2009-02-01,SCOTTSS1,CCI,29.927802234118644,2009-Feb,-0.8853060706141562,0
30.129348065776224,-14.0788,121.978,2009-03-01,SCOTTSS1,CCI,29.927802234118644,2009-Mar,0.20154583165757955,0.20154583165757955
30.644322713216166,-14.0788,121.978,2009-04-01,SCOTTSS1,CCI,29.927802234118644,2009-Apr,0.7165204790975217,0.9180663107551013
29.238381465788834,-14.0788,121.978,2009-05-01,SCOTTSS1,CCI,29.927802234118644,2009-May,-0.6894207683298106,0
28.351328531901057,-14.0788,121.978,2009-06-01,SCOTTSS1,CCI,29.927802234118644,2009-Jun,-1.5764737022175872,0
27.689023713142664,-14.0788,121.978,2009-07-01,SCOTTSS1,CCI,29.927802234118644,2009-Jul,-2.2387785209759805,0
27.08837772492441,-14.0788,121.978,2009-08-01,SCOTTSS1,CCI,29.927802234118644,2009-Aug,-2.8394245091942345,0
27.876994832356793,-14.0788,121.978,2009-09-01,SCOTTSS1,CCI,29.927802234118644,2009-Sep,-2.050807401761851,0
28.87902615454891,-14.0788,121.978,2009-10-01,SCOTTSS1,CCI,29.927802234118644,2009-Oct,-1.048776079569734,0
30.05999247233073,-14.0788,121.978,2009-11-01,SCOTTSS1,CCI,29.927802234118644,2009-Nov,0.1321902382120861,0.1321902382120861
29.74483248802925,-14.0788,121.978,2009-12-01,SCOTTSS1,CCI,29.927802234118644,2009-Dec,-0.18296974608939465,0
29.394505457724314,-14.0788,121.978,2010-01-01,SCOTTSS1,CCI,29.927802234118644,2010-Jan,-0.5332967763943302,0
29.840709577287964,-14.0788,121.978,2010-02-01,SCOTTSS1,CCI,29.927802234118644,2010-Feb,-0.08709265683068068,0
31.02644377677673,-14.0788,121.978,2010-03-01,SCOTTSS1,CCI,29.927802234118644,2010-Mar,1.0986415426580862,1.0986415426580862
30.75399169921877,-14.0788,121.978,2010-04-01,SCOTTSS1,CCI,29.927802234118644,2010-Apr,0.8261894651001249,1.9248310077582111
29.599026390814032,-14.0788,121.978,2010-05-01,SCOTTSS1,CCI,29.927802234118644,2010-May,-0.3287758433046122,0
28.27266031901045,-14.0788,121.978,2010-06-01,SCOTTSS1,CCI,29.927802234118644,2010-Jun,-1.6551419151081959,0
27.48386092647431,-14.0788,121.978,2010-07-01,SCOTTSS1,CCI,29.927802234118644,2010-Jul,-2.4439413076443337,0
27.457090119392667,-14.0788,121.978,2010-08-01,SCOTTSS1,CCI,29.927802234118644,2010-Aug,-2.470712114725977,0
28.079331461588563,-14.0788,121.978,2010-09-01,SCOTTSS1,CCI,29.927802234118644,2010-Sep,-1.8484707725300815,0
29.286119817918365,-14.0788,121.978,2010-10-01,SCOTTSS1,CCI,29.927802234118644,2010-Oct,-0.641682416200279,0
30.16965738932294,-14.0788,121.978,2010-11-01,SCOTTSS1,CCI,29.927802234118644,2010-Nov,0.2418551552042949,0.2418551552042949
30.485800269342253,-14.0788,121.978,2010-12-01,SCOTTSS1,CCI,29.927802234118644,2010-Dec,0.5579980352236085,0.7998531904279034
29.388058373235914,-14.0788,121.978,2011-01-01,SCOTTSS1,CCI,29.927802234118644,2011-Jan,-0.5397438608827301,0
28.686419241769002,-14.0788,121.978,2011-02-01,SCOTTSS1,CCI,29.927802234118644,2011-Feb,-1.2413829923496422,0
28.9851525091356,-14.0788,121.978,2011-03-01,SCOTTSS1,CCI,29.927802234118644,2011-Mar,-0.9426497249830454,0
29.237660725911482,-14.0788,121.978,2011-04-01,SCOTTSS1,CCI,29.927802234118644,2011-Apr,-0.6901415082071622,0
28.33515270602321,-14.0788,121.978,2011-05-01,SCOTTSS1,CCI,29.927802234118644,2011-May,-1.5926495280954356,0
26.90132649739584,-14.0788,121.978,2011-06-01,SCOTTSS1,CCI,29.927802234118644,2011-Jun,-3.026475736722805,0
26.284508292905766,-14.0788,121.978,2011-07-01,SCOTTSS1,CCI,29.927802234118644,2011-Jul,-3.643293941212878,0
26.309668559412835,-14.0788,121.978,2011-08-01,SCOTTSS1,CCI,29.927802234118644,2011-Aug,-3.6181336747058097,0
26.47999165852868,-14.0788,121.978,2011-09-01,SCOTTSS1,CCI,29.927802234118644,2011-Sep,-3.4478105755899655,0
27.670960260206666,-14.0788,121.978,2011-10-01,SCOTTSS1,CCI,29.927802234118644,2011-Oct,-2.2568419739119783,0
29.98166097005209,-14.0788,121.978,2011-11-01,SCOTTSS1,CCI,29.927802234118644,2011-Nov,0.0538587359334457,0.0538587359334457
30.487734690020172,-14.0788,121.978,2011-12-01,SCOTTSS1,CCI,29.927802234118644,2011-Dec,0.559932455901528,0.6137911918349737
30.026123834425416,-14.0788,121.978,2012-01-01,SCOTTSS1,CCI,29.927802234118644,2012-Jan,0.09832160030677173,0.7121127921417454
30.231717024178362,-14.0788,121.978,2012-02-01,SCOTTSS1,CCI,29.927802234118644,2012-Feb,0.3039147900597179,1.0160275822014633
29.609668165637622,-14.0788,121.978,2012-03-01,SCOTTSS1,CCI,29.927802234118644,2012-Mar,-0.3181340684810223,0
29.784991455078142,-14.0788,121.978,2012-04-01,SCOTTSS1,CCI,29.927802234118644,2012-Apr,-0.1428107790405022,0
28.654187405493975,-14.0788,121.978,2012-05-01,SCOTTSS1,CCI,29.927802234118644,2012-May,-1.2736148286246696,0
27.139992268880224,-14.0788,121.978,2012-06-01,SCOTTSS1,CCI,29.927802234118644,2012-Jun,-2.78780996523842,0
26.271928159652244,-14.0788,121.978,2012-07-01,SCOTTSS1,CCI,29.927802234118644,2012-Jul,-3.6558740744664,0
26.15257095829135,-14.0788,121.978,2012-08-01,SCOTTSS1,CCI,29.927802234118644,2012-Aug,-3.775231275827295,0
27.332327270507825,-14.0788,121.978,2012-09-01,SCOTTSS1,CCI,29.927802234118644,2012-Sep,-2.595474963610819,0
28.955474656628045,-14.0788,121.978,2012-10-01,SCOTTSS1,CCI,29.927802234118644,2012-Oct,-0.9723275774905993,0
30.243660481770842,-14.0788,121.978,2012-11-01,SCOTTSS1,CCI,29.927802234118644,2012-Nov,0.31585824765219783,0.31585824765219783
31.083862107799924,-14.0788,121.978,2012-12-01,SCOTTSS1,CCI,29.927802234118644,2012-Dec,1.1560598736812793,1.471918121333477
30.184185200352836,-14.0788,121.978,2013-01-01,SCOTTSS1,CCI,29.927802234118644,2013-Jan,0.25638296623419166,1.7283010875676688
31.012134443010613,-14.0788,121.978,2013-02-01,SCOTTSS1,CCI,29.927802234118644,2013-Feb,1.0843322088919685,2.8126332964596372
30.339027454007077,-14.0788,121.978,2013-03-01,SCOTTSS1,CCI,29.927802234118644,2013-Mar,0.41122521988843275,3.22385851634807
30.568993123372394,-14.0788,121.978,2013-04-01,SCOTTSS1,CCI,29.927802234118644,2013-Apr,0.6411908892537497,3.8650494056018196
29.80741321194558,-14.0788,121.978,2013-05-01,SCOTTSS1,CCI,29.927802234118644,2013-May,-0.12038902217306457,0
28.334991455078146,-14.0788,121.978,2013-06-01,SCOTTSS1,CCI,29.927802234118644,2013-Jun,-1.592810779040498,0
27.537410416141647,-14.0788,121.978,2013-07-01,SCOTTSS1,CCI,29.927802234118644,2013-Jul,-2.3903918179769974,0
27.204508922946086,-14.0788,121.978,2013-08-01,SCOTTSS1,CCI,29.927802234118644,2013-Aug,-2.723293311172558,0
27.34432576497397,-14.0788,121.978,2013-09-01,SCOTTSS1,CCI,29.927802234118644,2013-Sep,-2.5834764691446743,0
28.62837937878026,-14.0788,121.978,2013-10-01,SCOTTSS1,CCI,29.927802234118644,2013-Oct,-1.2994228553383849,0
30.138992309570327,-14.0788,121.978,2013-11-01,SCOTTSS1,CCI,29.927802234118644,2013-Nov,0.21119007545168245,0.21119007545168245
30.32128197454639,-14.0788,121.978,2013-12-01,SCOTTSS1,CCI,29.927802234118644,2013-Dec,0.3934797404277468,0.6046698158794293
29.648381190146193,-14.0788,121.978,2014-01-01,SCOTTSS1,CCI,29.927802234118644,2014-Jan,-0.2794210439724516,0
28.887135532924127,-14.0788,121.978,2014-02-01,SCOTTSS1,CCI,29.927802234118644,2014-Feb,-1.0406667011945174,0
30.400637522051422,-14.0788,121.978,2014-03-01,SCOTTSS1,CCI,29.927802234118644,2014-Mar,0.47283528793277796,0.47283528793277796
30.954989624023447,-14.0788,121.978,2014-04-01,SCOTTSS1,CCI,29.927802234118644,2014-Apr,1.0271873899048032,1.5000226778375811
30.05547583795365,-14.0788,121.978,2014-05-01,SCOTTSS1,CCI,29.927802234118644,2014-May,0.1276736038350066,1.6276962816725877
28.32532958984376,-14.0788,121.978,2014-06-01,SCOTTSS1,CCI,29.927802234118644,2014-Jun,-1.602472644274883,0
27.076441414125515,-14.0788,121.978,2014-07-01,SCOTTSS1,CCI,29.927802234118644,2014-Jul,-2.851360819993129,0
26.649667850617462,-14.0788,121.978,2014-08-01,SCOTTSS1,CCI,29.927802234118644,2014-Aug,-3.2781343835011825,0
27.075659179687513,-14.0788,121.978,2014-09-01,SCOTTSS1,CCI,29.927802234118644,2014-Sep,-2.8521430544311315,0
28.49870231382309,-14.0788,121.978,2014-10-01,SCOTTSS1,CCI,29.927802234118644,2014-Oct,-1.4290999202955526,0
30.461992390950538,-14.0788,121.978,2014-11-01,SCOTTSS1,CCI,29.927802234118644,2014-Nov,0.5341901568318939,0.5341901568318939
30.787414353893666,-14.0788,121.978,2014-12-01,SCOTTSS1,CCI,29.927802234118644,2014-Dec,0.8596121197750222,1.393802276606916
29.658702038180454,-14.0788,121.978,2015-01-01,SCOTTSS1,CCI,29.927802234118644,2015-Jan,-0.26910019593819,0
30.26463579450336,-14.0788,121.978,2015-02-01,SCOTTSS1,CCI,29.927802234118644,2015-Feb,0.336833560384715,0.336833560384715
30.34483268491684,-14.0788,121.978,2015-03-01,SCOTTSS1,CCI,29.927802234118644,2015-Mar,0.41703045079819745,0.7538640111829125
30.595992024739594,-14.0788,121.978,2015-04-01,SCOTTSS1,CCI,29.927802234118644,2015-Apr,0.66818979062095,1.4220538018038624
29.011926269531276,-14.0788,121.978,2015-05-01,SCOTTSS1,CCI,29.927802234118644,2015-May,-0.915875964587368,0
27.99732666015627,-14.0788,121.978,2015-06-01,SCOTTSS1,CCI,29.927802234118644,2015-Jun,-1.9304755739623758,0
27.129667023689525,-14.0788,121.978,2015-07-01,SCOTTSS1,CCI,29.927802234118644,2015-Jul,-2.7981352104291197,0
26.857089922505057,-14.0788,121.978,2015-08-01,SCOTTSS1,CCI,29.927802234118644,2015-Aug,-3.070712311613587,0
27.574658203125015,-14.0788,121.978,2015-09-01,SCOTTSS1,CCI,29.927802234118644,2015-Sep,-2.3531440309936293,0
28.94676533360637,-14.0788,121.978,2015-10-01,SCOTTSS1,CCI,29.927802234118644,2015-Oct,-0.9810369005122759,0
30.109991455078138,-14.0788,121.978,2015-11-01,SCOTTSS1,CCI,29.927802234118644,2015-Nov,0.18218922095949353,0.18218922095949353
30.284830204133076,-14.0788,121.978,2015-12-01,SCOTTSS1,CCI,29.927802234118644,2015-Dec,0.3570279700144319,0.5392171909739254
30.143542677356372,-14.0788,121.978,2016-01-01,SCOTTSS1,CCI,29.927802234118644,2016-Jan,0.21574044323772767,0.7549576342116531
30.496200245824376,-14.0788,121.978,2016-02-01,SCOTTSS1,CCI,29.927802234118644,2016-Feb,0.5683980117057317,1.3233556459173847
31.423541456653258,-14.0788,121.978,2016-03-01,SCOTTSS1,CCI,29.927802234118644,2016-Mar,1.4957392225346133,2.819094868451998
31.631991577148465,-14.0788,121.978,2016-04-01,SCOTTSS1,CCI,29.927802234118644,2016-Apr,1.704189343029821,4.523284211481819
30.238701408140145,-14.0788,121.978,2016-05-01,SCOTTSS1,CCI,29.927802234118644,2016-May,0.31089917402150036,4.834183385503319
29.30499369303387,-14.0788,121.978,2016-06-01,SCOTTSS1,CCI,29.927802234118644,2016-Jun,-0.6228085410847726,0
28.168700974987416,-14.0788,121.978,2016-07-01,SCOTTSS1,CCI,29.927802234118644,2016-Jul,-1.7591012591312278,0
27.76289397208923,-14.0788,121.978,2016-08-01,SCOTTSS1,CCI,29.927802234118644,2016-Aug,-2.1649082620294138,0
28.653326416015638,-14.0788,121.978,2016-09-01,SCOTTSS1,CCI,29.927802234118644,2016-Sep,-1.2744758181030065,0
30.038701014364932,-14.0788,121.978,2016-10-01,SCOTTSS1,CCI,29.927802234118644,2016-Oct,0.11089878024628774,0.11089878024628774
30.832324218750006,-14.0788,121.978,2016-11-01,SCOTTSS1,CCI,29.927802234118644,2016-Nov,0.9045219846313621,1.0154207648776499
30.774184491557477,-14.0788,121.978,2016-12-01,SCOTTSS1,CCI,29.927802234118644,2016-Dec,0.8463822574388331,1.861803022316483
29.246443028603846,-14.0788,121.978,2017-01-01,SCOTTSS1,CCI,29.927802234118644,2017-Jan,-0.6813592055147986,0
29.298562622070342,-14.0788,121.978,2017-02-01,SCOTTSS1,CCI,29.927802234118644,2017-Feb,-0.6292396120483019,0
29.9367663967994,-14.0788,121.978,2017-03-01,SCOTTSS1,CCI,29.927802234118644,2017-Mar,0.008964162680754839,0.008964162680754839
29.995992024739603,-14.0788,121.978,2017-04-01,SCOTTSS1,CCI,29.927802234118644,2017-Apr,0.0681897906209592,0.07715395330171404
28.993216040826635,-14.0788,121.978,2017-05-01,SCOTTSS1,CCI,29.927802234118644,2017-May,-0.9345861932920094,0
27.78832499186199,-14.0788,121.978,2017-06-01,SCOTTSS1,CCI,29.927802234118644,2017-Jun,-2.1394772422566533,0
27.276444761214737,-14.0788,121.978,2017-07-01,SCOTTSS1,CCI,29.927802234118644,2017-Jul,-2.651357472903907,0
27.18902174426664,-14.0788,121.978,2017-08-01,SCOTTSS1,CCI,29.927802234118644,2017-Aug,-2.7387804898520045,0
27.542324829101577,-14.0788,121.978,2017-09-01,SCOTTSS1,CCI,29.927802234118644,2017-Sep,-2.385477405017067,0
28.883540787235397,-14.0788,121.978,2017-10-01,SCOTTSS1,CCI,29.927802234118644,2017-Oct,-1.0442614468832474,0
30.323658243815114,-14.0788,121.978,2017-11-01,SCOTTSS1,CCI,29.927802234118644,2017-Nov,0.3958560096964696,0.3958560096964696
31.019992754536307,-14.0788,121.978,2017-12-01,SCOTTSS1,CCI,29.927802234118644,2017-Dec,1.0921905204176632,1.4880465301141328
30.13063866399951,-14.0788,121.978,2018-01-01,SCOTTSS1,CCI,29.927802234118644,2018-Jan,0.2028364298808647,1.6908829599949975
29.294992065429703,-14.0788,121.978,2018-02-01,SCOTTSS1,CCI,29.927802234118644,2018-Feb,-0.6328101686889411,0
30.16838004819811,-14.0788,121.978,2018-03-01,SCOTTSS1,CCI,29.927802234118644,2018-Mar,0.2405778140794652,0.2405778140794652
30.950660196940113,-14.0788,121.978,2018-04-01,SCOTTSS1,CCI,29.927802234118644,2018-Apr,1.022857962821469,1.2634357769009341
29.487412778792855,-14.0788,121.978,2018-05-01,SCOTTSS1,CCI,29.927802234118644,2018-May,-0.4403894553257892,0
27.87099405924481,-14.0788,121.978,2018-06-01,SCOTTSS1,CCI,29.927802234118644,2018-Jun,-2.056808174873833,0
27.090316083354356,-14.0788,121.978,2018-07-01,SCOTTSS1,CCI,29.927802234118644,2018-Jul,-2.8374861507642883,0
26.450315217048903,-14.0788,121.978,2018-08-01,SCOTTSS1,CCI,29.927802234118644,2018-Aug,-3.477487017069741,0
27.294992065429696,-14.0788,121.978,2018-09-01,SCOTTSS1,CCI,29.927802234118644,2018-Sep,-2.6328101686889482,0
28.418058136970767,-14.0788,121.978,2018-10-01,SCOTTSS1,CCI,29.927802234118644,2018-Oct,-1.5097440971478768,0
29.3699910481771,-14.0788,121.978,2018-11-01,SCOTTSS1,CCI,29.927802234118644,2018-Nov,-0.5578111859415458,0
29.073217379662303,-14.0788,121.978,2018-12-01,SCOTTSS1,CCI,29.927802234118644,2018-Dec,-0.8545848544563412,0
29.810963095388125,-14.0788,121.978,2019-01-01,SCOTTSS1,CCI,29.927802234118644,2019-Jan,-0.11683913873051921,0
29.797851998465415,-14.0788,121.978,2019-02-01,SCOTTSS1,CCI,29.927802234118644,2019-Feb,-0.12995023565322938,0
30.517415495841753,-14.0788,121.978,2019-03-01,SCOTTSS1,CCI,29.927802234118644,2019-Mar,0.5896132617231089,0.5896132617231089
29.9143259684245,-14.0788,121.978,2019-04-01,SCOTTSS1,CCI,29.927802234118644,2019-Apr,-0.013476265694144729,0
29.146764742943574,-14.0788,121.978,2019-05-01,SCOTTSS1,CCI,29.927802234118644,2019-May,-0.7810374911750699,0
27.804328409830738,-14.0788,121.978,2019-06-01,SCOTTSS1,CCI,29.927802234118644,2019-Jun,-2.123473824287906,0
27.06644543063257,-14.0788,121.978,2019-07-01,SCOTTSS1,CCI,29.927802234118644,2019-Jul,-2.861356803486075,0
26.478378591229855,-14.0788,121.978,2019-08-01,SCOTTSS1,CCI,29.927802234118644,2019-Aug,-3.4494236428887888,0
27.120992024739596,-14.0788,121.978,2019-09-01,SCOTTSS1,CCI,29.927802234118644,2019-Sep,-2.806810209379048,0
28.840639963457676,-14.0788,121.978,2019-10-01,SCOTTSS1,CCI,29.927802234118644,2019-Oct,-1.0871622706609685,0
30.396655273437517,-14.0788,121.978,2019-11-01,SCOTTSS1,CCI,29.927802234118644,2019-Nov,0.4688530393188728,0.4688530393188728
31.190960102696597,-14.0788,121.978,2019-12-01,SCOTTSS1,CCI,29.927802234118644,2019-Dec,1.2631578685779523,1.732010907896825
29.602572336504547,-14.0788,121.978,2020-01-01,SCOTTSS1,CCI,29.927802234118644,2020-Jan,-0.32522989761409704,0
29.86723611765896,-14.0788,121.978,2020-02-01,SCOTTSS1,CCI,29.927802234118644,2020-Feb,-0.060566116459686015,0
30.705800505607385,-14.0788,121.978,2020-03-01,SCOTTSS1,CCI,29.927802234118644,2020-Mar,0.777998271488741,0.777998271488741
31.07432352701824,-14.0788,121.978,2020-04-01,SCOTTSS1,CCI,29.927802234118644,2020-Apr,1.146521292899596,1.924519564388337
29.603860965851826,-14.0788,121.978,2020-05-01,SCOTTSS1,CCI,29.927802234118644,2020-May,-0.3239412682668181,0
28.066327921549494,-14.0788,121.978,2020-06-01,SCOTTSS1,CCI,29.927802234118644,2020-Jun,-1.8614743125691504,0
27.384829416582683,-14.0788,121.978,2020-07-01,SCOTTSS1,CCI,29.927802234118644,2020-Jul,-2.5429728175359614,0
27.174183310231864,-14.0788,121.978,2020-08-01,SCOTTSS1,CCI,29.927802234118644,2020-Aug,-2.75361892388678,0
28.567657470703143,-14.0788,121.978,2020-09-01,SCOTTSS1,CCI,29.927802234118644,2020-Sep,-1.3601447634155015,0
29.26902800529237,-14.0788,121.978,2020-10-01,SCOTTSS1,CCI,29.927802234118644,2020-Oct,-0.6587742288262746,0
30.577991739908864,-14.0788,121.978,2020-11-01,SCOTTSS1,CCI,29.927802234118644,2020-Nov,0.6501895057902196,0.6501895057902196
29.79064035723288,-14.0788,121.978,2020-12-01,SCOTTSS1,CCI,29.927802234118644,2020-Dec,-0.13716187688576298,0
