sst_monthly,Latitude,Longitude,monthly_date,Reef_Site,Data_Type,mmm_from_sst,date,anomaly,SCOTT_RPO_1_DHM
27.79065856933596,-14.0574,121.783,1981-09-01,SCOTT_RPO_1,CCI,29.881659511753583,1981-Sep,-2.0910009424176224,0
28.777734375000012,-14.0574,121.783,1981-10-01,SCOTT_RPO_1,CCI,29.881659511753583,1981-Oct,-1.1039251367535705,0
29.407660929361995,-14.0574,121.783,1981-11-01,SCOTT_RPO_1,CCI,29.881659511753583,1981-Nov,-0.4739985823915873,0
29.306443540511612,-14.0574,121.783,1981-12-01,SCOTT_RPO_1,CCI,29.881659511753583,1981-Dec,-0.5752159712419704,0
29.930640239100313,-14.0574,121.783,1982-01-01,SCOTT_RPO_1,CCI,29.881659511753583,1982-Jan,0.048980727346730646,0.048980727346730646
28.741775948660745,-14.0574,121.783,1982-02-01,SCOTT_RPO_1,CCI,29.881659511753583,1982-Feb,-1.1398835630928374,0
29.14967277280747,-14.0574,121.783,1982-03-01,SCOTT_RPO_1,CCI,29.881659511753583,1982-Mar,-0.7319867389461123,0
29.446993001302097,-14.0574,121.783,1982-04-01,SCOTT_RPO_1,CCI,29.881659511753583,1982-Apr,-0.4346665104514855,0
28.288701998802935,-14.0574,121.783,1982-05-01,SCOTT_RPO_1,CCI,29.881659511753583,1982-May,-1.5929575129506475,0
27.497325642903654,-14.0574,121.783,1982-06-01,SCOTT_RPO_1,CCI,29.881659511753583,1982-Jun,-2.3843338688499287,0
26.254833393712218,-14.0574,121.783,1982-07-01,SCOTT_RPO_1,CCI,29.881659511753583,1982-Jul,-3.6268261180413646,0
25.957733941847284,-14.0574,121.783,1982-08-01,SCOTT_RPO_1,CCI,29.881659511753583,1982-Aug,-3.9239255699062987,0
26.79132588704429,-14.0574,121.783,1982-09-01,SCOTT_RPO_1,CCI,29.881659511753583,1982-Sep,-3.0903336247092916,0
27.643866557459695,-14.0574,121.783,1982-10-01,SCOTT_RPO_1,CCI,29.881659511753583,1982-Oct,-2.2377929542938872,0
29.309659830729185,-14.0574,121.783,1982-11-01,SCOTT_RPO_1,CCI,29.881659511753583,1982-Nov,-0.5719996810243977,0
30.20257253339216,-14.0574,121.783,1982-12-01,SCOTT_RPO_1,CCI,29.881659511753583,1982-Dec,0.32091302163857804,0.32091302163857804
29.466445233744988,-14.0574,121.783,1983-01-01,SCOTT_RPO_1,CCI,29.881659511753583,1983-Jan,-0.41521427800859456,0
30.90642046247212,-14.0574,121.783,1983-02-01,SCOTT_RPO_1,CCI,29.881659511753583,1983-Feb,1.0247609507185373,1.0247609507185373
29.96837866998489,-14.0574,121.783,1983-03-01,SCOTT_RPO_1,CCI,29.881659511753583,1983-Mar,0.0867191582313076,1.111480108949845
30.0413279215495,-14.0574,121.783,1983-04-01,SCOTT_RPO_1,CCI,29.881659511753583,1983-Apr,0.15966840979591623,1.2711485187457612
28.219992163873506,-14.0574,121.783,1983-05-01,SCOTT_RPO_1,CCI,29.881659511753583,1983-May,-1.6616673478800763,0
27.05299377441407,-14.0574,121.783,1983-06-01,SCOTT_RPO_1,CCI,29.881659511753583,1983-Jun,-2.828665737339513,0
26.22128177765878,-14.0574,121.783,1983-07-01,SCOTT_RPO_1,CCI,29.881659511753583,1983-Jul,-3.6603777340948014,0
25.61418772051412,-14.0574,121.783,1983-08-01,SCOTT_RPO_1,CCI,29.881659511753583,1983-Aug,-4.267471791239462,0
27.018992106119818,-14.0574,121.783,1983-09-01,SCOTT_RPO_1,CCI,29.881659511753583,1983-Sep,-2.862667405633765,0
28.20805782195063,-14.0574,121.783,1983-10-01,SCOTT_RPO_1,CCI,29.881659511753583,1983-Oct,-1.673601689802954,0
29.55265909830731,-14.0574,121.783,1983-11-01,SCOTT_RPO_1,CCI,29.881659511753583,1983-Nov,-0.3290004134462734,0
29.286121786794386,-14.0574,121.783,1983-12-01,SCOTT_RPO_1,CCI,29.881659511753583,1983-Dec,-0.5955377249591969,0
29.298057113155263,-14.0574,121.783,1984-01-01,SCOTT_RPO_1,CCI,29.881659511753583,1984-Jan,-0.5836023985983196,0
29.389649700296353,-14.0574,121.783,1984-02-01,SCOTT_RPO_1,CCI,29.881659511753583,1984-Feb,-0.4920098114572298,0
29.336123361895183,-14.0574,121.783,1984-03-01,SCOTT_RPO_1,CCI,29.881659511753583,1984-Mar,-0.5455361498583997,0
29.329659016927103,-14.0574,121.783,1984-04-01,SCOTT_RPO_1,CCI,29.881659511753583,1984-Apr,-0.5520004948264798,0
28.816444446194577,-14.0574,121.783,1984-05-01,SCOTT_RPO_1,CCI,29.881659511753583,1984-May,-1.0652150655590056,0
27.37732747395835,-14.0574,121.783,1984-06-01,SCOTT_RPO_1,CCI,29.881659511753583,1984-Jun,-2.5043320377952334,0
26.239992006363437,-14.0574,121.783,1984-07-01,SCOTT_RPO_1,CCI,29.881659511753583,1984-Jul,-3.6416675053901457,0
26.15353964528732,-14.0574,121.783,1984-08-01,SCOTT_RPO_1,CCI,29.881659511753583,1984-Aug,-3.728119866466262,0
26.92366129557293,-14.0574,121.783,1984-09-01,SCOTT_RPO_1,CCI,29.881659511753583,1984-Sep,-2.957998216180652,0
27.992248338268666,-14.0574,121.783,1984-10-01,SCOTT_RPO_1,CCI,29.881659511753583,1984-Oct,-1.8894111734849162,0
28.940661621093767,-14.0574,121.783,1984-11-01,SCOTT_RPO_1,CCI,29.881659511753583,1984-Nov,-0.9409978906598155,0
29.233862895350327,-14.0574,121.783,1984-12-01,SCOTT_RPO_1,CCI,29.881659511753583,1984-Dec,-0.6477966164032551,0
28.895476113596292,-14.0574,121.783,1985-01-01,SCOTT_RPO_1,CCI,29.881659511753583,1985-Jan,-0.9861833981572907,0
29.49749363490515,-14.0574,121.783,1985-02-01,SCOTT_RPO_1,CCI,29.881659511753583,1985-Feb,-0.3841658768484315,0
29.194830912928442,-14.0574,121.783,1985-03-01,SCOTT_RPO_1,CCI,29.881659511753583,1985-Mar,-0.6868285988251408,0
29.736659749348977,-14.0574,121.783,1985-04-01,SCOTT_RPO_1,CCI,29.881659511753583,1985-Apr,-0.14499976240460555,0
29.020313681325625,-14.0574,121.783,1985-05-01,SCOTT_RPO_1,CCI,29.881659511753583,1985-May,-0.8613458304279575,0
27.393990071614603,-14.0574,121.783,1985-06-01,SCOTT_RPO_1,CCI,29.881659511753583,1985-Jun,-2.48766944013898,0
26.044507229712714,-14.0574,121.783,1985-07-01,SCOTT_RPO_1,CCI,29.881659511753583,1985-Jul,-3.8371522820408686,0
26.0896693075857,-14.0574,121.783,1985-08-01,SCOTT_RPO_1,CCI,29.881659511753583,1985-Aug,-3.791990204167881,0
26.743992106119805,-14.0574,121.783,1985-09-01,SCOTT_RPO_1,CCI,29.881659511753583,1985-Sep,-3.1376674056337777,0
27.15483024351059,-14.0574,121.783,1985-10-01,SCOTT_RPO_1,CCI,29.881659511753583,1985-Oct,-2.726829268242991,0
28.658991495768248,-14.0574,121.783,1985-11-01,SCOTT_RPO_1,CCI,29.881659511753583,1985-Nov,-1.2226680159853345,0
29.415796882875526,-14.0574,121.783,1985-12-01,SCOTT_RPO_1,CCI,29.881659511753583,1985-Dec,-0.46586262887805674,0
29.662894759639627,-14.0574,121.783,1986-01-01,SCOTT_RPO_1,CCI,29.881659511753583,1986-Jan,-0.2187647521139553,0
29.0460634504046,-14.0574,121.783,1986-02-01,SCOTT_RPO_1,CCI,29.881659511753583,1986-Feb,-0.8355960613489835,0
29.719023476877542,-14.0574,121.783,1986-03-01,SCOTT_RPO_1,CCI,29.881659511753583,1986-Mar,-0.16263603487604072,0
30.140994262695333,-14.0574,121.783,1986-04-01,SCOTT_RPO_1,CCI,29.881659511753583,1986-Apr,0.2593347509417505,0.2593347509417505
29.009024146295392,-14.0574,121.783,1986-05-01,SCOTT_RPO_1,CCI,29.881659511753583,1986-May,-0.8726353654581906,0
27.58232727050782,-14.0574,121.783,1986-06-01,SCOTT_RPO_1,CCI,29.881659511753583,1986-Jun,-2.299332241245761,0
26.896122889364932,-14.0574,121.783,1986-07-01,SCOTT_RPO_1,CCI,29.881659511753583,1986-Jul,-2.9855366223886506,0
25.79386439169609,-14.0574,121.783,1986-08-01,SCOTT_RPO_1,CCI,29.881659511753583,1986-Aug,-4.087795120057493,0
26.669327799479184,-14.0574,121.783,1986-09-01,SCOTT_RPO_1,CCI,29.881659511753583,1986-Sep,-3.2123317122743984,0
26.593217222152234,-14.0574,121.783,1986-10-01,SCOTT_RPO_1,CCI,29.881659511753583,1986-Oct,-3.288442289601349,0
27.9923278808594,-14.0574,121.783,1986-11-01,SCOTT_RPO_1,CCI,29.881659511753583,1986-Nov,-1.8893316308941834,0
29.240640751008083,-14.0574,121.783,1986-12-01,SCOTT_RPO_1,CCI,29.881659511753583,1986-Dec,-0.6410187607454993,0
29.70935137348792,-14.0574,121.783,1987-01-01,SCOTT_RPO_1,CCI,29.881659511753583,1987-Jan,-0.17230813826566305,0
27.652850995744995,-14.0574,121.783,1987-02-01,SCOTT_RPO_1,CCI,29.881659511753583,1987-Feb,-2.2288085160085878,0
29.347088032384097,-14.0574,121.783,1987-03-01,SCOTT_RPO_1,CCI,29.881659511753583,1987-Mar,-0.534571479369486,0
29.365328979492205,-14.0574,121.783,1987-04-01,SCOTT_RPO_1,CCI,29.881659511753583,1987-Apr,-0.516330532261378,0
28.86773366620465,-14.0574,121.783,1987-05-01,SCOTT_RPO_1,CCI,29.881659511753583,1987-May,-1.0139258455489326,0
27.29199218750002,-14.0574,121.783,1987-06-01,SCOTT_RPO_1,CCI,29.881659511753583,1987-Jun,-2.5896673242535613,0
26.454828865297387,-14.0574,121.783,1987-07-01,SCOTT_RPO_1,CCI,29.881659511753583,1987-Jul,-3.426830646456196,0
25.97515455676665,-14.0574,121.783,1987-08-01,SCOTT_RPO_1,CCI,29.881659511753583,1987-Aug,-3.906504954986932,0
26.57632751464845,-14.0574,121.783,1987-09-01,SCOTT_RPO_1,CCI,29.881659511753583,1987-Sep,-3.3053319971051316,0
26.73547835811493,-14.0574,121.783,1987-10-01,SCOTT_RPO_1,CCI,29.881659511753583,1987-Oct,-3.146181153638654,0
28.339990234375023,-14.0574,121.783,1987-11-01,SCOTT_RPO_1,CCI,29.881659511753583,1987-Nov,-1.5416692773785599,0
28.87353889711443,-14.0574,121.783,1987-12-01,SCOTT_RPO_1,CCI,29.881659511753583,1987-Dec,-1.0081206146391537,0
29.689672457787317,-14.0574,121.783,1988-01-01,SCOTT_RPO_1,CCI,29.881659511753583,1988-Jan,-0.19198705396626536,0
30.506889816810368,-14.0574,121.783,1988-02-01,SCOTT_RPO_1,CCI,29.881659511753583,1988-Feb,0.6252303050567853,0.6252303050567853
30.58580145066785,-14.0574,121.783,1988-03-01,SCOTT_RPO_1,CCI,29.881659511753583,1988-Mar,0.7041419389142689,1.3293722439710542
29.855323282877613,-14.0574,121.783,1988-04-01,SCOTT_RPO_1,CCI,29.881659511753583,1988-Apr,-0.026336228875969425,0
29.717409982988933,-14.0574,121.783,1988-05-01,SCOTT_RPO_1,CCI,29.881659511753583,1988-May,-0.1642495287646497,0
28.239993286132822,-14.0574,121.783,1988-06-01,SCOTT_RPO_1,CCI,29.881659511753583,1988-Jun,-1.6416662256207601,0
26.914830164755557,-14.0574,121.783,1988-07-01,SCOTT_RPO_1,CCI,29.881659511753583,1988-Jul,-2.9668293469980256,0
26.75935097971272,-14.0574,121.783,1988-08-01,SCOTT_RPO_1,CCI,29.881659511753583,1988-Aug,-3.1223085320408615,0
27.2353240966797,-14.0574,121.783,1988-09-01,SCOTT_RPO_1,CCI,29.881659511753583,1988-Sep,-2.6463354150738816,0
29.125799166771685,-14.0574,121.783,1988-10-01,SCOTT_RPO_1,CCI,29.881659511753583,1988-Oct,-0.7558603449818975,0
29.448326619466147,-14.0574,121.783,1988-11-01,SCOTT_RPO_1,CCI,29.881659511753583,1988-Nov,-0.4333328922874351,0
28.90902394940778,-14.0574,121.783,1988-12-01,SCOTT_RPO_1,CCI,29.881659511753583,1988-Dec,-0.9726355623458041,0
29.955800505607378,-14.0574,121.783,1989-01-01,SCOTT_RPO_1,CCI,29.881659511753583,1989-Jan,0.07414099385379558,0.07414099385379558
30.48963862827848,-14.0574,121.783,1989-02-01,SCOTT_RPO_1,CCI,29.881659511753583,1989-Feb,0.6079791165248984,0.682120110378694
30.12225125220515,-14.0574,121.783,1989-03-01,SCOTT_RPO_1,CCI,29.881659511753583,1989-Mar,0.24059174045156695,0.922711850830261
29.65066121419272,-14.0574,121.783,1989-04-01,SCOTT_RPO_1,CCI,29.881659511753583,1989-Apr,-0.23099829756086265,0
28.618378473097295,-14.0574,121.783,1989-05-01,SCOTT_RPO_1,CCI,29.881659511753583,1989-May,-1.263281038656288,0
27.863656616210953,-14.0574,121.783,1989-06-01,SCOTT_RPO_1,CCI,29.881659511753583,1989-Jun,-2.0180028955426295,0
27.18708732358872,-14.0574,121.783,1989-07-01,SCOTT_RPO_1,CCI,29.881659511753583,1989-Jul,-2.6945721881648623,0
26.78579889112905,-14.0574,121.783,1989-08-01,SCOTT_RPO_1,CCI,29.881659511753583,1989-Aug,-3.0958606206245314,0
27.357661946614602,-14.0574,121.783,1989-09-01,SCOTT_RPO_1,CCI,29.881659511753583,1989-Sep,-2.5239975651389805,0
28.388379300025218,-14.0574,121.783,1989-10-01,SCOTT_RPO_1,CCI,29.881659511753583,1989-Oct,-1.493280211728365,0
29.167994181315123,-14.0574,121.783,1989-11-01,SCOTT_RPO_1,CCI,29.881659511753583,1989-Nov,-0.7136653304384595,0
29.45644531250002,-14.0574,121.783,1989-12-01,SCOTT_RPO_1,CCI,29.881659511753583,1989-Dec,-0.4252141992535634,0
29.757736501386102,-14.0574,121.783,1990-01-01,SCOTT_RPO_1,CCI,29.881659511753583,1990-Jan,-0.12392301036748066,0
29.943206133161286,-14.0574,121.783,1990-02-01,SCOTT_RPO_1,CCI,29.881659511753583,1990-Feb,0.06154662140770384,0.06154662140770384
29.50612103862149,-14.0574,121.783,1990-03-01,SCOTT_RPO_1,CCI,29.881659511753583,1990-Mar,-0.3755384731320923,0
30.306326293945325,-14.0574,121.783,1990-04-01,SCOTT_RPO_1,CCI,29.881659511753583,1990-Apr,0.4246667821917427,0.4246667821917427
29.075802513860904,-14.0574,121.783,1990-05-01,SCOTT_RPO_1,CCI,29.881659511753583,1990-May,-0.8058569978926791,0
27.792326863606785,-14.0574,121.783,1990-06-01,SCOTT_RPO_1,CCI,29.881659511753583,1990-Jun,-2.0893326481467973,0
26.92031348443801,-14.0574,121.783,1990-07-01,SCOTT_RPO_1,CCI,29.881659511753583,1990-Jul,-2.961346027315571,0
26.766441886655752,-14.0574,121.783,1990-08-01,SCOTT_RPO_1,CCI,29.881659511753583,1990-Aug,-3.1152176250978307,0
27.11466064453126,-14.0574,121.783,1990-09-01,SCOTT_RPO_1,CCI,29.881659511753583,1990-Sep,-2.7669988672223234,0
28.65741242439518,-14.0574,121.783,1990-10-01,SCOTT_RPO_1,CCI,29.881659511753583,1990-Oct,-1.2242470873584033,0
29.539658610026056,-14.0574,121.783,1990-11-01,SCOTT_RPO_1,CCI,29.881659511753583,1990-Nov,-0.34200090172752695,0
29.863864824848804,-14.0574,121.783,1990-12-01,SCOTT_RPO_1,CCI,29.881659511753583,1990-Dec,-0.0177946869047787,0
29.789024894468263,-14.0574,121.783,1991-01-01,SCOTT_RPO_1,CCI,29.881659511753583,1991-Jan,-0.09263461728532008,0
28.598918805803592,-14.0574,121.783,1991-02-01,SCOTT_RPO_1,CCI,29.881659511753583,1991-Feb,-1.2827407059499905,0
29.267410573651734,-14.0574,121.783,1991-03-01,SCOTT_RPO_1,CCI,29.881659511753583,1991-Mar,-0.6142489381018486,0
29.200660196940117,-14.0574,121.783,1991-04-01,SCOTT_RPO_1,CCI,29.881659511753583,1991-Apr,-0.6809993148134659,0
28.037088504914333,-14.0574,121.783,1991-05-01,SCOTT_RPO_1,CCI,29.881659511753583,1991-May,-1.8445710068392493,0
27.33765869140626,-14.0574,121.783,1991-06-01,SCOTT_RPO_1,CCI,29.881659511753583,1991-Jun,-2.5440008203473212,0
26.577734965662817,-14.0574,121.783,1991-07-01,SCOTT_RPO_1,CCI,29.881659511753583,1991-Jul,-3.303924546090766,0
26.337734886907782,-14.0574,121.783,1991-08-01,SCOTT_RPO_1,CCI,29.881659511753583,1991-Aug,-3.5439246248458005,0
26.611657714843766,-14.0574,121.783,1991-09-01,SCOTT_RPO_1,CCI,29.881659511753583,1991-Sep,-3.270001796909817,0
28.132574069115442,-14.0574,121.783,1991-10-01,SCOTT_RPO_1,CCI,29.881659511753583,1991-Oct,-1.7490854426381404,0
28.7556610107422,-14.0574,121.783,1991-11-01,SCOTT_RPO_1,CCI,29.881659511753583,1991-Nov,-1.1259985010113809,0
29.5093480263987,-14.0574,121.783,1991-12-01,SCOTT_RPO_1,CCI,29.881659511753583,1991-Dec,-0.37231148535488146,0
29.505156289377535,-14.0574,121.783,1992-01-01,SCOTT_RPO_1,CCI,29.881659511753583,1992-Jan,-0.37650322237604783,0
29.616888848666513,-14.0574,121.783,1992-02-01,SCOTT_RPO_1,CCI,29.881659511753583,1992-Feb,-0.2647706630870701,0
29.9880575856855,-14.0574,121.783,1992-03-01,SCOTT_RPO_1,CCI,29.881659511753583,1992-Mar,0.10639807393191703,0.10639807393191703
30.48565979003908,-14.0574,121.783,1992-04-01,SCOTT_RPO_1,CCI,29.881659511753583,1992-Apr,0.604000278285497,0.710398352217414
29.730313996345785,-14.0574,121.783,1992-05-01,SCOTT_RPO_1,CCI,29.881659511753583,1992-May,-0.1513455154077974,0
28.436660766601594,-14.0574,121.783,1992-06-01,SCOTT_RPO_1,CCI,29.881659511753583,1992-Jun,-1.4449987451519881,0
26.93483197612149,-14.0574,121.783,1992-07-01,SCOTT_RPO_1,CCI,29.881659511753583,1992-Jul,-2.9468275356320923,0
26.841280832598308,-14.0574,121.783,1992-08-01,SCOTT_RPO_1,CCI,29.881659511753583,1992-Aug,-3.0403786791552747,0
26.960991414388037,-14.0574,121.783,1992-09-01,SCOTT_RPO_1,CCI,29.881659511753583,1992-Sep,-2.920668097365546,0
28.277737328314025,-14.0574,121.783,1992-10-01,SCOTT_RPO_1,CCI,29.881659511753583,1992-Oct,-1.6039221834395576,0
29.646659342447936,-14.0574,121.783,1992-11-01,SCOTT_RPO_1,CCI,29.881659511753583,1992-Nov,-0.23500016930564627,0
28.653220687374013,-14.0574,121.783,1992-12-01,SCOTT_RPO_1,CCI,29.881659511753583,1992-Dec,-1.2284388243795696,0
28.934511049332166,-14.0574,121.783,1993-01-01,SCOTT_RPO_1,CCI,29.881659511753583,1993-Jan,-0.947148462421417,0
27.678921726771776,-14.0574,121.783,1993-02-01,SCOTT_RPO_1,CCI,29.881659511753583,1993-Feb,-2.2027377849818066,0
29.564184176537314,-14.0574,121.783,1993-03-01,SCOTT_RPO_1,CCI,29.881659511753583,1993-Mar,-0.3174753352162689,0
30.11632792154949,-14.0574,121.783,1993-04-01,SCOTT_RPO_1,CCI,29.881659511753583,1993-Apr,0.23466840979590842,0.23466840979590842
28.97870345577119,-14.0574,121.783,1993-05-01,SCOTT_RPO_1,CCI,29.881659511753583,1993-May,-0.9029560559823935,0
27.817992146809914,-14.0574,121.783,1993-06-01,SCOTT_RPO_1,CCI,29.881659511753583,1993-Jun,-2.0636673649436688,0
26.6970892137097,-14.0574,121.783,1993-07-01,SCOTT_RPO_1,CCI,29.881659511753583,1993-Jul,-3.1845702980438837,0
26.687087323588727,-14.0574,121.783,1993-08-01,SCOTT_RPO_1,CCI,29.881659511753583,1993-Aug,-3.194572188164855,0
27.103324381510433,-14.0574,121.783,1993-09-01,SCOTT_RPO_1,CCI,29.881659511753583,1993-Sep,-2.77833513024315,0
27.73289125504034,-14.0574,121.783,1993-10-01,SCOTT_RPO_1,CCI,29.881659511753583,1993-Oct,-2.148768256713243,0
28.696323649088562,-14.0574,121.783,1993-11-01,SCOTT_RPO_1,CCI,29.881659511753583,1993-Nov,-1.1853358626650206,0
29.427088386781776,-14.0574,121.783,1993-12-01,SCOTT_RPO_1,CCI,29.881659511753583,1993-Dec,-0.45457112497180674,0
29.992574187248007,-14.0574,121.783,1994-01-01,SCOTT_RPO_1,CCI,29.881659511753583,1994-Jan,0.11091467549442413,0.11091467549442413
29.99677647181921,-14.0574,121.783,1994-02-01,SCOTT_RPO_1,CCI,29.881659511753583,1994-Feb,0.11511696006562744,0.22603163556005157
29.575152784778243,-14.0574,121.783,1994-03-01,SCOTT_RPO_1,CCI,29.881659511753583,1994-Mar,-0.3065067269753392,0
28.975661214192726,-14.0574,121.783,1994-04-01,SCOTT_RPO_1,CCI,29.881659511753583,1994-Apr,-0.9059982975608563,0
28.277411479334695,-14.0574,121.783,1994-05-01,SCOTT_RPO_1,CCI,29.881659511753583,1994-May,-1.6042480324188872,0
27.11266072591147,-14.0574,121.783,1994-06-01,SCOTT_RPO_1,CCI,29.881659511753583,1994-Jun,-2.7689987858421112,0
26.05838189894155,-14.0574,121.783,1994-07-01,SCOTT_RPO_1,CCI,29.881659511753583,1994-Jul,-3.8232776128120314,0
25.428056089339734,-14.0574,121.783,1994-08-01,SCOTT_RPO_1,CCI,29.881659511753583,1994-Aug,-4.453603422413849,0
26.70899454752606,-14.0574,121.783,1994-09-01,SCOTT_RPO_1,CCI,29.881659511753583,1994-Sep,-3.172664964227522,0
28.098055734942054,-14.0574,121.783,1994-10-01,SCOTT_RPO_1,CCI,29.881659511753583,1994-Oct,-1.7836037768115283,0
29.77465718587241,-14.0574,121.783,1994-11-01,SCOTT_RPO_1,CCI,29.881659511753583,1994-Nov,-0.10700232588117231,0
30.605154517389128,-14.0574,121.783,1994-12-01,SCOTT_RPO_1,CCI,29.881659511753583,1994-Dec,0.7234950056355451,0.7234950056355451
29.892251094695077,-14.0574,121.783,1995-01-01,SCOTT_RPO_1,CCI,29.881659511753583,1995-Jan,0.010591582941493982,0.7340865885770391
29.22749372209823,-14.0574,121.783,1995-02-01,SCOTT_RPO_1,CCI,29.881659511753583,1995-Feb,-0.6541657896553517,0
29.248057506930458,-14.0574,121.783,1995-03-01,SCOTT_RPO_1,CCI,29.881659511753583,1995-Mar,-0.6336020048231248,0
29.643323771158865,-14.0574,121.783,1995-04-01,SCOTT_RPO_1,CCI,29.881659511753583,1995-Apr,-0.2383357405947173,0
28.60805860950102,-14.0574,121.783,1995-05-01,SCOTT_RPO_1,CCI,29.881659511753583,1995-May,-1.2736009022525643,0
27.259994506835955,-14.0574,121.783,1995-06-01,SCOTT_RPO_1,CCI,29.881659511753583,1995-Jun,-2.6216650049176273,0
26.217413920740952,-14.0574,121.783,1995-07-01,SCOTT_RPO_1,CCI,29.881659511753583,1995-Jul,-3.66424559101263,0
25.91773425686746,-14.0574,121.783,1995-08-01,SCOTT_RPO_1,CCI,29.881659511753583,1995-Aug,-3.9639252548861243,0
27.186992390950536,-14.0574,121.783,1995-09-01,SCOTT_RPO_1,CCI,29.881659511753583,1995-Sep,-2.6946671208030466,0
28.18483197612149,-14.0574,121.783,1995-10-01,SCOTT_RPO_1,CCI,29.881659511753583,1995-Oct,-1.6968275356320923,0
29.47132568359377,-14.0574,121.783,1995-11-01,SCOTT_RPO_1,CCI,29.881659511753583,1995-Nov,-0.4103338281598141,0
28.890961480909795,-14.0574,121.783,1995-12-01,SCOTT_RPO_1,CCI,29.881659511753583,1995-Dec,-0.990698030843788,0
28.99999389648439,-14.0574,121.783,1996-01-01,SCOTT_RPO_1,CCI,29.881659511753583,1996-Jan,-0.881665615269192,0
29.548268495757025,-14.0574,121.783,1996-02-01,SCOTT_RPO_1,CCI,29.881659511753583,1996-Feb,-0.3333910159965576,0
29.139025091355872,-14.0574,121.783,1996-03-01,SCOTT_RPO_1,CCI,29.881659511753583,1996-Mar,-0.7426344203977102,0
29.044993082682304,-14.0574,121.783,1996-04-01,SCOTT_RPO_1,CCI,29.881659511753583,1996-Apr,-0.8366664290712791,0
28.191926820816544,-14.0574,121.783,1996-05-01,SCOTT_RPO_1,CCI,29.881659511753583,1996-May,-1.6897326909370385,0
27.48065694173178,-14.0574,121.783,1996-06-01,SCOTT_RPO_1,CCI,29.881659511753583,1996-Jun,-2.4010025700218023,0
27.182253732988922,-14.0574,121.783,1996-07-01,SCOTT_RPO_1,CCI,29.881659511753583,1996-Jul,-2.6994057787646604,0
27.062251724735393,-14.0574,121.783,1996-08-01,SCOTT_RPO_1,CCI,29.881659511753583,1996-Aug,-2.8194077870181893,0
27.42532348632814,-14.0574,121.783,1996-09-01,SCOTT_RPO_1,CCI,29.881659511753583,1996-Sep,-2.4563360254254434,0
28.820314271988423,-14.0574,121.783,1996-10-01,SCOTT_RPO_1,CCI,29.881659511753583,1996-Oct,-1.06134523976516,0
29.878323364257824,-14.0574,121.783,1996-11-01,SCOTT_RPO_1,CCI,29.881659511753583,1996-Nov,-0.0033361474957587234,0
29.689024697580656,-14.0574,121.783,1996-12-01,SCOTT_RPO_1,CCI,29.881659511753583,1996-Dec,-0.19263481417292638,0
28.753863722278243,-14.0574,121.783,1997-01-01,SCOTT_RPO_1,CCI,29.881659511753583,1997-Jan,-1.1277957894753392,0
28.9467745099749,-14.0574,121.783,1997-02-01,SCOTT_RPO_1,CCI,29.881659511753583,1997-Feb,-0.9348850017786816,0
29.27805628622734,-14.0574,121.783,1997-03-01,SCOTT_RPO_1,CCI,29.881659511753583,1997-Mar,-0.6036032255262427,0
29.911991373697933,-14.0574,121.783,1997-04-01,SCOTT_RPO_1,CCI,29.881659511753583,1997-Apr,0.03033186194435089,0.03033186194435089
29.08257150957663,-14.0574,121.783,1997-05-01,SCOTT_RPO_1,CCI,29.881659511753583,1997-May,-0.7990880021769513,0
27.8663279215495,-14.0574,121.783,1997-06-01,SCOTT_RPO_1,CCI,29.881659511753583,1997-Jun,-2.015331590204081,0
26.424507190335195,-14.0574,121.783,1997-07-01,SCOTT_RPO_1,CCI,29.881659511753583,1997-Jul,-3.4571523214183877,0
26.42773516255042,-14.0574,121.783,1997-08-01,SCOTT_RPO_1,CCI,29.881659511753583,1997-Aug,-3.453924349203163,0
26.779659016927095,-14.0574,121.783,1997-09-01,SCOTT_RPO_1,CCI,29.881659511753583,1997-Sep,-3.1020004948264877,0
27.987086929813522,-14.0574,121.783,1997-10-01,SCOTT_RPO_1,CCI,29.881659511753583,1997-Oct,-1.8945725819400607,0
29.02832743326824,-14.0574,121.783,1997-11-01,SCOTT_RPO_1,CCI,29.881659511753583,1997-Nov,-0.8533320784853409,0
30.498056522492448,-14.0574,121.783,1997-12-01,SCOTT_RPO_1,CCI,29.881659511753583,1997-Dec,0.616397010738865,0.616397010738865
29.453218324722798,-14.0574,121.783,1998-01-01,SCOTT_RPO_1,CCI,29.881659511753583,1998-Jan,-0.42844118703078493,0
29.935351126534606,-14.0574,121.783,1998-02-01,SCOTT_RPO_1,CCI,29.881659511753583,1998-Feb,0.053691614781023134,0.053691614781023134
31.073542244203637,-14.0574,121.783,1998-03-01,SCOTT_RPO_1,CCI,29.881659511753583,1998-Mar,1.191882732450054,1.2455743472310772
30.99832661946615,-14.0574,121.783,1998-04-01,SCOTT_RPO_1,CCI,29.881659511753583,1998-Apr,1.1166671077125692,2.3622414549436463
29.68612355878278,-14.0574,121.783,1998-05-01,SCOTT_RPO_1,CCI,29.881659511753583,1998-May,-0.19553595297080406,0
28.27332560221355,-14.0574,121.783,1998-06-01,SCOTT_RPO_1,CCI,29.881659511753583,1998-Jun,-1.6083339095400326,0
27.767734453755047,-14.0574,121.783,1998-07-01,SCOTT_RPO_1,CCI,29.881659511753583,1998-Jul,-2.113925057998536,0
27.739345230594775,-14.0574,121.783,1998-08-01,SCOTT_RPO_1,CCI,29.881659511753583,1998-Aug,-2.142314281158807,0
28.16899210611981,-14.0574,121.783,1998-09-01,SCOTT_RPO_1,CCI,29.881659511753583,1998-Sep,-1.7126674056337734,0
29.613221002394173,-14.0574,121.783,1998-10-01,SCOTT_RPO_1,CCI,29.881659511753583,1998-Oct,-0.2684385093594095,0
30.701991780598973,-14.0574,121.783,1998-11-01,SCOTT_RPO_1,CCI,29.881659511753583,1998-Nov,0.8203322688453909,0.8203322688453909
29.788377134261605,-14.0574,121.783,1998-12-01,SCOTT_RPO_1,CCI,29.881659511753583,1998-Dec,-0.09328237749197754,0
30.17709134009579,-14.0574,121.783,1999-01-01,SCOTT_RPO_1,CCI,29.881659511753583,1999-Jan,0.29543182834220616,0.29543182834220616
29.732137843540745,-14.0574,121.783,1999-02-01,SCOTT_RPO_1,CCI,29.881659511753583,1999-Feb,-0.14952166821283797,0
29.702247668850823,-14.0574,121.783,1999-03-01,SCOTT_RPO_1,CCI,29.881659511753583,1999-Mar,-0.17941184290275913,0
29.498327636718766,-14.0574,121.783,1999-04-01,SCOTT_RPO_1,CCI,29.881659511753583,1999-Apr,-0.38333187503481625,0
28.65579991494457,-14.0574,121.783,1999-05-01,SCOTT_RPO_1,CCI,29.881659511753583,1999-May,-1.2258595968090127,0
28.04032287597657,-14.0574,121.783,1999-06-01,SCOTT_RPO_1,CCI,29.881659511753583,1999-Jun,-1.8413366357770116,0
26.969347356980855,-14.0574,121.783,1999-07-01,SCOTT_RPO_1,CCI,29.881659511753583,1999-Jul,-2.912312154772728,0
26.699348498928952,-14.0574,121.783,1999-08-01,SCOTT_RPO_1,CCI,29.881659511753583,1999-Aug,-3.1823110128246306,0
27.755991617838546,-14.0574,121.783,1999-09-01,SCOTT_RPO_1,CCI,29.881659511753583,1999-Sep,-2.125667893915036,0
28.95709011939266,-14.0574,121.783,1999-10-01,SCOTT_RPO_1,CCI,29.881659511753583,1999-Oct,-0.9245693923609224,0
29.819325764973968,-14.0574,121.783,1999-11-01,SCOTT_RPO_1,CCI,29.881659511753583,1999-Nov,-0.062333746779614785,0
29.795800781250005,-14.0574,121.783,1999-12-01,SCOTT_RPO_1,CCI,29.881659511753583,1999-Dec,-0.08585873050357762,0
29.575477649319573,-14.0574,121.783,2000-01-01,SCOTT_RPO_1,CCI,29.881659511753583,2000-Jan,-0.30618186243400913,0
29.695854660560357,-14.0574,121.783,2000-02-01,SCOTT_RPO_1,CCI,29.881659511753583,2000-Feb,-0.18580485119322532,0
29.371925403225823,-14.0574,121.783,2000-03-01,SCOTT_RPO_1,CCI,29.881659511753583,2000-Mar,-0.5097341085277591,0
29.64832967122398,-14.0574,121.783,2000-04-01,SCOTT_RPO_1,CCI,29.881659511753583,2000-Apr,-0.2333298405296027,0
28.494186696698613,-14.0574,121.783,2000-05-01,SCOTT_RPO_1,CCI,29.881659511753583,2000-May,-1.38747281505497,0
27.00732625325523,-14.0574,121.783,2000-06-01,SCOTT_RPO_1,CCI,29.881659511753583,2000-Jun,-2.8743332584983534,0
26.61773563508066,-14.0574,121.783,2000-07-01,SCOTT_RPO_1,CCI,29.881659511753583,2000-Jul,-3.263923876672923,0
26.507088741179448,-14.0574,121.783,2000-08-01,SCOTT_RPO_1,CCI,29.881659511753583,2000-Aug,-3.3745707705741346,0
27.330993652343764,-14.0574,121.783,2000-09-01,SCOTT_RPO_1,CCI,29.881659511753583,2000-Sep,-2.5506658594098184,0
28.897733429939542,-14.0574,121.783,2000-10-01,SCOTT_RPO_1,CCI,29.881659511753583,2000-Oct,-0.9839260818140403,0
29.298990885416696,-14.0574,121.783,2000-11-01,SCOTT_RPO_1,CCI,29.881659511753583,2000-Nov,-0.5826686263368863,0
28.535799875567054,-14.0574,121.783,2000-12-01,SCOTT_RPO_1,CCI,29.881659511753583,2000-Dec,-1.3458596361865283,0
29.972897240423396,-14.0574,121.783,2001-01-01,SCOTT_RPO_1,CCI,29.881659511753583,2001-Jan,0.09123772866981383,0.09123772866981383
29.348208182198672,-14.0574,121.783,2001-02-01,SCOTT_RPO_1,CCI,29.881659511753583,2001-Feb,-0.5334513295549108,0
29.26321588331656,-14.0574,121.783,2001-03-01,SCOTT_RPO_1,CCI,29.881659511753583,2001-Mar,-0.6184436284370243,0
29.643989054361988,-14.0574,121.783,2001-04-01,SCOTT_RPO_1,CCI,29.881659511753583,2001-Apr,-0.23767045739159443,0
28.905155108051925,-14.0574,121.783,2001-05-01,SCOTT_RPO_1,CCI,29.881659511753583,2001-May,-0.9765044037016573,0
27.81299540201825,-14.0574,121.783,2001-06-01,SCOTT_RPO_1,CCI,29.881659511753583,2001-Jun,-2.0686641097353338,0
26.986446060672897,-14.0574,121.783,2001-07-01,SCOTT_RPO_1,CCI,29.881659511753583,2001-Jul,-2.8952134510806857,0
26.749346136277737,-14.0574,121.783,2001-08-01,SCOTT_RPO_1,CCI,29.881659511753583,2001-Aug,-3.132313375475846,0
27.495324707031276,-14.0574,121.783,2001-09-01,SCOTT_RPO_1,CCI,29.881659511753583,2001-Sep,-2.3863348047223063,0
28.244831503591243,-14.0574,121.783,2001-10-01,SCOTT_RPO_1,CCI,29.881659511753583,2001-Oct,-1.6368280081623396,0
28.77032470703126,-14.0574,121.783,2001-11-01,SCOTT_RPO_1,CCI,29.881659511753583,2001-Nov,-1.111334804722322,0
29.16031454763107,-14.0574,121.783,2001-12-01,SCOTT_RPO_1,CCI,29.881659511753583,2001-Dec,-0.7213449641225118,0
29.670315453314032,-14.0574,121.783,2002-01-01,SCOTT_RPO_1,CCI,29.881659511753583,2002-Jan,-0.2113440584395505,0
29.52427825927736,-14.0574,121.783,2002-02-01,SCOTT_RPO_1,CCI,29.881659511753583,2002-Feb,-0.3573812524762232,0
30.66031553206907,-14.0574,121.783,2002-03-01,SCOTT_RPO_1,CCI,29.881659511753583,2002-Mar,0.7786560203154878,0.7786560203154878
30.810992431640642,-14.0574,121.783,2002-04-01,SCOTT_RPO_1,CCI,29.881659511753583,2002-Apr,0.9293329198870595,1.7079889402025472
29.992250307144683,-14.0574,121.783,2002-05-01,SCOTT_RPO_1,CCI,29.881659511753583,2002-May,0.11059079539110073,1.818579735593648
28.174994913736985,-14.0574,121.783,2002-06-01,SCOTT_RPO_1,CCI,29.881659511753583,2002-Jun,-1.706664598016598,0
26.668701959425427,-14.0574,121.783,2002-07-01,SCOTT_RPO_1,CCI,29.881659511753583,2002-Jul,-3.212957552328156,0
26.38225018901212,-14.0574,121.783,2002-08-01,SCOTT_RPO_1,CCI,29.881659511753583,2002-Aug,-3.4994093227414638,0
26.684991455078144,-14.0574,121.783,2002-09-01,SCOTT_RPO_1,CCI,29.881659511753583,2002-Sep,-3.1966680566754384,0
28.155476034841243,-14.0574,121.783,2002-10-01,SCOTT_RPO_1,CCI,29.881659511753583,2002-Oct,-1.7261834769123396,0
30.346324666341165,-14.0574,121.783,2002-11-01,SCOTT_RPO_1,CCI,29.881659511753583,2002-Nov,0.46466515458758195,0.46466515458758195
30.8987021169355,-14.0574,121.783,2002-12-01,SCOTT_RPO_1,CCI,29.881659511753583,2002-Dec,1.017042605181917,1.481707759769499
30.38934404926916,-14.0574,121.783,2003-01-01,SCOTT_RPO_1,CCI,29.881659511753583,2003-Jan,0.5076845375155763,1.9893922972850753
30.086063276018432,-14.0574,121.783,2003-02-01,SCOTT_RPO_1,CCI,29.881659511753583,2003-Feb,0.20440376426484974,2.193796061549925
29.598703495148712,-14.0574,121.783,2003-03-01,SCOTT_RPO_1,CCI,29.881659511753583,2003-Mar,-0.2829560166048708,0
29.87465820312502,-14.0574,121.783,2003-04-01,SCOTT_RPO_1,CCI,29.881659511753583,2003-Apr,-0.007001308628563407,0
29.080637088898705,-14.0574,121.783,2003-05-01,SCOTT_RPO_1,CCI,29.881659511753583,2003-May,-0.8010224228548779,0
27.864326985677103,-14.0574,121.783,2003-06-01,SCOTT_RPO_1,CCI,29.881659511753583,2003-Jun,-2.01733252607648,0
27.183214544480858,-14.0574,121.783,2003-07-01,SCOTT_RPO_1,CCI,29.881659511753583,2003-Jul,-2.6984449672727244,0
26.80160502772179,-14.0574,121.783,2003-08-01,SCOTT_RPO_1,CCI,29.881659511753583,2003-Aug,-3.080054484031791,0
27.118325805664078,-14.0574,121.783,2003-09-01,SCOTT_RPO_1,CCI,29.881659511753583,2003-Sep,-2.7633337060895045,0
28.14999173072078,-14.0574,121.783,2003-10-01,SCOTT_RPO_1,CCI,29.881659511753583,2003-Oct,-1.731667781032801,0
29.460993448893248,-14.0574,121.783,2003-11-01,SCOTT_RPO_1,CCI,29.881659511753583,2003-Nov,-0.4206660628603345,0
30.183864273563515,-14.0574,121.783,2003-12-01,SCOTT_RPO_1,CCI,29.881659511753583,2003-Dec,0.30220476180993217,0.30220476180993217
29.351283707157265,-14.0574,121.783,2004-01-01,SCOTT_RPO_1,CCI,29.881659511753583,2004-Jan,-0.5303758045963178,0
29.173094861260786,-14.0574,121.783,2004-02-01,SCOTT_RPO_1,CCI,29.881659511753583,2004-Feb,-0.7085646504927965,0
28.973865927419364,-14.0574,121.783,2004-03-01,SCOTT_RPO_1,CCI,29.881659511753583,2004-Mar,-0.9077935843342182,0
29.363992309570328,-14.0574,121.783,2004-04-01,SCOTT_RPO_1,CCI,29.881659511753583,2004-Apr,-0.5176672021832545,0
29.04708744172128,-14.0574,121.783,2004-05-01,SCOTT_RPO_1,CCI,29.881659511753583,2004-May,-0.8345720700323014,0
27.90332539876304,-14.0574,121.783,2004-06-01,SCOTT_RPO_1,CCI,29.881659511753583,2004-Jun,-1.9783341129905416,0
26.673220529863926,-14.0574,121.783,2004-07-01,SCOTT_RPO_1,CCI,29.881659511753583,2004-Jul,-3.208438981889657,0
26.41805715253278,-14.0574,121.783,2004-08-01,SCOTT_RPO_1,CCI,29.881659511753583,2004-Aug,-3.463602359220804,0
26.892658487955742,-14.0574,121.783,2004-09-01,SCOTT_RPO_1,CCI,29.881659511753583,2004-Sep,-2.98900102379784,0
28.125801135647695,-14.0574,121.783,2004-10-01,SCOTT_RPO_1,CCI,29.881659511753583,2004-Oct,-1.7558583761058877,0
29.8786580403646,-14.0574,121.783,2004-11-01,SCOTT_RPO_1,CCI,29.881659511753583,2004-Nov,-0.0030014713889841005,0
30.562573635962725,-14.0574,121.783,2004-12-01,SCOTT_RPO_1,CCI,29.881659511753583,2004-Dec,0.6809141242091421,0.6809141242091421
29.24225129158268,-14.0574,121.783,2005-01-01,SCOTT_RPO_1,CCI,29.881659511753583,2005-Jan,-0.6394082201709033,0
29.971421813964856,-14.0574,121.783,2005-02-01,SCOTT_RPO_1,CCI,29.881659511753583,2005-Feb,0.08976230221127324,0.08976230221127324
30.107090906943053,-14.0574,121.783,2005-03-01,SCOTT_RPO_1,CCI,29.881659511753583,2005-Mar,0.22543139518947086,0.3151936974007441
30.671659342447917,-14.0574,121.783,2005-04-01,SCOTT_RPO_1,CCI,29.881659511753583,2005-Apr,0.7899998306943345,1.1051935280950786
29.73741376323086,-14.0574,121.783,2005-05-01,SCOTT_RPO_1,CCI,29.881659511753583,2005-May,-0.14424574852272087,0
28.015658569335955,-14.0574,121.783,2005-06-01,SCOTT_RPO_1,CCI,29.881659511753583,2005-Jun,-1.866000942417628,0
27.276767656880054,-14.0574,121.783,2005-07-01,SCOTT_RPO_1,CCI,29.881659511753583,2005-Jul,-2.6048918548735287,0
26.701605815272195,-14.0574,121.783,2005-08-01,SCOTT_RPO_1,CCI,29.881659511753583,2005-Aug,-3.1800536964813872,0
27.289657592773448,-14.0574,121.783,2005-09-01,SCOTT_RPO_1,CCI,29.881659511753583,2005-Sep,-2.5920019189801344,0
28.470959866431468,-14.0574,121.783,2005-10-01,SCOTT_RPO_1,CCI,29.881659511753583,2005-Oct,-1.410699645322115,0
29.148658243815127,-14.0574,121.783,2005-11-01,SCOTT_RPO_1,CCI,29.881659511753583,2005-Nov,-0.7330012679384552,0
30.625801135647695,-14.0574,121.783,2005-12-01,SCOTT_RPO_1,CCI,29.881659511753583,2005-Dec,0.7441416238941123,0.7441416238941123
28.84095990580899,-14.0574,121.783,2006-01-01,SCOTT_RPO_1,CCI,29.881659511753583,2006-Jan,-1.0406996059445923,0
29.256422206333728,-14.0574,121.783,2006-02-01,SCOTT_RPO_1,CCI,29.881659511753583,2006-Feb,-0.625237305419855,0
29.369993935861906,-14.0574,121.783,2006-03-01,SCOTT_RPO_1,CCI,29.881659511753583,2006-Mar,-0.5116655758916764,0
29.413656616210943,-14.0574,121.783,2006-04-01,SCOTT_RPO_1,CCI,29.881659511753583,2006-Apr,-0.4680028955426394,0
28.627412660660315,-14.0574,121.783,2006-05-01,SCOTT_RPO_1,CCI,29.881659511753583,2006-May,-1.2542468510932672,0
27.122657267252624,-14.0574,121.783,2006-06-01,SCOTT_RPO_1,CCI,29.881659511753583,2006-Jun,-2.7590022445009588,0
26.01902603641635,-14.0574,121.783,2006-07-01,SCOTT_RPO_1,CCI,29.881659511753583,2006-Jul,-3.8626334753372333,0
25.914187326738922,-14.0574,121.783,2006-08-01,SCOTT_RPO_1,CCI,29.881659511753583,2006-Aug,-3.9674721850146604,0
26.675327555338576,-14.0574,121.783,2006-09-01,SCOTT_RPO_1,CCI,29.881659511753583,2006-Sep,-3.2063319564150063,0
28.561282053301422,-14.0574,121.783,2006-10-01,SCOTT_RPO_1,CCI,29.881659511753583,2006-Oct,-1.3203774584521604,0
29.80032450358075,-14.0574,121.783,2006-11-01,SCOTT_RPO_1,CCI,29.881659511753583,2006-Nov,-0.08133500817283235,0
30.6109597482989,-14.0574,121.783,2006-12-01,SCOTT_RPO_1,CCI,29.881659511753583,2006-Dec,0.729300236545317,0.729300236545317
29.301283116494464,-14.0574,121.783,2007-01-01,SCOTT_RPO_1,CCI,29.881659511753583,2007-Jan,-0.580376395259119,0
30.159995378766755,-14.0574,121.783,2007-02-01,SCOTT_RPO_1,CCI,29.881659511753583,2007-Feb,0.2783358670131726,0.2783358670131726
29.23547442036292,-14.0574,121.783,2007-03-01,SCOTT_RPO_1,CCI,29.881659511753583,2007-Mar,-0.646185091390663,0
29.55965677897137,-14.0574,121.783,2007-04-01,SCOTT_RPO_1,CCI,29.881659511753583,2007-Apr,-0.32200273278221303,0
29.407731382308484,-14.0574,121.783,2007-05-01,SCOTT_RPO_1,CCI,29.881659511753583,2007-May,-0.473928129445099,0
27.92799275716148,-14.0574,121.783,2007-06-01,SCOTT_RPO_1,CCI,29.881659511753583,2007-Jun,-1.9536667545921027,0
26.620959669543875,-14.0574,121.783,2007-07-01,SCOTT_RPO_1,CCI,29.881659511753583,2007-Jul,-3.260699842209707,0
26.199348498928945,-14.0574,121.783,2007-08-01,SCOTT_RPO_1,CCI,29.881659511753583,2007-Aug,-3.6823110128246377,0
27.090326944986995,-14.0574,121.783,2007-09-01,SCOTT_RPO_1,CCI,29.881659511753583,2007-Sep,-2.791332566766588,0
28.378059436428945,-14.0574,121.783,2007-10-01,SCOTT_RPO_1,CCI,29.881659511753583,2007-Oct,-1.5036000753246377,0
29.115659586588556,-14.0574,121.783,2007-11-01,SCOTT_RPO_1,CCI,29.881659511753583,2007-Nov,-0.7659999251650262,0
30.46773583196827,-14.0574,121.783,2007-12-01,SCOTT_RPO_1,CCI,29.881659511753583,2007-Dec,0.586076320214687,0.586076320214687
29.437412188130068,-14.0574,121.783,2008-01-01,SCOTT_RPO_1,CCI,29.881659511753583,2008-Jan,-0.4442473236235145,0
29.417578545932138,-14.0574,121.783,2008-02-01,SCOTT_RPO_1,CCI,29.881659511753583,2008-Feb,-0.4640809658214451,0
29.626444958102347,-14.0574,121.783,2008-03-01,SCOTT_RPO_1,CCI,29.881659511753583,2008-Mar,-0.2552145536512356,0
29.814326985677095,-14.0574,121.783,2008-04-01,SCOTT_RPO_1,CCI,29.881659511753583,2008-Apr,-0.06733252607648765,0
28.777411479334692,-14.0574,121.783,2008-05-01,SCOTT_RPO_1,CCI,29.881659511753583,2008-May,-1.1042480324188908,0
27.339324951171893,-14.0574,121.783,2008-06-01,SCOTT_RPO_1,CCI,29.881659511753583,2008-Jun,-2.54233456058169,0
26.4819294591104,-14.0574,121.783,2008-07-01,SCOTT_RPO_1,CCI,29.881659511753583,2008-Jul,-3.399730052643182,0
26.255475247290843,-14.0574,121.783,2008-08-01,SCOTT_RPO_1,CCI,29.881659511753583,2008-Aug,-3.62618426446274,0
27.41199442545574,-14.0574,121.783,2008-09-01,SCOTT_RPO_1,CCI,29.881659511753583,2008-Sep,-2.469665086297841,0
29.076766278666852,-14.0574,121.783,2008-10-01,SCOTT_RPO_1,CCI,29.881659511753583,2008-Oct,-0.8048932330867302,0
30.19032491048179,-14.0574,121.783,2008-11-01,SCOTT_RPO_1,CCI,29.881659511753583,2008-Nov,0.3086653987282091,0.3086653987282091
29.87515435987904,-14.0574,121.783,2008-12-01,SCOTT_RPO_1,CCI,29.881659511753583,2008-Dec,-0.006505151874542037,0
29.468057743195576,-14.0574,121.783,2009-01-01,SCOTT_RPO_1,CCI,29.881659511753583,2009-Jan,-0.41360176855800646,0
29.039993722098234,-14.0574,121.783,2009-02-01,SCOTT_RPO_1,CCI,29.881659511753583,2009-Feb,-0.8416657896553481,0
30.095154596144177,-14.0574,121.783,2009-03-01,SCOTT_RPO_1,CCI,29.881659511753583,2009-Mar,0.21349508439059406,0.21349508439059406
30.499993896484394,-14.0574,121.783,2009-04-01,SCOTT_RPO_1,CCI,29.881659511753583,2009-Apr,0.6183343847308116,0.8318294691214057
29.24225030714468,-14.0574,121.783,2009-05-01,SCOTT_RPO_1,CCI,29.881659511753583,2009-May,-0.6394092046089028,0
28.27732543945314,-14.0574,121.783,2009-06-01,SCOTT_RPO_1,CCI,29.881659511753583,2009-Jun,-1.6043340723004427,0
27.59193056168096,-14.0574,121.783,2009-07-01,SCOTT_RPO_1,CCI,29.881659511753583,2009-Jul,-2.2897289500726217,0
26.96773780084427,-14.0574,121.783,2009-08-01,SCOTT_RPO_1,CCI,29.881659511753583,2009-Aug,-2.913921710909314,0
27.715326944986998,-14.0574,121.783,2009-09-01,SCOTT_RPO_1,CCI,29.881659511753583,2009-Sep,-2.1663325667665845,0
28.855477413054455,-14.0574,121.783,2009-10-01,SCOTT_RPO_1,CCI,29.881659511753583,2009-Oct,-1.0261820986991275,0
30.028990681966164,-14.0574,121.783,2009-11-01,SCOTT_RPO_1,CCI,29.881659511753583,2009-Nov,0.14733117021258124,0.14733117021258124
29.72321816721271,-14.0574,121.783,2009-12-01,SCOTT_RPO_1,CCI,29.881659511753583,2009-Dec,-0.1584413445408721,0
29.344507820375526,-14.0574,121.783,2010-01-01,SCOTT_RPO_1,CCI,29.881659511753583,2010-Jan,-0.5371516913780567,0
29.762133353097113,-14.0574,121.783,2010-02-01,SCOTT_RPO_1,CCI,29.881659511753583,2010-Feb,-0.11952615865646976,0
30.90902591828379,-14.0574,121.783,2010-03-01,SCOTT_RPO_1,CCI,29.881659511753583,2010-Mar,1.0273664065302057,1.0273664065302057
30.747659301757825,-14.0574,121.783,2010-04-01,SCOTT_RPO_1,CCI,29.881659511753583,2010-Apr,0.865999790004242,1.8933661965344477
29.62999484154487,-14.0574,121.783,2010-05-01,SCOTT_RPO_1,CCI,29.881659511753583,2010-May,-0.2516646702087115,0
28.26032409667971,-14.0574,121.783,2010-06-01,SCOTT_RPO_1,CCI,29.881659511753583,2010-Jun,-1.6213354150738724,0
27.524832251764135,-14.0574,121.783,2010-07-01,SCOTT_RPO_1,CCI,29.881659511753583,2010-Jul,-2.3568272599894478,0
27.38644487934729,-14.0574,121.783,2010-08-01,SCOTT_RPO_1,CCI,29.881659511753583,2010-Aug,-2.4952146324062916,0
28.05065816243491,-14.0574,121.783,2010-09-01,SCOTT_RPO_1,CCI,29.881659511753583,2010-Sep,-1.8310013493186723,0
29.247089804372497,-14.0574,121.783,2010-10-01,SCOTT_RPO_1,CCI,29.881659511753583,2010-Oct,-0.6345697073810861,0
30.166992187500014,-14.0574,121.783,2010-11-01,SCOTT_RPO_1,CCI,29.881659511753583,2010-Nov,0.2853326757464316,0.2853326757464316
30.5593456637475,-14.0574,121.783,2010-12-01,SCOTT_RPO_1,CCI,29.881659511753583,2010-Dec,0.6776861519939175,0.9630188277403491
29.37257316343248,-14.0574,121.783,2011-01-01,SCOTT_RPO_1,CCI,29.881659511753583,2011-Jan,-0.5090863483211017,0
28.675706481933606,-14.0574,121.783,2011-02-01,SCOTT_RPO_1,CCI,29.881659511753583,2011-Feb,-1.2059530298199768,0
28.929671552104356,-14.0574,121.783,2011-03-01,SCOTT_RPO_1,CCI,29.881659511753583,2011-Mar,-0.9519879596492267,0
29.231326293945322,-14.0574,121.783,2011-04-01,SCOTT_RPO_1,CCI,29.881659511753583,2011-Apr,-0.6503332178082601,0
28.29773323305193,-14.0574,121.783,2011-05-01,SCOTT_RPO_1,CCI,29.881659511753583,2011-May,-1.5839262787016537,0
26.88399353027346,-14.0574,121.783,2011-06-01,SCOTT_RPO_1,CCI,29.881659511753583,2011-Jun,-2.9976659814801216,0
26.286766593687016,-14.0574,121.783,2011-07-01,SCOTT_RPO_1,CCI,29.881659511753583,2011-Jul,-3.5948929180665665,0
26.292896689138118,-14.0574,121.783,2011-08-01,SCOTT_RPO_1,CCI,29.881659511753583,2011-Aug,-3.5887628226154646,0
26.42265625000002,-14.0574,121.783,2011-09-01,SCOTT_RPO_1,CCI,29.881659511753583,2011-Sep,-3.459003261753562,0
27.663220608618975,-14.0574,121.783,2011-10-01,SCOTT_RPO_1,CCI,29.881659511753583,2011-Oct,-2.218438903134608,0
30.051991780598975,-14.0574,121.783,2011-11-01,SCOTT_RPO_1,CCI,29.881659511753583,2011-Nov,0.17033226884539232,0.17033226884539232
30.312572651524714,-14.0574,121.783,2011-12-01,SCOTT_RPO_1,CCI,29.881659511753583,2011-Dec,0.4309131397711319,0.6012454086165242
30.034509277343762,-14.0574,121.783,2012-01-01,SCOTT_RPO_1,CCI,29.881659511753583,2012-Jan,0.1528497655901795,0.7540951742067037
30.189302852235993,-14.0574,121.783,2012-02-01,SCOTT_RPO_1,CCI,29.881659511753583,2012-Feb,0.3076433404824108,1.0617385146891145
29.578378788117455,-14.0574,121.783,2012-03-01,SCOTT_RPO_1,CCI,29.881659511753583,2012-Mar,-0.3032807236361279,0
29.734324137369796,-14.0574,121.783,2012-04-01,SCOTT_RPO_1,CCI,29.881659511753583,2012-Apr,-0.1473353743837862,0
28.549347711378562,-14.0574,121.783,2012-05-01,SCOTT_RPO_1,CCI,29.881659511753583,2012-May,-1.3323118003750203,0
27.068326822916685,-14.0574,121.783,2012-06-01,SCOTT_RPO_1,CCI,29.881659511753583,2012-Jun,-2.8133326888368977,0
26.224509749874006,-14.0574,121.783,2012-07-01,SCOTT_RPO_1,CCI,29.881659511753583,2012-Jul,-3.6571497618795767,0
26.095153611706166,-14.0574,121.783,2012-08-01,SCOTT_RPO_1,CCI,29.881659511753583,2012-Aug,-3.786505900047416,0
27.298993937174497,-14.0574,121.783,2012-09-01,SCOTT_RPO_1,CCI,29.881659511753583,2012-Sep,-2.582665574579085,0
28.678061011529756,-14.0574,121.783,2012-10-01,SCOTT_RPO_1,CCI,29.881659511753583,2012-Oct,-1.2035985002238263,0
30.128992716471355,-14.0574,121.783,2012-11-01,SCOTT_RPO_1,CCI,29.881659511753583,2012-Nov,0.24733320471777276,0.24733320471777276
31.0957984185988,-14.0574,121.783,2012-12-01,SCOTT_RPO_1,CCI,29.881659511753583,2012-Dec,1.2141389068452177,1.4614721115629905
30.16257580172632,-14.0574,121.783,2013-01-01,SCOTT_RPO_1,CCI,29.881659511753583,2013-Jan,0.2809162899727369,1.7423884015357274
30.88749193464008,-14.0574,121.783,2013-02-01,SCOTT_RPO_1,CCI,29.881659511753583,2013-Feb,1.005832422886499,2.7482208244222264
30.254186617943564,-14.0574,121.783,2013-03-01,SCOTT_RPO_1,CCI,29.881659511753583,2013-Mar,0.3725271061899811,3.1207479306122075
30.480993652343766,-14.0574,121.783,2013-04-01,SCOTT_RPO_1,CCI,29.881659511753583,2013-Apr,0.5993341405901838,3.720082071202391
29.718056758757577,-14.0574,121.783,2013-05-01,SCOTT_RPO_1,CCI,29.881659511753583,2013-May,-0.16360275299600602,0
28.266660563151053,-14.0574,121.783,2013-06-01,SCOTT_RPO_1,CCI,29.881659511753583,2013-Jun,-1.6149989486025298,0
27.473217182774714,-14.0574,121.783,2013-07-01,SCOTT_RPO_1,CCI,29.881659511753583,2013-Jul,-2.408442328978868,0
27.167736225743464,-14.0574,121.783,2013-08-01,SCOTT_RPO_1,CCI,29.881659511753583,2013-Aug,-2.713923286010118,0
27.282992553710947,-14.0574,121.783,2013-09-01,SCOTT_RPO_1,CCI,29.881659511753583,2013-Sep,-2.598666958042635,0
28.535797906691048,-14.0574,121.783,2013-10-01,SCOTT_RPO_1,CCI,29.881659511753583,2013-Oct,-1.3458616050625345,0
29.96932474772137,-14.0574,121.783,2013-11-01,SCOTT_RPO_1,CCI,29.881659511753583,2013-Nov,0.08766523596778697,0.08766523596778697
30.339671276461704,-14.0574,121.783,2013-12-01,SCOTT_RPO_1,CCI,29.881659511753583,2013-Dec,0.45801176470812166,0.5456770006759086
29.673221514301936,-14.0574,121.783,2014-01-01,SCOTT_RPO_1,CCI,29.881659511753583,2014-Jan,-0.2084379974516466,0
28.810350036621106,-14.0574,121.783,2014-02-01,SCOTT_RPO_1,CCI,29.881659511753583,2014-Feb,-1.0713094751324768,0
30.405152154737923,-14.0574,121.783,2014-03-01,SCOTT_RPO_1,CCI,29.881659511753583,2014-Mar,0.5234926429843405,0.5234926429843405
30.870992024739603,-14.0574,121.783,2014-04-01,SCOTT_RPO_1,CCI,29.881659511753583,2014-Apr,0.9893325129860209,1.5128251559703614
30.00837540165071,-14.0574,121.783,2014-05-01,SCOTT_RPO_1,CCI,29.881659511753583,2014-May,0.12671588989712745,1.6395410458674888
28.345993041992205,-14.0574,121.783,2014-06-01,SCOTT_RPO_1,CCI,29.881659511753583,2014-Jun,-1.5356664697613773,0
27.024509356098807,-14.0574,121.783,2014-07-01,SCOTT_RPO_1,CCI,29.881659511753583,2014-Jul,-2.857150155654775,0
26.64096049647179,-14.0574,121.783,2014-08-01,SCOTT_RPO_1,CCI,29.881659511753583,2014-Aug,-3.240699015281791,0
27.080658976236997,-14.0574,121.783,2014-09-01,SCOTT_RPO_1,CCI,29.881659511753583,2014-Sep,-2.801000535516586,0
28.326445351877542,-14.0574,121.783,2014-10-01,SCOTT_RPO_1,CCI,29.881659511753583,2014-Oct,-1.5552141598760407,0
30.336324055989593,-14.0574,121.783,2014-11-01,SCOTT_RPO_1,CCI,29.881659511753583,2014-Nov,0.4546645442360102,0.4546645442360102
30.639992793913827,-14.0574,121.783,2014-12-01,SCOTT_RPO_1,CCI,29.881659511753583,2014-Dec,0.758333282160244,1.2129978263962542
29.641603334488423,-14.0574,121.783,2015-01-01,SCOTT_RPO_1,CCI,29.881659511753583,2015-Jan,-0.24005617726515993,0
30.23141959054131,-14.0574,121.783,2015-02-01,SCOTT_RPO_1,CCI,29.881659511753583,2015-Feb,0.3497600787877282,0.3497600787877282
30.276766672442047,-14.0574,121.783,2015-03-01,SCOTT_RPO_1,CCI,29.881659511753583,2015-Mar,0.39510716068846463,0.7448672394761928
30.593324788411472,-14.0574,121.783,2015-04-01,SCOTT_RPO_1,CCI,29.881659511753583,2015-Apr,0.7116652766578895,1.4565325161340823
28.91709043441283,-14.0574,121.783,2015-05-01,SCOTT_RPO_1,CCI,29.881659511753583,2015-May,-0.9645690773407516,0
27.945659383138043,-14.0574,121.783,2015-06-01,SCOTT_RPO_1,CCI,29.881659511753583,2015-Jun,-1.9360001286155395,0
27.126125015751025,-14.0574,121.783,2015-07-01,SCOTT_RPO_1,CCI,29.881659511753583,2015-Jul,-2.755534496002557,0
26.833865061113922,-14.0574,121.783,2015-08-01,SCOTT_RPO_1,CCI,29.881659511753583,2015-Aug,-3.0477944506396604,0
27.54032592773439,-14.0574,121.783,2015-09-01,SCOTT_RPO_1,CCI,29.881659511753583,2015-Sep,-2.3413335840191927,0
29.048057113155252,-14.0574,121.783,2015-10-01,SCOTT_RPO_1,CCI,29.881659511753583,2015-Oct,-0.8336023985983303,0
30.142659505208343,-14.0574,121.783,2015-11-01,SCOTT_RPO_1,CCI,29.881659511753583,2015-Nov,0.2609999934547602,0.2609999934547602
30.243542874243968,-14.0574,121.783,2015-12-01,SCOTT_RPO_1,CCI,29.881659511753583,2015-Dec,0.361883362490385,0.6228833559451452
30.284506324029763,-14.0574,121.783,2016-01-01,SCOTT_RPO_1,CCI,29.881659511753583,2016-Jan,0.4028468122761808,1.025730168221326
30.492753864156807,-14.0574,121.783,2016-02-01,SCOTT_RPO_1,CCI,29.881659511753583,2016-Feb,0.6110943524032244,1.6368245206245504
31.330637088898712,-14.0574,121.783,2016-03-01,SCOTT_RPO_1,CCI,29.881659511753583,2016-Mar,1.4489775771451292,3.0858020977696796
31.587992350260436,-14.0574,121.783,2016-04-01,SCOTT_RPO_1,CCI,29.881659511753583,2016-Apr,1.706332838506853,4.792134936276533
30.27095947265627,-14.0574,121.783,2016-05-01,SCOTT_RPO_1,CCI,29.881659511753583,2016-May,0.3892999609026866,5.181434897179219
29.247991943359395,-14.0574,121.783,2016-06-01,SCOTT_RPO_1,CCI,29.881659511753583,2016-Jun,-0.6336675683941877,0
28.12128354964719,-14.0574,121.783,2016-07-01,SCOTT_RPO_1,CCI,29.881659511753583,2016-Jul,-1.7603759621063944,0
27.707735910723294,-14.0574,121.783,2016-08-01,SCOTT_RPO_1,CCI,29.881659511753583,2016-Aug,-2.173923601030289,0
28.610994466145847,-14.0574,121.783,2016-09-01,SCOTT_RPO_1,CCI,29.881659511753583,2016-Sep,-1.2706650456077355,0
29.95128488848288,-14.0574,121.783,2016-10-01,SCOTT_RPO_1,CCI,29.881659511753583,2016-Oct,0.0696253767292987,0.0696253767292987
30.65532735188803,-14.0574,121.783,2016-11-01,SCOTT_RPO_1,CCI,29.881659511753583,2016-Nov,0.773667840134447,0.8432932168637457
30.723541062878034,-14.0574,121.783,2016-12-01,SCOTT_RPO_1,CCI,29.881659511753583,2016-Dec,0.8418815511244517,1.6851747679881974
29.26418653918853,-14.0574,121.783,2017-01-01,SCOTT_RPO_1,CCI,29.881659511753583,2017-Jan,-0.6174729725650536,0
29.30642089843751,-14.0574,121.783,2017-02-01,SCOTT_RPO_1,CCI,29.881659511753583,2017-Feb,-0.5752386133160741,0
29.909670725176426,-14.0574,121.783,2017-03-01,SCOTT_RPO_1,CCI,29.881659511753583,2017-Mar,0.028011213422843184,0.028011213422843184
30.035325113932316,-14.0574,121.783,2017-04-01,SCOTT_RPO_1,CCI,29.881659511753583,2017-Apr,0.1536656021787337,0.1816768156015769
29.031929065335202,-14.0574,121.783,2017-05-01,SCOTT_RPO_1,CCI,29.881659511753583,2017-May,-0.8497304464183806,0
27.701326497395847,-14.0574,121.783,2017-06-01,SCOTT_RPO_1,CCI,29.881659511753583,2017-Jun,-2.1803330143577355,0
27.25837933940273,-14.0574,121.783,2017-07-01,SCOTT_RPO_1,CCI,29.881659511753583,2017-Jul,-2.623280172350853,0
27.118381426411293,-14.0574,121.783,2017-08-01,SCOTT_RPO_1,CCI,29.881659511753583,2017-Aug,-2.7632780853422894,0
27.466656494140636,-14.0574,121.783,2017-09-01,SCOTT_RPO_1,CCI,29.881659511753583,2017-Sep,-2.4150030176129462,0
28.736766987462218,-14.0574,121.783,2017-10-01,SCOTT_RPO_1,CCI,29.881659511753583,2017-Oct,-1.1448925242913646,0
30.31432189941408,-14.0574,121.783,2017-11-01,SCOTT_RPO_1,CCI,29.881659511753583,2017-Nov,0.43266238766049625,0.43266238766049625
31.015156210622486,-14.0574,121.783,2017-12-01,SCOTT_RPO_1,CCI,29.881659511753583,2017-Dec,1.1334966988689033,1.5661590865293995
30.147088623046884,-14.0574,121.783,2018-01-01,SCOTT_RPO_1,CCI,29.881659511753583,2018-Jan,0.26542911129330093,1.8315881978227004
29.29642094203405,-14.0574,121.783,2018-02-01,SCOTT_RPO_1,CCI,29.881659511753583,2018-Feb,-0.5852385697195324,0
30.098383552797394,-14.0574,121.783,2018-03-01,SCOTT_RPO_1,CCI,29.881659511753583,2018-Mar,0.21672404104381116,0.21672404104381116
30.92499491373698,-14.0574,121.783,2018-04-01,SCOTT_RPO_1,CCI,29.881659511753583,2018-Apr,1.0433354019833985,1.2600594430272096
29.444828944052432,-14.0574,121.783,2018-05-01,SCOTT_RPO_1,CCI,29.881659511753583,2018-May,-0.4368305677011506,0
27.792326863606785,-14.0574,121.783,2018-06-01,SCOTT_RPO_1,CCI,29.881659511753583,2018-Jun,-2.0893326481467973,0
27.048378039944566,-14.0574,121.783,2018-07-01,SCOTT_RPO_1,CCI,29.881659511753583,2018-Jul,-2.8332814718090162,0
26.389989840599828,-14.0574,121.783,2018-08-01,SCOTT_RPO_1,CCI,29.881659511753583,2018-Aug,-3.4916696711537547,0
27.311659749348976,-14.0574,121.783,2018-09-01,SCOTT_RPO_1,CCI,29.881659511753583,2018-Sep,-2.5699997624046063,0
28.24031588646675,-14.0574,121.783,2018-10-01,SCOTT_RPO_1,CCI,29.881659511753583,2018-Oct,-1.641343625286833,0
29.333325195312522,-14.0574,121.783,2018-11-01,SCOTT_RPO_1,CCI,29.881659511753583,2018-Nov,-0.5483343164410606,0
29.031928080897202,-14.0574,121.783,2018-12-01,SCOTT_RPO_1,CCI,29.881659511753583,2018-Dec,-0.8497314308563801,0
29.731927490234387,-14.0574,121.783,2019-01-01,SCOTT_RPO_1,CCI,29.881659511753583,2019-Jan,-0.1497320215191955,0
29.773919677734387,-14.0574,121.783,2019-02-01,SCOTT_RPO_1,CCI,29.881659511753583,2019-Feb,-0.10773983401919551,0
30.554834968813015,-14.0574,121.783,2019-03-01,SCOTT_RPO_1,CCI,29.881659511753583,2019-Mar,0.6731754570594326,0.6731754570594326
29.928325398763043,-14.0574,121.783,2019-04-01,SCOTT_RPO_1,CCI,29.881659511753583,2019-Apr,0.046665887009460505,0.7198413440688931
29.155155108051943,-14.0574,121.783,2019-05-01,SCOTT_RPO_1,CCI,29.881659511753583,2019-May,-0.7265044037016395,0
27.76899515787762,-14.0574,121.783,2019-06-01,SCOTT_RPO_1,CCI,29.881659511753583,2019-Jun,-2.1126643538759637,0
27.062253693611414,-14.0574,121.783,2019-07-01,SCOTT_RPO_1,CCI,29.881659511753583,2019-Jul,-2.819405818142169,0
26.400640475365435,-14.0574,121.783,2019-08-01,SCOTT_RPO_1,CCI,29.881659511753583,2019-Aug,-3.4810190363881475,0
27.058990478515646,-14.0574,121.783,2019-09-01,SCOTT_RPO_1,CCI,29.881659511753583,2019-Sep,-2.8226690332379363,0
28.87450955298641,-14.0574,121.783,2019-10-01,SCOTT_RPO_1,CCI,29.881659511753583,2019-Oct,-1.0071499587671724,0
30.317993164062507,-14.0574,121.783,2019-11-01,SCOTT_RPO_1,CCI,29.881659511753583,2019-Nov,0.4363336523089245,0.4363336523089245
31.247413684475813,-14.0574,121.783,2019-12-01,SCOTT_RPO_1,CCI,29.881659511753583,2019-Dec,1.3657541727222302,1.8020878250311547
29.604831621723797,-14.0574,121.783,2020-01-01,SCOTT_RPO_1,CCI,29.881659511753583,2020-Jan,-0.2768278900297858,0
29.81068073141165,-14.0574,121.783,2020-02-01,SCOTT_RPO_1,CCI,29.881659511753583,2020-Feb,-0.07097878034193172,0
30.629671945879558,-14.0574,121.783,2020-03-01,SCOTT_RPO_1,CCI,29.881659511753583,2020-Mar,0.7480124341259753,0.7480124341259753
31.019991048177086,-14.0574,121.783,2020-04-01,SCOTT_RPO_1,CCI,29.881659511753583,2020-Apr,1.1383315364235038,1.886343970549479
29.464511797505054,-14.0574,121.783,2020-05-01,SCOTT_RPO_1,CCI,29.881659511753583,2020-May,-0.4171477142485287,0
28.04032694498699,-14.0574,121.783,2020-06-01,SCOTT_RPO_1,CCI,29.881659511753583,2020-Jun,-1.8413325667665923,0
27.34483071604084,-14.0574,121.783,2020-07-01,SCOTT_RPO_1,CCI,29.881659511753583,2020-Jul,-2.5368287957127436,0
27.069669465095767,-14.0574,121.783,2020-08-01,SCOTT_RPO_1,CCI,29.881659511753583,2020-Aug,-2.811990046657815,0
28.543995157877617,-14.0574,121.783,2020-09-01,SCOTT_RPO_1,CCI,29.881659511753583,2020-Sep,-1.3376643538759652,0
29.117087874874006,-14.0574,121.783,2020-10-01,SCOTT_RPO_1,CCI,29.881659511753583,2020-Oct,-0.7645716368795767,0
30.504660034179697,-14.0574,121.783,2020-11-01,SCOTT_RPO_1,CCI,29.881659511753583,2020-Nov,0.6230005224261141,0.6230005224261141
29.797733233051922,-14.0574,121.783,2020-12-01,SCOTT_RPO_1,CCI,29.881659511753583,2020-Dec,-0.0839262787016608,0
