sst_monthly,Latitude,Longitude,monthly_date,Reef_Site,Data_Type,mmm_from_sst,date,anomaly,BRS07_DHM
28.59294803970866,-14.121,123.5467277,1985-01-01,BRS07,Coral Core (NOAA),29.05586769294817,1985 Jan,-0.4629196532395099,0
28.740101306963624,-14.121,123.5467277,1985-02-01,BRS07,Coral Core (NOAA),29.05586769294817,1985 Feb,-0.31576638598454565,0
28.88725457421853,-14.121,123.5467277,1985-03-01,BRS07,Coral Core (NOAA),29.05586769294817,1985 Mar,-0.16861311872963824,0
NA,NA,NA,1985-04-01,BRS07,Coral Core (NOAA),NA,1985 Apr,0,NA
28.409006455639968,-14.121,123.5467277,1985-05-01,BRS07,Coral Core (NOAA),29.05586769294817,1985 May,-0.646861237308201,0
27.13980952556608,-14.121,123.5467277,1985-06-01,BRS07,Coral Core (NOAA),29.05586769294817,1985 Jun,-1.91605816738209,0
26.40404318929137,-14.121,123.5467277,1985-07-01,BRS07,Coral Core (NOAA),29.05586769294817,1985 Jul,-2.6518245036567976,0
26.882291307869934,-14.121,123.5467277,1985-08-01,BRS07,Coral Core (NOAA),29.05586769294817,1985 Aug,-2.173576385078235,0
NA,NA,NA,1985-09-01,BRS07,Coral Core (NOAA),NA,1985 Sep,0,NA
27.72842259458585,-14.121,123.5467277,1985-10-01,BRS07,Coral Core (NOAA),29.05586769294817,1985 Oct,-1.3274450983623183,0
27.94915249546827,-14.121,123.5467277,1985-11-01,BRS07,Coral Core (NOAA),29.05586769294817,1985 Nov,-1.1067151974799003,0
28.280247346791896,-14.121,123.5467277,1985-12-01,BRS07,Coral Core (NOAA),29.05586769294817,1985 Dec,-0.7756203461562734,0
28.72170714855673,-14.121,123.5467277,1986-01-01,BRS07,Coral Core (NOAA),29.05586769294817,1986 Jan,-0.3341605443914375,0
28.05951744590948,-14.121,123.5467277,1986-02-01,BRS07,Coral Core (NOAA),29.05586769294817,1986 Feb,-0.9963502470386878,0
28.629736356522415,-14.121,123.5467277,1986-03-01,BRS07,Coral Core (NOAA),29.05586769294817,1986 Mar,-0.4261313364257546,0
29.218349425542183,-14.121,123.5467277,1986-04-01,BRS07,Coral Core (NOAA),29.05586769294817,1986 Apr,0.16248173259401355,0.16248173259401355
28.64813051492925,-14.121,123.5467277,1986-05-01,BRS07,Coral Core (NOAA),29.05586769294817,1986 May,-0.4077371780189196,0
27.78360506980644,-14.121,123.5467277,1986-06-01,BRS07,Coral Core (NOAA),29.05586769294817,1986 Jun,-1.272262623141728,0
NA,NA,NA,1986-07-01,BRS07,Coral Core (NOAA),NA,1986 Jul,0,NA
26.882291307869934,-14.121,123.5467277,1986-08-01,BRS07,Coral Core (NOAA),29.05586769294817,1986 Aug,-2.173576385078235,0
26.183313288408925,-14.121,123.5467277,1986-09-01,BRS07,Coral Core (NOAA),29.05586769294817,1986 Sep,-2.872554404539244,0
26.937473783090525,-14.121,123.5467277,1986-10-01,BRS07,Coral Core (NOAA),29.05586769294817,1986 Oct,-2.1183939098576445,0
NA,NA,NA,1986-11-01,BRS07,Coral Core (NOAA),NA,1986 Nov,0,NA
28.83207209899794,-14.121,123.5467277,1986-12-01,BRS07,Coral Core (NOAA),29.05586769294817,1986 Dec,-0.22379559395022852,0
29.770174177748203,-14.121,123.5467277,1987-01-01,BRS07,Coral Core (NOAA),29.05586769294817,1987 Jan,0.7143064848000336,0.7143064848000336
27.526086852110325,-14.121,123.5467277,1987-02-01,BRS07,Coral Core (NOAA),29.05586769294817,1987 Feb,-1.5297808408378444,0
27.820393386620196,-14.121,123.5467277,1987-03-01,BRS07,Coral Core (NOAA),29.05586769294817,1987 Mar,-1.2354743063279727,0
28.409006455639968,-14.121,123.5467277,1987-04-01,BRS07,Coral Core (NOAA),29.05586769294817,1987 Apr,-0.646861237308201,0
29.310320217576503,-14.121,123.5467277,1987-05-01,BRS07,Coral Core (NOAA),29.05586769294817,1987 May,0.25445252462833423,0.25445252462833423
28.114699921130097,-14.121,123.5467277,1987-06-01,BRS07,Coral Core (NOAA),29.05586769294817,1987 Jun,-0.9411677718180727,0
27.15820368397297,-14.121,123.5467277,1987-07-01,BRS07,Coral Core (NOAA),29.05586769294817,1987 Jul,-1.8976640089751982,0
26.256889922036407,-14.121,123.5467277,1987-08-01,BRS07,Coral Core (NOAA),29.05586769294817,1987 Aug,-2.798977770911762,0
27.746816752992743,-14.121,123.5467277,1987-09-01,BRS07,Coral Core (NOAA),29.05586769294817,1987 Sep,-1.3090509399554264,0
27.76521091139961,-14.121,123.5467277,1987-10-01,BRS07,Coral Core (NOAA),29.05586769294817,1987 Oct,-1.2906567815485595,0
28.151488237943852,-14.121,123.5467277,1987-11-01,BRS07,Coral Core (NOAA),29.05586769294817,1987 Nov,-0.9043794550043174,0
28.684918831743005,-14.121,123.5467277,1987-12-01,BRS07,Coral Core (NOAA),29.05586769294817,1987 Dec,-0.37094886120516435,0
28.99761952465977,-14.121,123.5467277,1988-01-01,BRS07,Coral Core (NOAA),29.05586769294817,1988 Jan,-0.05824816828840085,0
29.199955267135294,-14.121,123.5467277,1988-02-01,BRS07,Coral Core (NOAA),29.05586769294817,1988 Feb,0.14408757418712526,0.14408757418712526
29.420685168017712,-14.121,123.5467277,1988-03-01,BRS07,Coral Core (NOAA),29.05586769294817,1988 Mar,0.3648174750695432,0.5089050492566685
29.016013683066603,-14.121,123.5467277,1988-04-01,BRS07,Coral Core (NOAA),29.05586769294817,1988 Apr,-0.039854009881565844,0
29.144772791914676,-14.121,123.5467277,1988-05-01,BRS07,Coral Core (NOAA),29.05586769294817,1988 May,0.08890509896650656,0.08890509896650656
27.673240119365232,-14.121,123.5467277,1988-06-01,BRS07,Coral Core (NOAA),29.05586769294817,1988 Jun,-1.382627573582937,0
26.753532199021866,-14.121,123.5467277,1988-07-01,BRS07,Coral Core (NOAA),29.05586769294817,1988 Jul,-2.3023354939263037,0
28.004334970688888,-14.121,123.5467277,1988-08-01,BRS07,Coral Core (NOAA),29.05586769294817,1988 Aug,-1.0515327222592816,0
28.83207209899794,-14.121,123.5467277,1988-09-01,BRS07,Coral Core (NOAA),29.05586769294817,1988 Sep,-0.22379559395022852,0
29.383896851203957,-14.121,123.5467277,1988-10-01,BRS07,Coral Core (NOAA),29.05586769294817,1988 Oct,0.32802915825578793,0.32802915825578793
29.016013683066603,-14.121,123.5467277,1988-11-01,BRS07,Coral Core (NOAA),29.05586769294817,1988 Nov,-0.039854009881565844,0
28.629736356522415,-14.121,123.5467277,1988-12-01,BRS07,Coral Core (NOAA),29.05586769294817,1988 Dec,-0.4261313364257546,0
29.089590316694085,-14.121,123.5467277,1989-01-01,BRS07,Coral Core (NOAA),29.05586769294817,1989 Jan,0.03372262374591628,0.03372262374591628
29.255137742355885,-14.121,123.5467277,1989-02-01,BRS07,Coral Core (NOAA),29.05586769294817,1989 Feb,0.19927004940771553,0.2329926731536318
NA,NA,NA,1989-03-01,BRS07,Coral Core (NOAA),NA,1989 Mar,0,NA
29.071196158287226,-14.121,123.5467277,1989-04-01,BRS07,Coral Core (NOAA),29.05586769294817,1989 Apr,0.015328465339056407,0.015328465339056407
28.280247346791896,-14.121,123.5467277,1989-05-01,BRS07,Coral Core (NOAA),29.05586769294817,1989 May,-0.7756203461562734,0
28.206670713164417,-14.121,123.5467277,1989-06-01,BRS07,Coral Core (NOAA),29.05586769294817,1989 Jun,-0.849196979783752,0
27.21338615919356,-14.121,123.5467277,1989-07-01,BRS07,Coral Core (NOAA),29.05586769294817,1989 Jul,-1.8424815337546079,0
26.643167248580653,-14.121,123.5467277,1989-08-01,BRS07,Coral Core (NOAA),29.05586769294817,1989 Aug,-2.412700444367516,0
NA,NA,NA,1989-09-01,BRS07,Coral Core (NOAA),NA,1989 Sep,0,NA
28.280247346791896,-14.121,123.5467277,1989-10-01,BRS07,Coral Core (NOAA),29.05586769294817,1989 Oct,-0.7756203461562734,0
28.353823980419374,-14.121,123.5467277,1989-11-01,BRS07,Coral Core (NOAA),29.05586769294817,1989 Nov,-0.7020437125287948,0
28.70331299014987,-14.121,123.5467277,1989-12-01,BRS07,Coral Core (NOAA),29.05586769294817,1989 Dec,-0.3525547027983009,0
29.163166950321568,-14.121,123.5467277,1990-01-01,BRS07,Coral Core (NOAA),29.05586769294817,1990 Jan,0.1072992573733984,0.1072992573733984
29.53105011845892,-14.121,123.5467277,1990-02-01,BRS07,Coral Core (NOAA),29.05586769294817,1990 Feb,0.4751824255107522,0.5824816828841506
29.29192605916964,-14.121,123.5467277,1990-03-01,BRS07,Coral Core (NOAA),29.05586769294817,1990 Mar,0.2360583662214708,0.8185400491056214
NA,NA,NA,1990-04-01,BRS07,Coral Core (NOAA),NA,1990 Apr,0,NA
27.78360506980644,-14.121,123.5467277,1990-05-01,BRS07,Coral Core (NOAA),29.05586769294817,1990 May,-1.272262623141728,0
27.746816752992743,-14.121,123.5467277,1990-06-01,BRS07,Coral Core (NOAA),29.05586769294817,1990 Jun,-1.3090509399554264,0
27.13980952556608,-14.121,123.5467277,1990-07-01,BRS07,Coral Core (NOAA),29.05586769294817,1990 Jul,-1.91605816738209,0
27.121415367159216,-14.121,123.5467277,1990-08-01,BRS07,Coral Core (NOAA),29.05586769294817,1990 Aug,-1.9344523257889534,0
NA,NA,NA,1990-09-01,BRS07,Coral Core (NOAA),NA,1990 Sep,0,NA
28.94243704943915,-14.121,123.5467277,1990-10-01,BRS07,Coral Core (NOAA),29.05586769294817,1990 Oct,-0.11343064350901955,0
29.733385860934476,-14.121,123.5467277,1990-11-01,BRS07,Coral Core (NOAA),29.05586769294817,1990 Nov,0.6775181679863067,0.6775181679863067
29.107984475100977,-14.121,123.5467277,1990-12-01,BRS07,Coral Core (NOAA),29.05586769294817,1990 Dec,0.05211678215280813,0.7296349501391148
NA,NA,NA,1991-01-01,BRS07,Coral Core (NOAA),NA,1991 Jan,0,NA
27.54448101051716,-14.121,123.5467277,1991-02-01,BRS07,Coral Core (NOAA),29.05586769294817,1991 Feb,-1.5113866824310094,0
28.206670713164417,-14.121,123.5467277,1991-03-01,BRS07,Coral Core (NOAA),29.05586769294817,1991 Mar,-0.849196979783752,0
28.13309407953696,-14.121,123.5467277,1991-04-01,BRS07,Coral Core (NOAA),29.05586769294817,1991 Apr,-0.9227736134112092,0
27.930758337061405,-14.121,123.5467277,1991-05-01,BRS07,Coral Core (NOAA),29.05586769294817,1991 May,-1.1251093558867638,0
NA,NA,NA,1991-06-01,BRS07,Coral Core (NOAA),NA,1991 Jun,0,NA
NA,NA,NA,1991-07-01,BRS07,Coral Core (NOAA),NA,1991 Jul,0,NA
27.066232891938597,-14.121,123.5467277,1991-08-01,BRS07,Coral Core (NOAA),29.05586769294817,1991 Aug,-1.9896348010095721,0
27.54448101051716,-14.121,123.5467277,1991-09-01,BRS07,Coral Core (NOAA),29.05586769294817,1991 Sep,-1.5113866824310094,0
28.24345902997817,-14.121,123.5467277,1991-10-01,BRS07,Coral Core (NOAA),29.05586769294817,1991 Oct,-0.8124086629700003,0
28.72170714855673,-14.121,123.5467277,1991-11-01,BRS07,Coral Core (NOAA),29.05586769294817,1991 Nov,-0.3341605443914375,0
NA,NA,NA,1991-12-01,BRS07,Coral Core (NOAA),NA,1991 Dec,0,NA
29.383896851203957,-14.121,123.5467277,1992-01-01,BRS07,Coral Core (NOAA),29.05586769294817,1992 Jan,0.32802915825578793,0.32802915825578793
NA,NA,NA,1992-02-01,BRS07,Coral Core (NOAA),NA,1992 Feb,0,NA
29.58623259367954,-14.121,123.5467277,1992-03-01,BRS07,Coral Core (NOAA),29.05586769294817,1992 Mar,0.5303649007313709,0.5303649007313709
29.623020910493295,-14.121,123.5467277,1992-04-01,BRS07,Coral Core (NOAA),29.05586769294817,1992 Apr,0.5671532175451262,1.097518118276497
29.53105011845892,-14.121,123.5467277,1992-05-01,BRS07,Coral Core (NOAA),29.05586769294817,1992 May,0.4751824255107522,1.5727005437872492
28.64813051492925,-14.121,123.5467277,1992-06-01,BRS07,Coral Core (NOAA),29.05586769294817,1992 Jun,-0.4077371780189196,0
27.710028436178987,-14.121,123.5467277,1992-07-01,BRS07,Coral Core (NOAA),29.05586769294817,1992 Jul,-1.3458392567691817,0
26.735138040615,-14.121,123.5467277,1992-08-01,BRS07,Coral Core (NOAA),29.05586769294817,1992 Aug,-2.3207296523331706,0
27.26856863441418,-14.121,123.5467277,1992-09-01,BRS07,Coral Core (NOAA),29.05586769294817,1992 Sep,-1.7872990585339892,0
27.72842259458585,-14.121,123.5467277,1992-10-01,BRS07,Coral Core (NOAA),29.05586769294817,1992 Oct,-1.3274450983623183,0
28.868860415811696,-14.121,123.5467277,1992-11-01,BRS07,Coral Core (NOAA),29.05586769294817,1992 Nov,-0.18700727713647325,0
28.77688962377732,-14.121,123.5467277,1992-12-01,BRS07,Coral Core (NOAA),29.05586769294817,1992 Dec,-0.2789780691708508,0
NA,NA,NA,1993-01-01,BRS07,Coral Core (NOAA),NA,1993 Jan,0,NA
27.526086852110325,-14.121,123.5467277,1993-02-01,BRS07,Coral Core (NOAA),29.05586769294817,1993 Feb,-1.5297808408378444,0
28.261853188385032,-14.121,123.5467277,1993-03-01,BRS07,Coral Core (NOAA),29.05586769294817,1993 Mar,-0.7940145045631368,0
28.42740061404683,-14.121,123.5467277,1993-04-01,BRS07,Coral Core (NOAA),29.05586769294817,1993 Apr,-0.6284670789013376,0
NA,NA,NA,1993-05-01,BRS07,Coral Core (NOAA),NA,1993 May,0,NA
27.54448101051716,-14.121,123.5467277,1993-06-01,BRS07,Coral Core (NOAA),29.05586769294817,1993 Jun,-1.5113866824310094,0
26.882291307869934,-14.121,123.5467277,1993-07-01,BRS07,Coral Core (NOAA),29.05586769294817,1993 Jul,-2.173576385078235,0
26.9006854662768,-14.121,123.5467277,1993-08-01,BRS07,Coral Core (NOAA),29.05586769294817,1993 Aug,-2.155182226671368,0
27.121415367159216,-14.121,123.5467277,1993-09-01,BRS07,Coral Core (NOAA),29.05586769294817,1993 Sep,-1.9344523257889534,0
28.022729129095723,-14.121,123.5467277,1993-10-01,BRS07,Coral Core (NOAA),29.05586769294817,1993 Oct,-1.0331385638524466,0
NA,NA,NA,1993-11-01,BRS07,Coral Core (NOAA),NA,1993 Nov,0,NA
29.144772791914676,-14.121,123.5467277,1993-12-01,BRS07,Coral Core (NOAA),29.05586769294817,1993 Dec,0.08890509896650656,0.08890509896650656
29.64141506890013,-14.121,123.5467277,1994-01-01,BRS07,Coral Core (NOAA),29.05586769294817,1994 Jan,0.5855473759519612,0.6744524749184677
30.027692395444348,-14.121,123.5467277,1994-02-01,BRS07,Coral Core (NOAA),29.05586769294817,1994 Feb,0.9718247024961784,1.646277177414646
29.107984475100977,-14.121,123.5467277,1994-03-01,BRS07,Coral Core (NOAA),29.05586769294817,1994 Mar,0.05211678215280813,1.6983939595674542
28.53776556448804,-14.121,123.5467277,1994-04-01,BRS07,Coral Core (NOAA),29.05586769294817,1994 Apr,-0.5181021284601286,0
28.169882396350687,-14.121,123.5467277,1994-05-01,BRS07,Coral Core (NOAA),29.05586769294817,1994 May,-0.8859852965974824,0
27.691634277772124,-14.121,123.5467277,1994-06-01,BRS07,Coral Core (NOAA),29.05586769294817,1994 Jun,-1.3642334151760451,0
NA,NA,NA,1994-07-01,BRS07,Coral Core (NOAA),NA,1994 Jul,0,NA
NA,NA,NA,1994-08-01,BRS07,Coral Core (NOAA),NA,1994 Aug,0,NA
26.79032051583556,-14.121,123.5467277,1994-09-01,BRS07,Coral Core (NOAA),29.05586769294817,1994 Sep,-2.265547177112609,0
NA,NA,NA,1994-10-01,BRS07,Coral Core (NOAA),NA,1994 Oct,0,NA
NA,NA,NA,1994-11-01,BRS07,Coral Core (NOAA),NA,1994 Nov,0,NA
29.089590316694085,-14.121,123.5467277,1994-12-01,BRS07,Coral Core (NOAA),29.05586769294817,1994 Dec,0.03372262374591628,0.03372262374591628
28.022729129095723,-14.121,123.5467277,1995-01-01,BRS07,Coral Core (NOAA),29.05586769294817,1995 Jan,-1.0331385638524466,0
27.83878754502706,-14.121,123.5467277,1995-02-01,BRS07,Coral Core (NOAA),29.05586769294817,1995 Feb,-1.2170801479211093,0
28.206670713164417,-14.121,123.5467277,1995-03-01,BRS07,Coral Core (NOAA),29.05586769294817,1995 Mar,-0.849196979783752,0
28.390612297233133,-14.121,123.5467277,1995-04-01,BRS07,Coral Core (NOAA),29.05586769294817,1995 Apr,-0.665255395715036,0
29.88053912818941,-14.121,123.5467277,1995-05-01,BRS07,Coral Core (NOAA),29.05586769294817,1995 May,0.8246714352412425,0.8246714352412425
27.61805764414467,-14.121,123.5467277,1995-06-01,BRS07,Coral Core (NOAA),29.05586769294817,1995 Jun,-1.4378100488034988,0
26.79032051583556,-14.121,123.5467277,1995-07-01,BRS07,Coral Core (NOAA),29.05586769294817,1995 Jul,-2.265547177112609,0
26.9006854662768,-14.121,123.5467277,1995-08-01,BRS07,Coral Core (NOAA),29.05586769294817,1995 Aug,-2.155182226671368,0
28.18827655475755,-14.121,123.5467277,1995-09-01,BRS07,Coral Core (NOAA),29.05586769294817,1995 Sep,-0.867591138190619,0
28.261853188385032,-14.121,123.5467277,1995-10-01,BRS07,Coral Core (NOAA),29.05586769294817,1995 Oct,-0.7940145045631368,0
28.99761952465977,-14.121,123.5467277,1995-11-01,BRS07,Coral Core (NOAA),29.05586769294817,1995 Nov,-0.05824816828840085,0
29.016013683066603,-14.121,123.5467277,1995-12-01,BRS07,Coral Core (NOAA),29.05586769294817,1995 Dec,-0.039854009881565844,0
28.409006455639968,-14.121,123.5467277,1996-01-01,BRS07,Coral Core (NOAA),29.05586769294817,1996 Jan,-0.646861237308201,0
28.740101306963624,-14.121,123.5467277,1996-02-01,BRS07,Coral Core (NOAA),29.05586769294817,1996 Feb,-0.31576638598454565,0
29.089590316694085,-14.121,123.5467277,1996-03-01,BRS07,Coral Core (NOAA),29.05586769294817,1996 Mar,0.03372262374591628,0.03372262374591628
28.48258308926745,-14.121,123.5467277,1996-04-01,BRS07,Coral Core (NOAA),29.05586769294817,1996 Apr,-0.5732846036807189,0
27.89397002024768,-14.121,123.5467277,1996-05-01,BRS07,Coral Core (NOAA),29.05586769294817,1996 May,-1.1618976727004906,0
27.76521091139961,-14.121,123.5467277,1996-06-01,BRS07,Coral Core (NOAA),29.05586769294817,1996 Jun,-1.2906567815485595,0
27.673240119365232,-14.121,123.5467277,1996-07-01,BRS07,Coral Core (NOAA),29.05586769294817,1996 Jul,-1.382627573582937,0
28.004334970688888,-14.121,123.5467277,1996-08-01,BRS07,Coral Core (NOAA),29.05586769294817,1996 Aug,-1.0515327222592816,0
NA,NA,NA,1996-09-01,BRS07,Coral Core (NOAA),NA,1996 Sep,0,NA
28.611342198115523,-14.121,123.5467277,1996-10-01,BRS07,Coral Core (NOAA),29.05586769294817,1996 Oct,-0.4445254948326465,0
28.88725457421853,-14.121,123.5467277,1996-11-01,BRS07,Coral Core (NOAA),29.05586769294817,1996 Nov,-0.16861311872963824,0
29.733385860934476,-14.121,123.5467277,1996-12-01,BRS07,Coral Core (NOAA),29.05586769294817,1996 Dec,0.6775181679863067,0.6775181679863067
28.960831207846013,-14.121,123.5467277,1997-01-01,BRS07,Coral Core (NOAA),29.05586769294817,1997 Jan,-0.09503648510215612,0
28.29864150519876,-14.121,123.5467277,1997-02-01,BRS07,Coral Core (NOAA),29.05586769294817,1997 Feb,-0.75722618774941,0
28.90564873262539,-14.121,123.5467277,1997-03-01,BRS07,Coral Core (NOAA),29.05586769294817,1997 Mar,-0.15021896032277837,0
29.512655960052054,-14.121,123.5467277,1997-04-01,BRS07,Coral Core (NOAA),29.05586769294817,1997 Apr,0.4567882671038852,0.4567882671038852
28.94243704943915,-14.121,123.5467277,1997-05-01,BRS07,Coral Core (NOAA),29.05586769294817,1997 May,-0.11343064350901955,0
28.004334970688888,-14.121,123.5467277,1997-06-01,BRS07,Coral Core (NOAA),29.05586769294817,1997 Jun,-1.0515327222592816,0
27.08462705034546,-14.121,123.5467277,1997-07-01,BRS07,Coral Core (NOAA),29.05586769294817,1997 Jul,-1.9712406426027087,0
26.84550299105618,-14.121,123.5467277,1997-08-01,BRS07,Coral Core (NOAA),29.05586769294817,1997 Aug,-2.21036470189199,0
27.710028436178987,-14.121,123.5467277,1997-09-01,BRS07,Coral Core (NOAA),29.05586769294817,1997 Sep,-1.3458392567691817,0
28.37221813882624,-14.121,123.5467277,1997-10-01,BRS07,Coral Core (NOAA),29.05586769294817,1997 Oct,-0.6836495541219278,0
29.420685168017712,-14.121,123.5467277,1997-11-01,BRS07,Coral Core (NOAA),29.05586769294817,1997 Nov,0.3648174750695432,0.3648174750695432
29.788568336155063,-14.121,123.5467277,1997-12-01,BRS07,Coral Core (NOAA),29.05586769294817,1997 Dec,0.7327006432068934,1.0975181182764366
29.58623259367954,-14.121,123.5467277,1998-01-01,BRS07,Coral Core (NOAA),29.05586769294817,1998 Jan,0.5303649007313709,1.6278830190078075
29.549444276865785,-14.121,123.5467277,1998-02-01,BRS07,Coral Core (NOAA),29.05586769294817,1998 Feb,0.4935765839176156,2.121459602925423
29.604626752086403,-14.121,123.5467277,1998-03-01,BRS07,Coral Core (NOAA),29.05586769294817,1998 Mar,0.5487590591382343,2.6702186620636574
29.64141506890013,-14.121,123.5467277,1998-04-01,BRS07,Coral Core (NOAA),29.05586769294817,1998 Apr,0.5855473759519612,3.2557660380156186
29.089590316694085,-14.121,123.5467277,1998-05-01,BRS07,Coral Core (NOAA),29.05586769294817,1998 May,0.03372262374591628,3.289488661761535
NA,NA,NA,1998-06-01,BRS07,Coral Core (NOAA),NA,1998 Jun,0,NA
28.24345902997817,-14.121,123.5467277,1998-07-01,BRS07,Coral Core (NOAA),29.05586769294817,1998 Jul,-0.8124086629700003,0
27.930758337061405,-14.121,123.5467277,1998-08-01,BRS07,Coral Core (NOAA),29.05586769294817,1998 Aug,-1.1251093558867638,0
28.261853188385032,-14.121,123.5467277,1998-09-01,BRS07,Coral Core (NOAA),29.05586769294817,1998 Sep,-0.7940145045631368,0
29.328714375983395,-14.121,123.5467277,1998-10-01,BRS07,Coral Core (NOAA),29.05586769294817,1998 Oct,0.2728466830352261,0.2728466830352261
30.37718140517484,-14.121,123.5467277,1998-11-01,BRS07,Coral Core (NOAA),29.05586769294817,1998 Nov,1.3213137122266723,1.5941603952618983
29.917327445003167,-14.121,123.5467277,1998-12-01,BRS07,Coral Core (NOAA),29.05586769294817,1998 Dec,0.8614597520549978,2.455620147316896
29.58623259367954,-14.121,123.5467277,1999-01-01,BRS07,Coral Core (NOAA),29.05586769294817,1999 Jan,0.5303649007313709,2.985985048048267
29.40229100961085,-14.121,123.5467277,1999-02-01,BRS07,Coral Core (NOAA),29.05586769294817,1999 Feb,0.3464233166626798,3.332408364710947
29.420685168017712,-14.121,123.5467277,1999-03-01,BRS07,Coral Core (NOAA),29.05586769294817,1999 Mar,0.3648174750695432,3.69722583978049
29.144772791914676,-14.121,123.5467277,1999-04-01,BRS07,Coral Core (NOAA),29.05586769294817,1999 Apr,0.08890509896650656,3.7861309387469966
28.758495465370487,-14.121,123.5467277,1999-05-01,BRS07,Coral Core (NOAA),29.05586769294817,1999 May,-0.2973722275776822,0
28.317035663605623,-14.121,123.5467277,1999-06-01,BRS07,Coral Core (NOAA),29.05586769294817,1999 Jun,-0.7388320293425465,0
27.26856863441418,-14.121,123.5467277,1999-07-01,BRS07,Coral Core (NOAA),29.05586769294817,1999 Jul,-1.7872990585339892,0
26.643167248580653,-14.121,123.5467277,1999-08-01,BRS07,Coral Core (NOAA),29.05586769294817,1999 Aug,-2.412700444367516,0
27.047838733531737,-14.121,123.5467277,1999-09-01,BRS07,Coral Core (NOAA),29.05586769294817,1999 Sep,-2.008028959416432,0
NA,NA,NA,1999-10-01,BRS07,Coral Core (NOAA),NA,1999 Oct,0,NA
30.50594051402291,-14.121,123.5467277,1999-11-01,BRS07,Coral Core (NOAA),29.05586769294817,1999 Nov,1.4500728210747411,1.4500728210747411
29.917327445003167,-14.121,123.5467277,1999-12-01,BRS07,Coral Core (NOAA),29.05586769294817,1999 Dec,0.8614597520549978,2.311532573129739
NA,NA,NA,2000-01-01,BRS07,Coral Core (NOAA),NA,2000 Jan,0,NA
28.94243704943915,-14.121,123.5467277,2000-02-01,BRS07,Coral Core (NOAA),29.05586769294817,2000 Feb,-0.11343064350901955,0
28.59294803970866,-14.121,123.5467277,2000-03-01,BRS07,Coral Core (NOAA),29.05586769294817,2000 Mar,-0.4629196532395099,0
28.48258308926745,-14.121,123.5467277,2000-04-01,BRS07,Coral Core (NOAA),29.05586769294817,2000 Apr,-0.5732846036807189,0
28.37221813882624,-14.121,123.5467277,2000-05-01,BRS07,Coral Core (NOAA),29.05586769294817,2000 May,-0.6836495541219278,0
27.820393386620196,-14.121,123.5467277,2000-06-01,BRS07,Coral Core (NOAA),29.05586769294817,2000 Jun,-1.2354743063279727,0
NA,NA,NA,2000-07-01,BRS07,Coral Core (NOAA),NA,2000 Jul,0,NA
26.4408315061051,-14.121,123.5467277,2000-08-01,BRS07,Coral Core (NOAA),29.05586769294817,2000 Aug,-2.6150361868430707,0
28.37221813882624,-14.121,123.5467277,2000-09-01,BRS07,Coral Core (NOAA),29.05586769294817,2000 Sep,-0.6836495541219278,0
28.868860415811696,-14.121,123.5467277,2000-10-01,BRS07,Coral Core (NOAA),29.05586769294817,2000 Oct,-0.18700727713647325,0
29.034407841473495,-14.121,123.5467277,2000-11-01,BRS07,Coral Core (NOAA),29.05586769294817,2000 Nov,-0.021459851474673997,0
NA,NA,NA,2000-12-01,BRS07,Coral Core (NOAA),NA,2000 Dec,0,NA
28.29864150519876,-14.121,123.5467277,2001-01-01,BRS07,Coral Core (NOAA),29.05586769294817,2001 Jan,-0.75722618774941,0
NA,NA,NA,2001-02-01,BRS07,Coral Core (NOAA),NA,2001 Feb,0,NA
28.740101306963624,-14.121,123.5467277,2001-03-01,BRS07,Coral Core (NOAA),29.05586769294817,2001 Mar,-0.31576638598454565,0
28.979225366252905,-14.121,123.5467277,2001-04-01,BRS07,Coral Core (NOAA),29.05586769294817,2001 Apr,-0.07664232669526427,0
28.629736356522415,-14.121,123.5467277,2001-05-01,BRS07,Coral Core (NOAA),29.05586769294817,2001 May,-0.4261313364257546,0
27.72842259458585,-14.121,123.5467277,2001-06-01,BRS07,Coral Core (NOAA),29.05586769294817,2001 Jun,-1.3274450983623183,0
NA,NA,NA,2001-07-01,BRS07,Coral Core (NOAA),NA,2001 Jul,0,NA
27.32375110963477,-14.121,123.5467277,2001-08-01,BRS07,Coral Core (NOAA),29.05586769294817,2001 Aug,-1.732116583313399,0
28.004334970688888,-14.121,123.5467277,2001-09-01,BRS07,Coral Core (NOAA),29.05586769294817,2001 Sep,-1.0515327222592816,0
28.64813051492925,-14.121,123.5467277,2001-10-01,BRS07,Coral Core (NOAA),29.05586769294817,2001 Oct,-0.4077371780189196,0
29.439079326424576,-14.121,123.5467277,2001-11-01,BRS07,Coral Core (NOAA),29.05586769294817,2001 Nov,0.38321163347640663,0.38321163347640663
NA,NA,NA,2001-12-01,BRS07,Coral Core (NOAA),NA,2001 Dec,0,NA
29.770174177748203,-14.121,123.5467277,2002-01-01,BRS07,Coral Core (NOAA),29.05586769294817,2002 Jan,0.7143064848000336,0.7143064848000336
NA,NA,NA,2002-02-01,BRS07,Coral Core (NOAA),NA,2002 Feb,0,NA
29.53105011845892,-14.121,123.5467277,2002-03-01,BRS07,Coral Core (NOAA),29.05586769294817,2002 Mar,0.4751824255107522,0.4751824255107522
NA,NA,NA,2002-04-01,BRS07,Coral Core (NOAA),NA,2002 Apr,0,NA
NA,NA,NA,2002-05-01,BRS07,Coral Core (NOAA),NA,2002 May,0,NA
NA,NA,NA,2002-06-01,BRS07,Coral Core (NOAA),NA,2002 Jun,0,NA
26.735138040615,-14.121,123.5467277,2002-07-01,BRS07,Coral Core (NOAA),29.05586769294817,2002 Jul,-2.3207296523331706,0
26.827108832649316,-14.121,123.5467277,2002-08-01,BRS07,Coral Core (NOAA),29.05586769294817,2002 Aug,-2.2287588602988535,0
NA,NA,NA,2002-09-01,BRS07,Coral Core (NOAA),NA,2002 Sep,0,NA
29.163166950321568,-14.121,123.5467277,2002-10-01,BRS07,Coral Core (NOAA),29.05586769294817,2002 Oct,0.1072992573733984,0.1072992573733984
30.21163397951304,-14.121,123.5467277,2002-11-01,BRS07,Coral Core (NOAA),29.05586769294817,2002 Nov,1.1557662865648695,1.2630655439382679
30.726670414905357,-14.121,123.5467277,2002-12-01,BRS07,Coral Core (NOAA),29.05586769294817,2002 Dec,1.6708027219571875,2.9338682658954554
30.469152197209212,-14.121,123.5467277,2003-01-01,BRS07,Coral Core (NOAA),29.05586769294817,2003 Jan,1.4132845042610427,4.347152770156498
30.23002813791993,-14.121,123.5467277,2003-02-01,BRS07,Coral Core (NOAA),29.05586769294817,2003 Feb,1.1741604449717613,5.521313215128259
NA,NA,NA,2003-03-01,BRS07,Coral Core (NOAA),NA,2003 Mar,0,NA
29.659809227306994,-14.121,123.5467277,2003-04-01,BRS07,Coral Core (NOAA),29.05586769294817,2003 Apr,0.6039415343588246,0.6039415343588246
NA,NA,NA,2003-05-01,BRS07,Coral Core (NOAA),NA,2003 May,0,NA
28.022729129095723,-14.121,123.5467277,2003-06-01,BRS07,Coral Core (NOAA),29.05586769294817,2003 Jun,-1.0331385638524466,0
27.746816752992743,-14.121,123.5467277,2003-07-01,BRS07,Coral Core (NOAA),29.05586769294817,2003 Jul,-1.3090509399554264,0
27.32375110963477,-14.121,123.5467277,2003-08-01,BRS07,Coral Core (NOAA),29.05586769294817,2003 Aug,-1.732116583313399,0
27.61805764414467,-14.121,123.5467277,2003-09-01,BRS07,Coral Core (NOAA),29.05586769294817,2003 Sep,-1.4378100488034988,0
28.51937140608121,-14.121,123.5467277,2003-10-01,BRS07,Coral Core (NOAA),29.05586769294817,2003 Oct,-0.53649628686696,0
28.92404289103229,-14.121,123.5467277,2003-11-01,BRS07,Coral Core (NOAA),29.05586769294817,2003 Nov,-0.13182480191587942,0
30.413969721988593,-14.121,123.5467277,2003-12-01,BRS07,Coral Core (NOAA),29.05586769294817,2003 Dec,1.358102029040424,1.358102029040424
29.494261801645195,-14.121,123.5467277,2004-01-01,BRS07,Coral Core (NOAA),29.05586769294817,2004 Jan,0.43839410869702533,1.7964961377374493
28.574553881301796,-14.121,123.5467277,2004-02-01,BRS07,Coral Core (NOAA),29.05586769294817,2004 Feb,-0.4813138116463733,0
29.199955267135294,-14.121,123.5467277,2004-03-01,BRS07,Coral Core (NOAA),29.05586769294817,2004 Mar,0.14408757418712526,0.14408757418712526
29.82535665296882,-14.121,123.5467277,2004-04-01,BRS07,Coral Core (NOAA),29.05586769294817,2004 Apr,0.7694889600206523,0.9135765342077775
28.42740061404683,-14.121,123.5467277,2004-05-01,BRS07,Coral Core (NOAA),29.05586769294817,2004 May,-0.6284670789013376,0
27.801999228213333,-14.121,123.5467277,2004-06-01,BRS07,Coral Core (NOAA),29.05586769294817,2004 Jun,-1.2538684647348362,0
NA,NA,NA,2004-07-01,BRS07,Coral Core (NOAA),NA,2004 Jul,0,NA
27.103021208752352,-14.121,123.5467277,2004-08-01,BRS07,Coral Core (NOAA),29.05586769294817,2004 Aug,-1.9528464841958169,0
27.912364178654514,-14.121,123.5467277,2004-09-01,BRS07,Coral Core (NOAA),29.05586769294817,2004 Sep,-1.1435035142936556,0
28.94243704943915,-14.121,123.5467277,2004-10-01,BRS07,Coral Core (NOAA),29.05586769294817,2004 Oct,-0.11343064350901955,0
29.733385860934476,-14.121,123.5467277,2004-11-01,BRS07,Coral Core (NOAA),29.05586769294817,2004 Nov,0.6775181679863067,0.6775181679863067
30.119663187478693,-14.121,123.5467277,2004-12-01,BRS07,Coral Core (NOAA),29.05586769294817,2004 Dec,1.063795494530524,1.7413136625168306
29.18156110872843,-14.121,123.5467277,2005-01-01,BRS07,Coral Core (NOAA),29.05586769294817,2005 Jan,0.12569341578026183,1.8670070782970924
NA,NA,NA,2005-02-01,BRS07,Coral Core (NOAA),NA,2005 Feb,0,NA
29.678203385713857,-14.121,123.5467277,2005-03-01,BRS07,Coral Core (NOAA),29.05586769294817,2005 Mar,0.622335692765688,0.622335692765688
30.28521061314052,-14.121,123.5467277,2005-04-01,BRS07,Coral Core (NOAA),29.05586769294817,2005 Apr,1.2293429201923516,1.8516786129580396
29.678203385713857,-14.121,123.5467277,2005-05-01,BRS07,Coral Core (NOAA),29.05586769294817,2005 May,0.622335692765688,2.4740143057237276
28.758495465370487,-14.121,123.5467277,2005-06-01,BRS07,Coral Core (NOAA),29.05586769294817,2005 Jun,-0.2973722275776822,0
28.206670713164417,-14.121,123.5467277,2005-07-01,BRS07,Coral Core (NOAA),29.05586769294817,2005 Jul,-0.849196979783752,0
NA,NA,NA,2005-08-01,BRS07,Coral Core (NOAA),NA,2005 Aug,0,NA
27.691634277772124,-14.121,123.5467277,2005-09-01,BRS07,Coral Core (NOAA),29.05586769294817,2005 Sep,-1.3642334151760451,0
28.390612297233133,-14.121,123.5467277,2005-10-01,BRS07,Coral Core (NOAA),29.05586769294817,2005 Oct,-0.665255395715036,0
28.88725457421853,-14.121,123.5467277,2005-11-01,BRS07,Coral Core (NOAA),29.05586769294817,2005 Nov,-0.16861311872963824,0
29.64141506890013,-14.121,123.5467277,2005-12-01,BRS07,Coral Core (NOAA),29.05586769294817,2005 Dec,0.5855473759519612,0.5855473759519612
NA,NA,NA,2006-01-01,BRS07,Coral Core (NOAA),NA,2006 Jan,0,NA
NA,NA,NA,2006-02-01,BRS07,Coral Core (NOAA),NA,2006 Feb,0,NA
28.317035663605623,-14.121,123.5467277,2006-03-01,BRS07,Coral Core (NOAA),29.05586769294817,2006 Mar,-0.7388320293425465,0
28.629736356522415,-14.121,123.5467277,2006-04-01,BRS07,Coral Core (NOAA),29.05586769294817,2006 Apr,-0.4261313364257546,0
28.464188930860587,-14.121,123.5467277,2006-05-01,BRS07,Coral Core (NOAA),29.05586769294817,2006 May,-0.5916787620875823,0
28.004334970688888,-14.121,123.5467277,2006-06-01,BRS07,Coral Core (NOAA),29.05586769294817,2006 Jun,-1.0515327222592816,0
26.532802298139444,-14.121,123.5467277,2006-07-01,BRS07,Coral Core (NOAA),29.05586769294817,2006 Jul,-2.523065394808725,0
26.036160021154014,-14.121,123.5467277,2006-08-01,BRS07,Coral Core (NOAA),29.05586769294817,2006 Aug,-3.019707671794155,0
26.4408315061051,-14.121,123.5467277,2006-09-01,BRS07,Coral Core (NOAA),29.05586769294817,2006 Sep,-2.6150361868430707,0
27.967546653875132,-14.121,123.5467277,2006-10-01,BRS07,Coral Core (NOAA),29.05586769294817,2006 Oct,-1.088321039073037,0
29.80696249456196,-14.121,123.5467277,2006-11-01,BRS07,Coral Core (NOAA),29.05586769294817,2006 Nov,0.7510948016137924,0.7510948016137924
29.623020910493295,-14.121,123.5467277,2006-12-01,BRS07,Coral Core (NOAA),29.05586769294817,2006 Dec,0.5671532175451262,1.3182480191589185
29.64141506890013,-14.121,123.5467277,2007-01-01,BRS07,Coral Core (NOAA),29.05586769294817,2007 Jan,0.5855473759519612,1.9037953951108797
29.604626752086403,-14.121,123.5467277,2007-02-01,BRS07,Coral Core (NOAA),29.05586769294817,2007 Feb,0.5487590591382343,2.452554454249114
29.457473484831468,-14.121,123.5467277,2007-03-01,BRS07,Coral Core (NOAA),29.05586769294817,2007 Mar,0.4016057918832985,2.8541602461324125
29.29192605916964,-14.121,123.5467277,2007-04-01,BRS07,Coral Core (NOAA),29.05586769294817,2007 Apr,0.2360583662214708,3.0902186123538833
29.310320217576503,-14.121,123.5467277,2007-05-01,BRS07,Coral Core (NOAA),29.05586769294817,2007 May,0.25445252462833423,3.3446711369822175
28.317035663605623,-14.121,123.5467277,2007-06-01,BRS07,Coral Core (NOAA),29.05586769294817,2007 Jun,-0.7388320293425465,0
27.250174476007288,-14.121,123.5467277,2007-07-01,BRS07,Coral Core (NOAA),29.05586769294817,2007 Jul,-1.805693216940881,0
NA,NA,NA,2007-08-01,BRS07,Coral Core (NOAA),NA,2007 Aug,0,NA
27.397327743262252,-14.121,123.5467277,2007-09-01,BRS07,Coral Core (NOAA),29.05586769294817,2007 Sep,-1.6585399496859168,0
28.261853188385032,-14.121,123.5467277,2007-10-01,BRS07,Coral Core (NOAA),29.05586769294817,2007 Oct,-0.7940145045631368,0
29.512655960052054,-14.121,123.5467277,2007-11-01,BRS07,Coral Core (NOAA),29.05586769294817,2007 Nov,0.4567882671038852,0.4567882671038852
30.487546355616047,-14.121,123.5467277,2007-12-01,BRS07,Coral Core (NOAA),29.05586769294817,2007 Dec,1.4316786626678777,1.888466929771763
29.567838435272677,-14.121,123.5467277,2008-01-01,BRS07,Coral Core (NOAA),29.05586769294817,2008 Jan,0.5119707423245075,2.4004376720962703
28.59294803970866,-14.121,123.5467277,2008-02-01,BRS07,Coral Core (NOAA),29.05586769294817,2008 Feb,-0.4629196532395099,0
29.494261801645195,-14.121,123.5467277,2008-03-01,BRS07,Coral Core (NOAA),29.05586769294817,2008 Mar,0.43839410869702533,0.43839410869702533
30.39557556358173,-14.121,123.5467277,2008-04-01,BRS07,Coral Core (NOAA),29.05586769294817,2008 Apr,1.3397078706335606,1.778101979330586
29.310320217576503,-14.121,123.5467277,2008-05-01,BRS07,Coral Core (NOAA),29.05586769294817,2008 May,0.25445252462833423,2.03255450395892
27.930758337061405,-14.121,123.5467277,2008-06-01,BRS07,Coral Core (NOAA),29.05586769294817,2008 Jun,-1.1251093558867638,0
26.661561406987516,-14.121,123.5467277,2008-07-01,BRS07,Coral Core (NOAA),29.05586769294817,2008 Jul,-2.3943062859606528,0
26.62477309017379,-14.121,123.5467277,2008-08-01,BRS07,Coral Core (NOAA),29.05586769294817,2008 Aug,-2.4310946027743796,0
27.452510218482843,-14.121,123.5467277,2008-09-01,BRS07,Coral Core (NOAA),29.05586769294817,2008 Sep,-1.6033574744653265,0
28.42740061404683,-14.121,123.5467277,2008-10-01,BRS07,Coral Core (NOAA),29.05586769294817,2008 Oct,-0.6284670789013376,0
NA,NA,NA,2008-11-01,BRS07,Coral Core (NOAA),NA,2008 Nov,0,NA
29.954115761816897,-14.121,123.5467277,2008-12-01,BRS07,Coral Core (NOAA),29.05586769294817,2008 Dec,0.8982480688687282,0.8982480688687282
29.255137742355885,-14.121,123.5467277,2009-01-01,BRS07,Coral Core (NOAA),29.05586769294817,2009 Jan,0.19927004940771553,1.0975181182764437
NA,NA,NA,2009-02-01,BRS07,Coral Core (NOAA),NA,2009 Feb,0,NA
29.69659754412075,-14.121,123.5467277,2009-03-01,BRS07,Coral Core (NOAA),29.05586769294817,2009 Mar,0.6407298511725799,0.6407298511725799
30.23002813791993,-14.121,123.5467277,2009-04-01,BRS07,Coral Core (NOAA),29.05586769294817,2009 Apr,1.1741604449717613,1.8148902961443412
29.843750811375685,-14.121,123.5467277,2009-05-01,BRS07,Coral Core (NOAA),29.05586769294817,2009 May,0.7878831184275157,2.602773414571857
29.12637863350784,-14.121,123.5467277,2009-06-01,BRS07,Coral Core (NOAA),29.05586769294817,2009 Jun,0.07051094055967155,2.6732843551315284
28.24345902997817,-14.121,123.5467277,2009-07-01,BRS07,Coral Core (NOAA),29.05586769294817,2009 Jul,-0.8124086629700003,0
NA,NA,NA,2009-08-01,BRS07,Coral Core (NOAA),NA,2009 Aug,0,NA
27.76521091139961,-14.121,123.5467277,2009-09-01,BRS07,Coral Core (NOAA),29.05586769294817,2009 Sep,-1.2906567815485595,0
28.51937140608121,-14.121,123.5467277,2009-10-01,BRS07,Coral Core (NOAA),29.05586769294817,2009 Oct,-0.53649628686696,0
29.898933286596275,-14.121,123.5467277,2009-11-01,BRS07,Coral Core (NOAA),29.05586769294817,2009 Nov,0.843065593648106,0.843065593648106
29.512655960052054,-14.121,123.5467277,2009-12-01,BRS07,Coral Core (NOAA),29.05586769294817,2009 Dec,0.4567882671038852,1.2998538607519912
29.034407841473495,-14.121,123.5467277,2010-01-01,BRS07,Coral Core (NOAA),29.05586769294817,2010 Jan,-0.021459851474673997,0
29.567838435272677,-14.121,123.5467277,2010-02-01,BRS07,Coral Core (NOAA),29.05586769294817,2010 Feb,0.5119707423245075,0.5119707423245075
30.174845662699312,-14.121,123.5467277,2010-03-01,BRS07,Coral Core (NOAA),29.05586769294817,2010 Mar,1.1189779697511426,1.63094871207565
29.788568336155063,-14.121,123.5467277,2010-04-01,BRS07,Coral Core (NOAA),29.05586769294817,2010 Apr,0.7327006432068934,2.3636493552825435
28.83207209899794,-14.121,123.5467277,2010-05-01,BRS07,Coral Core (NOAA),29.05586769294817,2010 May,-0.22379559395022852,0
28.05951744590948,-14.121,123.5467277,2010-06-01,BRS07,Coral Core (NOAA),29.05586769294817,2010 Jun,-0.9963502470386878,0
27.65484596095837,-14.121,123.5467277,2010-07-01,BRS07,Coral Core (NOAA),29.05586769294817,2010 Jul,-1.4010217319898004,0
28.169882396350687,-14.121,123.5467277,2010-08-01,BRS07,Coral Core (NOAA),29.05586769294817,2010 Aug,-0.8859852965974824,0
29.034407841473495,-14.121,123.5467277,2010-09-01,BRS07,Coral Core (NOAA),29.05586769294817,2010 Sep,-0.021459851474673997,0
29.144772791914676,-14.121,123.5467277,2010-10-01,BRS07,Coral Core (NOAA),29.05586769294817,2010 Oct,0.08890509896650656,0.08890509896650656
29.457473484831468,-14.121,123.5467277,2010-11-01,BRS07,Coral Core (NOAA),29.05586769294817,2010 Nov,0.4016057918832985,0.49051089084980504
NA,NA,NA,2010-12-01,BRS07,Coral Core (NOAA),NA,2010 Dec,0,NA
29.12637863350784,-14.121,123.5467277,2011-01-01,BRS07,Coral Core (NOAA),29.05586769294817,2011 Jan,0.07051094055967155,0.07051094055967155
28.151488237943852,-14.121,123.5467277,2011-02-01,BRS07,Coral Core (NOAA),29.05586769294817,2011 Feb,-0.9043794550043174,0
27.746816752992743,-14.121,123.5467277,2011-03-01,BRS07,Coral Core (NOAA),29.05586769294817,2011 Mar,-1.3090509399554264,0
28.48258308926745,-14.121,123.5467277,2011-04-01,BRS07,Coral Core (NOAA),29.05586769294817,2011 Apr,-0.5732846036807189,0
NA,NA,NA,2011-05-01,BRS07,Coral Core (NOAA),NA,2011 May,0,NA
27.286962792821015,-14.121,123.5467277,2011-06-01,BRS07,Coral Core (NOAA),29.05586769294817,2011 Jun,-1.7689049001271542,0
26.67995556539438,-14.121,123.5467277,2011-07-01,BRS07,Coral Core (NOAA),29.05586769294817,2011 Jul,-2.3759121275537893,0
26.56959061495317,-14.121,123.5467277,2011-08-01,BRS07,Coral Core (NOAA),29.05586769294817,2011 Aug,-2.4862770779949983,0
