sst_monthly,Latitude,Longitude,monthly_date,Reef_Site,Data_Type,mmm_from_sst,date,anomaly,SCOTTNR1_DHM
29.408076923076923,-13.9851,121.8769,1985-01-01,SCOTTNR1,NOAA,29.723873313712133,1985-Jan,-0.31579639063521014,0
29.558214285714286,-13.9851,121.8769,1985-02-01,SCOTTNR1,NOAA,29.723873313712133,1985-Feb,-0.16565902799784737,0
28.96548387096774,-13.9851,121.8769,1985-03-01,SCOTTNR1,NOAA,29.723873313712133,1985-Mar,-0.7583894427443916,0
29.599,-13.9851,121.8769,1985-04-01,SCOTTNR1,NOAA,29.723873313712133,1985-Apr,-0.12487331371213273,0
29.593548387096774,-13.9851,121.8769,1985-05-01,SCOTTNR1,NOAA,29.723873313712133,1985-May,-0.13032492661535855,0
28.218,-13.9851,121.8769,1985-06-01,SCOTTNR1,NOAA,29.723873313712133,1985-Jun,-1.505873313712133,0
26.593225806451613,-13.9851,121.8769,1985-07-01,SCOTTNR1,NOAA,29.723873313712133,1985-Jul,-3.1306475072605195,0
25.920645161290324,-13.9851,121.8769,1985-08-01,SCOTTNR1,NOAA,29.723873313712133,1985-Aug,-3.8032281524218092,0
27.178666666666665,-13.9851,121.8769,1985-09-01,SCOTTNR1,NOAA,29.723873313712133,1985-Sep,-2.545206647045468,0
27.900645161290324,-13.9851,121.8769,1985-10-01,SCOTTNR1,NOAA,29.723873313712133,1985-Oct,-1.8232281524218088,0
28.718333333333334,-13.9851,121.8769,1985-11-01,SCOTTNR1,NOAA,29.723873313712133,1985-Nov,-1.0055399803787992,0
28.83774193548387,-13.9851,121.8769,1985-12-01,SCOTTNR1,NOAA,29.723873313712133,1985-Dec,-0.8861313782282636,0
30.06806451612903,-13.9851,121.8769,1986-01-01,SCOTTNR1,NOAA,29.723873313712133,1986-Jan,0.3441912024168978,0.3441912024168978
29.76142857142857,-13.9851,121.8769,1986-02-01,SCOTTNR1,NOAA,29.723873313712133,1986-Feb,0.03755525771643775,0.3817464601333356
30.016129032258064,-13.9851,121.8769,1986-03-01,SCOTTNR1,NOAA,29.723873313712133,1986-Mar,0.29225571854593113,0.6740021786792667
30.263333333333332,-13.9851,121.8769,1986-04-01,SCOTTNR1,NOAA,29.723873313712133,1986-Apr,0.5394600196211989,1.2134621983004656
29.403548387096773,-13.9851,121.8769,1986-05-01,SCOTTNR1,NOAA,29.723873313712133,1986-May,-0.32032492661535983,0
27.548333333333332,-13.9851,121.8769,1986-06-01,SCOTTNR1,NOAA,29.723873313712133,1986-Jun,-2.175539980378801,0
26.711290322580645,-13.9851,121.8769,1986-07-01,SCOTTNR1,NOAA,29.723873313712133,1986-Jul,-3.012582991131488,0
25.585806451612903,-13.9851,121.8769,1986-08-01,SCOTTNR1,NOAA,29.723873313712133,1986-Aug,-4.13806686209923,0
26.996,-13.9851,121.8769,1986-09-01,SCOTTNR1,NOAA,29.723873313712133,1986-Sep,-2.7278733137121343,0
27.136129032258065,-13.9851,121.8769,1986-10-01,SCOTTNR1,NOAA,29.723873313712133,1986-Oct,-2.587744281454068,0
28.956,-13.9851,121.8769,1986-11-01,SCOTTNR1,NOAA,29.723873313712133,1986-Nov,-0.7678733137121334,0
29.573870967741936,-13.9851,121.8769,1986-12-01,SCOTTNR1,NOAA,29.723873313712133,1986-Dec,-0.15000234597019713,0
30.00774193548387,-13.9851,121.8769,1987-01-01,SCOTTNR1,NOAA,29.723873313712133,1987-Jan,0.2838686217717381,0.2838686217717381
28.05142857142857,-13.9851,121.8769,1987-02-01,SCOTTNR1,NOAA,29.723873313712133,1987-Feb,-1.672444742283563,0
29.11258064516129,-13.9851,121.8769,1987-03-01,SCOTTNR1,NOAA,29.723873313712133,1987-Mar,-0.611292668550842,0
28.923000000000002,-13.9851,121.8769,1987-04-01,SCOTTNR1,NOAA,29.723873313712133,1987-Apr,-0.8008733137121311,0
28.67516129032258,-13.9851,121.8769,1987-05-01,SCOTTNR1,NOAA,29.723873313712133,1987-May,-1.0487120233895517,0
28.206666666666667,-13.9851,121.8769,1987-06-01,SCOTTNR1,NOAA,29.723873313712133,1987-Jun,-1.517206647045466,0
26.870645161290323,-13.9851,121.8769,1987-07-01,SCOTTNR1,NOAA,29.723873313712133,1987-Jul,-2.85322815242181,0
26.190322580645162,-13.9851,121.8769,1987-08-01,SCOTTNR1,NOAA,29.723873313712133,1987-Aug,-3.5335507330669707,0
26.514,-13.9851,121.8769,1987-09-01,SCOTTNR1,NOAA,29.723873313712133,1987-Sep,-3.2098733137121336,0
27.06741935483871,-13.9851,121.8769,1987-10-01,SCOTTNR1,NOAA,29.723873313712133,1987-Oct,-2.656453958873424,0
28.659333333333333,-13.9851,121.8769,1987-11-01,SCOTTNR1,NOAA,29.723873313712133,1987-Nov,-1.0645399803788003,0
28.81483870967742,-13.9851,121.8769,1987-12-01,SCOTTNR1,NOAA,29.723873313712133,1987-Dec,-0.9090346040347121,0
29.49741935483871,-13.9851,121.8769,1988-01-01,SCOTTNR1,NOAA,29.723873313712133,1988-Jan,-0.22645395887342445,0
29.715862068965517,-13.9851,121.8769,1988-02-01,SCOTTNR1,NOAA,29.723873313712133,1988-Feb,-0.008011244746615631,0
30.67225806451613,-13.9851,121.8769,1988-03-01,SCOTTNR1,NOAA,29.723873313712133,1988-Mar,0.9483847508039958,0.9483847508039958
29.533333333333335,-13.9851,121.8769,1988-04-01,SCOTTNR1,NOAA,29.723873313712133,1988-Apr,-0.19053998037879794,0
29.76516129032258,-13.9851,121.8769,1988-05-01,SCOTTNR1,NOAA,29.723873313712133,1988-May,0.04128797661044814,0.04128797661044814
28.129666666666665,-13.9851,121.8769,1988-06-01,SCOTTNR1,NOAA,29.723873313712133,1988-Jun,-1.5942066470454677,0
26.988709677419354,-13.9851,121.8769,1988-07-01,SCOTTNR1,NOAA,29.723873313712133,1988-Jul,-2.7351636362927785,0
26.880967741935482,-13.9851,121.8769,1988-08-01,SCOTTNR1,NOAA,29.723873313712133,1988-Aug,-2.842905571776651,0
26.988,-13.9851,121.8769,1988-09-01,SCOTTNR1,NOAA,29.723873313712133,1988-Sep,-2.7358733137121334,0
29.5958064516129,-13.9851,121.8769,1988-10-01,SCOTTNR1,NOAA,29.723873313712133,1988-Oct,-0.12806686209923157,0
29.642666666666667,-13.9851,121.8769,1988-11-01,SCOTTNR1,NOAA,29.723873313712133,1988-Nov,-0.081206647045465985,0
28.684838709677418,-13.9851,121.8769,1988-12-01,SCOTTNR1,NOAA,29.723873313712133,1988-Dec,-1.0390346040347147,0
30.177419354838708,-13.9851,121.8769,1989-01-01,SCOTTNR1,NOAA,29.723873313712133,1989-Jan,0.45354604112657526,0.45354604112657526
30.27,-13.9851,121.8769,1989-02-01,SCOTTNR1,NOAA,29.723873313712133,1989-Feb,0.5461266862878666,0.9996727274144419
28.77193548387097,-13.9851,121.8769,1989-03-01,SCOTTNR1,NOAA,29.723873313712133,1989-Mar,-0.9519378298411638,0
29.605,-13.9851,121.8769,1989-04-01,SCOTTNR1,NOAA,29.723873313712133,1989-Apr,-0.1188733137121325,0
28.68032258064516,-13.9851,121.8769,1989-05-01,SCOTTNR1,NOAA,29.723873313712133,1989-May,-1.0435507330669722,0
28.156666666666666,-13.9851,121.8769,1989-06-01,SCOTTNR1,NOAA,29.723873313712133,1989-Jun,-1.5672066470454666,0
26.844193548387096,-13.9851,121.8769,1989-07-01,SCOTTNR1,NOAA,29.723873313712133,1989-Jul,-2.8796797653250366,0
26.704516129032257,-13.9851,121.8769,1989-08-01,SCOTTNR1,NOAA,29.723873313712133,1989-Aug,-3.019357184679876,0
27.461666666666666,-13.9851,121.8769,1989-09-01,SCOTTNR1,NOAA,29.723873313712133,1989-Sep,-2.262206647045467,0
28.72806451612903,-13.9851,121.8769,1989-10-01,SCOTTNR1,NOAA,29.723873313712133,1989-Oct,-0.995808797583102,0
29.205000000000002,-13.9851,121.8769,1989-11-01,SCOTTNR1,NOAA,29.723873313712133,1989-Nov,-0.5188733137121311,0
29.411290322580644,-13.9851,121.8769,1989-12-01,SCOTTNR1,NOAA,29.723873313712133,1989-Dec,-0.3125829911314888,0
29.549032258064518,-13.9851,121.8769,1990-01-01,SCOTTNR1,NOAA,29.723873313712133,1990-Jan,-0.1748410556476152,0
29.725714285714286,-13.9851,121.8769,1990-02-01,SCOTTNR1,NOAA,29.723873313712133,1990-Feb,0.0018409720021530518,0.0018409720021530518
29.840645161290322,-13.9851,121.8769,1990-03-01,SCOTTNR1,NOAA,29.723873313712133,1990-Mar,0.11677184757818893,0.11861281958034198
30.475,-13.9851,121.8769,1990-04-01,SCOTTNR1,NOAA,29.723873313712133,1990-Apr,0.7511266862878685,0.8697395058682105
29.055806451612902,-13.9851,121.8769,1990-05-01,SCOTTNR1,NOAA,29.723873313712133,1990-May,-0.6680668620992307,0
27.581666666666667,-13.9851,121.8769,1990-06-01,SCOTTNR1,NOAA,29.723873313712133,1990-Jun,-2.142206647045466,0
26.81225806451613,-13.9851,121.8769,1990-07-01,SCOTTNR1,NOAA,29.723873313712133,1990-Jul,-2.9116152491960037,0
26.701290322580643,-13.9851,121.8769,1990-08-01,SCOTTNR1,NOAA,29.723873313712133,1990-Aug,-3.0225829911314896,0
27.444333333333333,-13.9851,121.8769,1990-09-01,SCOTTNR1,NOAA,29.723873313712133,1990-Sep,-2.2795399803788,0
28.541290322580647,-13.9851,121.8769,1990-10-01,SCOTTNR1,NOAA,29.723873313712133,1990-Oct,-1.1825829911314862,0
31.400333333333332,-13.9851,121.8769,1990-11-01,SCOTTNR1,NOAA,29.723873313712133,1990-Nov,1.6764600196211994,1.6764600196211994
30.15451612903226,-13.9851,121.8769,1990-12-01,SCOTTNR1,NOAA,29.723873313712133,1990-Dec,0.4306428153201267,2.107102834941326
29.94483870967742,-13.9851,121.8769,1991-01-01,SCOTTNR1,NOAA,29.723873313712133,1991-Jan,0.22096539596528686,2.328068230906613
28.22142857142857,-13.9851,121.8769,1991-02-01,SCOTTNR1,NOAA,29.723873313712133,1991-Feb,-1.5024447422835614,0
29.48709677419355,-13.9851,121.8769,1991-03-01,SCOTTNR1,NOAA,29.723873313712133,1991-Mar,-0.23677653951858346,0
28.98,-13.9851,121.8769,1991-04-01,SCOTTNR1,NOAA,29.723873313712133,1991-Apr,-0.7438733137121325,0
27.936451612903227,-13.9851,121.8769,1991-05-01,SCOTTNR1,NOAA,29.723873313712133,1991-May,-1.7874217008089062,0
27.747333333333334,-13.9851,121.8769,1991-06-01,SCOTTNR1,NOAA,29.723873313712133,1991-Jun,-1.9765399803787993,0
26.482903225806453,-13.9851,121.8769,1991-07-01,SCOTTNR1,NOAA,29.723873313712133,1991-Jul,-3.24097008790568,0
26.256774193548388,-13.9851,121.8769,1991-08-01,SCOTTNR1,NOAA,29.723873313712133,1991-Aug,-3.467099120163745,0
26.579666666666668,-13.9851,121.8769,1991-09-01,SCOTTNR1,NOAA,29.723873313712133,1991-Sep,-3.144206647045465,0
28.118709677419353,-13.9851,121.8769,1991-10-01,SCOTTNR1,NOAA,29.723873313712133,1991-Oct,-1.6051636362927795,0
28.466333333333335,-13.9851,121.8769,1991-11-01,SCOTTNR1,NOAA,29.723873313712133,1991-Nov,-1.257539980378798,0
29.104193548387098,-13.9851,121.8769,1991-12-01,SCOTTNR1,NOAA,29.723873313712133,1991-Dec,-0.619679765325035,0
29.612903225806452,-13.9851,121.8769,1992-01-01,SCOTTNR1,NOAA,29.723873313712133,1992-Jan,-0.11097008790568097,0
30.08103448275862,-13.9851,121.8769,1992-02-01,SCOTTNR1,NOAA,29.723873313712133,1992-Feb,0.3571611690464884,0.3571611690464884
30.500967741935483,-13.9851,121.8769,1992-03-01,SCOTTNR1,NOAA,29.723873313712133,1992-Mar,0.7770944282233501,1.1342555972698385
30.671666666666667,-13.9851,121.8769,1992-04-01,SCOTTNR1,NOAA,29.723873313712133,1992-Apr,0.9477933529545339,2.0820489502243724
30.053225806451614,-13.9851,121.8769,1992-05-01,SCOTTNR1,NOAA,29.723873313712133,1992-May,0.3293524927394813,2.4114014429638537
28.214,-13.9851,121.8769,1992-06-01,SCOTTNR1,NOAA,29.723873313712133,1992-Jun,-1.5098733137121343,0
27.124193548387098,-13.9851,121.8769,1992-07-01,SCOTTNR1,NOAA,29.723873313712133,1992-Jul,-2.5996797653250354,0
26.590645161290322,-13.9851,121.8769,1992-08-01,SCOTTNR1,NOAA,29.723873313712133,1992-Aug,-3.133228152421811,0
26.97833333333333,-13.9851,121.8769,1992-09-01,SCOTTNR1,NOAA,29.723873313712133,1992-Sep,-2.745539980378801,0
28.355806451612903,-13.9851,121.8769,1992-10-01,SCOTTNR1,NOAA,29.723873313712133,1992-Oct,-1.36806686209923,0
29.544333333333334,-13.9851,121.8769,1992-11-01,SCOTTNR1,NOAA,29.723873313712133,1992-Nov,-0.1795399803787987,0
29.083225806451612,-13.9851,121.8769,1992-12-01,SCOTTNR1,NOAA,29.723873313712133,1992-Dec,-0.6406475072605211,0
29.359354838709677,-13.9851,121.8769,1993-01-01,SCOTTNR1,NOAA,29.723873313712133,1993-Jan,-0.3645184750024555,0
28.059285714285714,-13.9851,121.8769,1993-02-01,SCOTTNR1,NOAA,29.723873313712133,1993-Feb,-1.6645875994264188,0
29.364516129032257,-13.9851,121.8769,1993-03-01,SCOTTNR1,NOAA,29.723873313712133,1993-Mar,-0.359357184679876,0
29.445,-13.9851,121.8769,1993-04-01,SCOTTNR1,NOAA,29.723873313712133,1993-Apr,-0.27887331371213264,0
28.71741935483871,-13.9851,121.8769,1993-05-01,SCOTTNR1,NOAA,29.723873313712133,1993-May,-1.006453958873422,0
27.498666666666665,-13.9851,121.8769,1993-06-01,SCOTTNR1,NOAA,29.723873313712133,1993-Jun,-2.225206647045468,0
26.49741935483871,-13.9851,121.8769,1993-07-01,SCOTTNR1,NOAA,29.723873313712133,1993-Jul,-3.2264539588734245,0
26.37741935483871,-13.9851,121.8769,1993-08-01,SCOTTNR1,NOAA,29.723873313712133,1993-Aug,-3.346453958873422,0
26.890666666666668,-13.9851,121.8769,1993-09-01,SCOTTNR1,NOAA,29.723873313712133,1993-Sep,-2.833206647045465,0
27.872258064516128,-13.9851,121.8769,1993-10-01,SCOTTNR1,NOAA,29.723873313712133,1993-Oct,-1.851615249196005,0
28.899333333333335,-13.9851,121.8769,1993-11-01,SCOTTNR1,NOAA,29.723873313712133,1993-Nov,-0.8245399803787983,0
29.76322580645161,-13.9851,121.8769,1993-12-01,SCOTTNR1,NOAA,29.723873313712133,1993-Dec,0.039352492739478606,0.039352492739478606
30.14548387096774,-13.9851,121.8769,1994-01-01,SCOTTNR1,NOAA,29.723873313712133,1994-Jan,0.42161055725560814,0.46096304999508675
30.415714285714287,-13.9851,121.8769,1994-02-01,SCOTTNR1,NOAA,29.723873313712133,1994-Feb,0.6918409720021543,1.152804021997241
29.301612903225806,-13.9851,121.8769,1994-03-01,SCOTTNR1,NOAA,29.723873313712133,1994-Mar,-0.42226041048632723,0
29.170666666666666,-13.9851,121.8769,1994-04-01,SCOTTNR1,NOAA,29.723873313712133,1994-Apr,-0.5532066470454673,0
28.18548387096774,-13.9851,121.8769,1994-05-01,SCOTTNR1,NOAA,29.723873313712133,1994-May,-1.5383894427443927,0
27.336333333333332,-13.9851,121.8769,1994-06-01,SCOTTNR1,NOAA,29.723873313712133,1994-Jun,-2.3875399803788007,0
26.035806451612903,-13.9851,121.8769,1994-07-01,SCOTTNR1,NOAA,29.723873313712133,1994-Jul,-3.6880668620992303,0
25.32548387096774,-13.9851,121.8769,1994-08-01,SCOTTNR1,NOAA,29.723873313712133,1994-Aug,-4.398389442744392,0
26.798333333333332,-13.9851,121.8769,1994-09-01,SCOTTNR1,NOAA,29.723873313712133,1994-Sep,-2.925539980378801,0
27.786129032258064,-13.9851,121.8769,1994-10-01,SCOTTNR1,NOAA,29.723873313712133,1994-Oct,-1.9377442814540693,0
29.34133333333333,-13.9851,121.8769,1994-11-01,SCOTTNR1,NOAA,29.723873313712133,1994-Nov,-0.38253998037880166,0
30.27709677419355,-13.9851,121.8769,1994-12-01,SCOTTNR1,NOAA,29.723873313712133,1994-Dec,0.5532234604814157,0.5532234604814157
29.73032258064516,-13.9851,121.8769,1995-01-01,SCOTTNR1,NOAA,29.723873313712133,1995-Jan,0.006449266933028497,0.5596727274144442
29.275714285714287,-13.9851,121.8769,1995-02-01,SCOTTNR1,NOAA,29.723873313712133,1995-Feb,-0.44815902799784624,0
29.126129032258063,-13.9851,121.8769,1995-03-01,SCOTTNR1,NOAA,29.723873313712133,1995-Mar,-0.5977442814540694,0
29.826999999999998,-13.9851,121.8769,1995-04-01,SCOTTNR1,NOAA,29.723873313712133,1995-Apr,0.10312668628786525,0.10312668628786525
29.089032258064517,-13.9851,121.8769,1995-05-01,SCOTTNR1,NOAA,29.723873313712133,1995-May,-0.6348410556476161,0
27.206,-13.9851,121.8769,1995-06-01,SCOTTNR1,NOAA,29.723873313712133,1995-Jun,-2.5178733137121334,0
26.04967741935484,-13.9851,121.8769,1995-07-01,SCOTTNR1,NOAA,29.723873313712133,1995-Jul,-3.674195894357293,0
25.84032258064516,-13.9851,121.8769,1995-08-01,SCOTTNR1,NOAA,29.723873313712133,1995-Aug,-3.883550733066972,0
27.14,-13.9851,121.8769,1995-09-01,SCOTTNR1,NOAA,29.723873313712133,1995-Sep,-2.5838733137121324,0
27.905483870967743,-13.9851,121.8769,1995-10-01,SCOTTNR1,NOAA,29.723873313712133,1995-Oct,-1.8183894427443903,0
29.397,-13.9851,121.8769,1995-11-01,SCOTTNR1,NOAA,29.723873313712133,1995-Nov,-0.32687331371213446,0
28.786451612903225,-13.9851,121.8769,1995-12-01,SCOTTNR1,NOAA,29.723873313712133,1995-Dec,-0.9374217008089083,0
29.123548387096776,-13.9851,121.8769,1996-01-01,SCOTTNR1,NOAA,29.723873313712133,1996-Jan,-0.6003249266153574,0
29.503793103448277,-13.9851,121.8769,1996-02-01,SCOTTNR1,NOAA,29.723873313712133,1996-Feb,-0.2200802102638555,0
29.228709677419353,-13.9851,121.8769,1996-03-01,SCOTTNR1,NOAA,29.723873313712133,1996-Mar,-0.49516363629278004,0
29.319666666666667,-13.9851,121.8769,1996-04-01,SCOTTNR1,NOAA,29.723873313712133,1996-Apr,-0.4042066470454664,0
28.601612903225806,-13.9851,121.8769,1996-05-01,SCOTTNR1,NOAA,29.723873313712133,1996-May,-1.1222604104863265,0
27.682666666666666,-13.9851,121.8769,1996-06-01,SCOTTNR1,NOAA,29.723873313712133,1996-Jun,-2.041206647045467,0
27.024838709677418,-13.9851,121.8769,1996-07-01,SCOTTNR1,NOAA,29.723873313712133,1996-Jul,-2.699034604034715,0
26.811290322580646,-13.9851,121.8769,1996-08-01,SCOTTNR1,NOAA,29.723873313712133,1996-Aug,-2.9125829911314867,0
27.363666666666667,-13.9851,121.8769,1996-09-01,SCOTTNR1,NOAA,29.723873313712133,1996-Sep,-2.360206647045466,0
28.63032258064516,-13.9851,121.8769,1996-10-01,SCOTTNR1,NOAA,29.723873313712133,1996-Oct,-1.093550733066973,0
29.783,-13.9851,121.8769,1996-11-01,SCOTTNR1,NOAA,29.723873313712133,1996-Nov,0.059126686287868324,0.059126686287868324
29.41258064516129,-13.9851,121.8769,1996-12-01,SCOTTNR1,NOAA,29.723873313712133,1996-Dec,-0.31129266855084126,0
28.763870967741937,-13.9851,121.8769,1997-01-01,SCOTTNR1,NOAA,29.723873313712133,1997-Jan,-0.9600023459701958,0
28.450357142857143,-13.9851,121.8769,1997-02-01,SCOTTNR1,NOAA,29.723873313712133,1997-Feb,-1.2735161708549896,0
29.056129032258063,-13.9851,121.8769,1997-03-01,SCOTTNR1,NOAA,29.723873313712133,1997-Mar,-0.6677442814540697,0
29.799,-13.9851,121.8769,1997-04-01,SCOTTNR1,NOAA,29.723873313712133,1997-Apr,0.07512668628786656,0.07512668628786656
28.761290322580646,-13.9851,121.8769,1997-05-01,SCOTTNR1,NOAA,29.723873313712133,1997-May,-0.9625829911314874,0
27.759333333333334,-13.9851,121.8769,1997-06-01,SCOTTNR1,NOAA,29.723873313712133,1997-Jun,-1.9645399803787988,0
26.376129032258063,-13.9851,121.8769,1997-07-01,SCOTTNR1,NOAA,29.723873313712133,1997-Jul,-3.3477442814540694,0
26.219032258064516,-13.9851,121.8769,1997-08-01,SCOTTNR1,NOAA,29.723873313712133,1997-Aug,-3.504841055647617,0
26.690666666666665,-13.9851,121.8769,1997-09-01,SCOTTNR1,NOAA,29.723873313712133,1997-Sep,-3.0332066470454677,0
27.879354838709677,-13.9851,121.8769,1997-10-01,SCOTTNR1,NOAA,29.723873313712133,1997-Oct,-1.844518475002456,0
29.146,-13.9851,121.8769,1997-11-01,SCOTTNR1,NOAA,29.723873313712133,1997-Nov,-0.5778733137121321,0
30.153225806451612,-13.9851,121.8769,1997-12-01,SCOTTNR1,NOAA,29.723873313712133,1997-Dec,0.4293524927394792,0.4293524927394792
29.41032258064516,-13.9851,121.8769,1998-01-01,SCOTTNR1,NOAA,29.723873313712133,1998-Jan,-0.3135507330669718,0
29.938928571428573,-13.9851,121.8769,1998-02-01,SCOTTNR1,NOAA,29.723873313712133,1998-Feb,0.21505525771643974,0.21505525771643974
30.921935483870968,-13.9851,121.8769,1998-03-01,SCOTTNR1,NOAA,29.723873313712133,1998-Mar,1.1980621701588348,1.4131174278752745
30.872,-13.9851,121.8769,1998-04-01,SCOTTNR1,NOAA,29.723873313712133,1998-Apr,1.148126686287867,2.5612441141631415
29.615483870967743,-13.9851,121.8769,1998-05-01,SCOTTNR1,NOAA,29.723873313712133,1998-May,-0.10838944274438944,0
28.505333333333333,-13.9851,121.8769,1998-06-01,SCOTTNR1,NOAA,29.723873313712133,1998-Jun,-1.2185399803788002,0
27.66483870967742,-13.9851,121.8769,1998-07-01,SCOTTNR1,NOAA,29.723873313712133,1998-Jul,-2.0590346040347143,0
27.733870967741936,-13.9851,121.8769,1998-08-01,SCOTTNR1,NOAA,29.723873313712133,1998-Aug,-1.990002345970197,0
28.132666666666665,-13.9851,121.8769,1998-09-01,SCOTTNR1,NOAA,29.723873313712133,1998-Sep,-1.5912066470454675,0
29.351290322580645,-13.9851,121.8769,1998-10-01,SCOTTNR1,NOAA,29.723873313712133,1998-Oct,-0.3725829911314875,0
30.102666666666668,-13.9851,121.8769,1998-11-01,SCOTTNR1,NOAA,29.723873313712133,1998-Nov,0.37879335295453487,0.37879335295453487
29.419032258064515,-13.9851,121.8769,1998-12-01,SCOTTNR1,NOAA,29.723873313712133,1998-Dec,-0.30484105564761776,0
29.831612903225807,-13.9851,121.8769,1999-01-01,SCOTTNR1,NOAA,29.723873313712133,1999-Jan,0.1077395895136739,0.1077395895136739
29.263214285714287,-13.9851,121.8769,1999-02-01,SCOTTNR1,NOAA,29.723873313712133,1999-Feb,-0.4606590279978455,0
29.291612903225808,-13.9851,121.8769,1999-03-01,SCOTTNR1,NOAA,29.723873313712133,1999-Mar,-0.43226041048632524,0
29.227333333333334,-13.9851,121.8769,1999-04-01,SCOTTNR1,NOAA,29.723873313712133,1999-Apr,-0.4965399803787989,0
28.45258064516129,-13.9851,121.8769,1999-05-01,SCOTTNR1,NOAA,29.723873313712133,1999-May,-1.271292668550842,0
27.985,-13.9851,121.8769,1999-06-01,SCOTTNR1,NOAA,29.723873313712133,1999-Jun,-1.7388733137121335,0
26.920645161290324,-13.9851,121.8769,1999-07-01,SCOTTNR1,NOAA,29.723873313712133,1999-Jul,-2.8032281524218092,0
26.49451612903226,-13.9851,121.8769,1999-08-01,SCOTTNR1,NOAA,29.723873313712133,1999-Aug,-3.2293571846798734,0
27.504666666666665,-13.9851,121.8769,1999-09-01,SCOTTNR1,NOAA,29.723873313712133,1999-Sep,-2.2192066470454677,0
28.789354838709677,-13.9851,121.8769,1999-10-01,SCOTTNR1,NOAA,29.723873313712133,1999-Oct,-0.9345184750024558,0
29.535666666666668,-13.9851,121.8769,1999-11-01,SCOTTNR1,NOAA,29.723873313712133,1999-Nov,-0.1882066470454653,0
29.24,-13.9851,121.8769,1999-12-01,SCOTTNR1,NOAA,29.723873313712133,1999-Dec,-0.4838733137121345,0
29.092903225806452,-13.9851,121.8769,2000-01-01,SCOTTNR1,NOAA,29.723873313712133,2000-Jan,-0.6309700879056805,0
29.05034482758621,-13.9851,121.8769,2000-02-01,SCOTTNR1,NOAA,29.723873313712133,2000-Feb,-0.6735284861259245,0
29.383548387096774,-13.9851,121.8769,2000-03-01,SCOTTNR1,NOAA,29.723873313712133,2000-Mar,-0.3403249266153594,0
29.32133333333333,-13.9851,121.8769,2000-04-01,SCOTTNR1,NOAA,29.723873313712133,2000-Apr,-0.40253998037880123,0
28.251612903225805,-13.9851,121.8769,2000-05-01,SCOTTNR1,NOAA,29.723873313712133,2000-May,-1.472260410486328,0
26.709,-13.9851,121.8769,2000-06-01,SCOTTNR1,NOAA,29.723873313712133,2000-Jun,-3.0148733137121333,0
26.426129032258064,-13.9851,121.8769,2000-07-01,SCOTTNR1,NOAA,29.723873313712133,2000-Jul,-3.2977442814540687,0
26.244193548387095,-13.9851,121.8769,2000-08-01,SCOTTNR1,NOAA,29.723873313712133,2000-Aug,-3.479679765325038,0
27.21,-13.9851,121.8769,2000-09-01,SCOTTNR1,NOAA,29.723873313712133,2000-Sep,-2.513873313712132,0
28.69967741935484,-13.9851,121.8769,2000-10-01,SCOTTNR1,NOAA,29.723873313712133,2000-Oct,-1.0241958943572946,0
28.980666666666668,-13.9851,121.8769,2000-11-01,SCOTTNR1,NOAA,29.723873313712133,2000-Nov,-0.743206647045465,0
28.35483870967742,-13.9851,121.8769,2000-12-01,SCOTTNR1,NOAA,29.723873313712133,2000-Dec,-1.369034604034713,0
29.928709677419356,-13.9851,121.8769,2001-01-01,SCOTTNR1,NOAA,29.723873313712133,2001-Jan,0.2048363637072228,0.2048363637072228
28.96892857142857,-13.9851,121.8769,2001-02-01,SCOTTNR1,NOAA,29.723873313712133,2001-Feb,-0.7549447422835627,0
28.620322580645162,-13.9851,121.8769,2001-03-01,SCOTTNR1,NOAA,29.723873313712133,2001-Mar,-1.103550733066971,0
29.468,-13.9851,121.8769,2001-04-01,SCOTTNR1,NOAA,29.723873313712133,2001-Apr,-0.25587331371213295,0
28.87290322580645,-13.9851,121.8769,2001-05-01,SCOTTNR1,NOAA,29.723873313712133,2001-May,-0.850970087905683,0
27.647,-13.9851,121.8769,2001-06-01,SCOTTNR1,NOAA,29.723873313712133,2001-Jun,-2.0768733137121345,0
26.760322580645163,-13.9851,121.8769,2001-07-01,SCOTTNR1,NOAA,29.723873313712133,2001-Jul,-2.9635507330669704,0
26.336129032258064,-13.9851,121.8769,2001-08-01,SCOTTNR1,NOAA,29.723873313712133,2001-Aug,-3.3877442814540686,0
27.166666666666668,-13.9851,121.8769,2001-09-01,SCOTTNR1,NOAA,29.723873313712133,2001-Sep,-2.557206647045465,0
28.15516129032258,-13.9851,121.8769,2001-10-01,SCOTTNR1,NOAA,29.723873313712133,2001-Oct,-1.5687120233895513,0
28.414,-13.9851,121.8769,2001-11-01,SCOTTNR1,NOAA,29.723873313712133,2001-Nov,-1.3098733137121314,0
29.162903225806453,-13.9851,121.8769,2001-12-01,SCOTTNR1,NOAA,29.723873313712133,2001-Dec,-0.5609700879056803,0
29.515483870967742,-13.9851,121.8769,2002-01-01,SCOTTNR1,NOAA,29.723873313712133,2002-Jan,-0.20838944274439086,0
29.469285714285714,-13.9851,121.8769,2002-02-01,SCOTTNR1,NOAA,29.723873313712133,2002-Feb,-0.2545875994264186,0
30.06774193548387,-13.9851,121.8769,2002-03-01,SCOTTNR1,NOAA,29.723873313712133,2002-Mar,0.3438686217717368,0.3438686217717368
30.381333333333334,-13.9851,121.8769,2002-04-01,SCOTTNR1,NOAA,29.723873313712133,2002-Apr,0.657460019621201,1.0013286413929379
29.708387096774192,-13.9851,121.8769,2002-05-01,SCOTTNR1,NOAA,29.723873313712133,2002-May,-0.015486216937940611,0
27.900333333333332,-13.9851,121.8769,2002-06-01,SCOTTNR1,NOAA,29.723873313712133,2002-Jun,-1.8235399803788006,0
26.515483870967742,-13.9851,121.8769,2002-07-01,SCOTTNR1,NOAA,29.723873313712133,2002-Jul,-3.208389442744391,0
26.028709677419354,-13.9851,121.8769,2002-08-01,SCOTTNR1,NOAA,29.723873313712133,2002-Aug,-3.6951636362927793,0
26.562,-13.9851,121.8769,2002-09-01,SCOTTNR1,NOAA,29.723873313712133,2002-Sep,-3.1618733137121318,0
28.038064516129033,-13.9851,121.8769,2002-10-01,SCOTTNR1,NOAA,29.723873313712133,2002-Oct,-1.6858087975830998,0
30.098666666666666,-13.9851,121.8769,2002-11-01,SCOTTNR1,NOAA,29.723873313712133,2002-Nov,0.37479335295453353,0.37479335295453353
31.004516129032258,-13.9851,121.8769,2002-12-01,SCOTTNR1,NOAA,29.723873313712133,2002-Dec,1.2806428153201246,1.6554361682746581
30.496129032258064,-13.9851,121.8769,2003-01-01,SCOTTNR1,NOAA,29.723873313712133,2003-Jan,0.7722557185459316,2.4276918868205897
30.075714285714287,-13.9851,121.8769,2003-02-01,SCOTTNR1,NOAA,29.723873313712133,2003-Feb,0.3518409720021545,2.779532858822744
29.39741935483871,-13.9851,121.8769,2003-03-01,SCOTTNR1,NOAA,29.723873313712133,2003-Mar,-0.3264539588734223,0
29.691,-13.9851,121.8769,2003-04-01,SCOTTNR1,NOAA,29.723873313712133,2003-Apr,-0.03287331371213398,0
28.870967741935484,-13.9851,121.8769,2003-05-01,SCOTTNR1,NOAA,29.723873313712133,2003-May,-0.8529055717766489,0
27.593666666666667,-13.9851,121.8769,2003-06-01,SCOTTNR1,NOAA,29.723873313712133,2003-Jun,-2.1302066470454655,0
26.894193548387097,-13.9851,121.8769,2003-07-01,SCOTTNR1,NOAA,29.723873313712133,2003-Jul,-2.829679765325036,0
26.480967741935483,-13.9851,121.8769,2003-08-01,SCOTTNR1,NOAA,29.723873313712133,2003-Aug,-3.2429055717766495,0
26.86,-13.9851,121.8769,2003-09-01,SCOTTNR1,NOAA,29.723873313712133,2003-Sep,-2.8638733137121335,0
27.995483870967742,-13.9851,121.8769,2003-10-01,SCOTTNR1,NOAA,29.723873313712133,2003-Oct,-1.7283894427443904,0
29.291666666666668,-13.9851,121.8769,2003-11-01,SCOTTNR1,NOAA,29.723873313712133,2003-Nov,-0.4322066470454651,0
29.918709677419354,-13.9851,121.8769,2003-12-01,SCOTTNR1,NOAA,29.723873313712133,2003-Dec,0.19483636370722124,0.19483636370722124
29.181290322580647,-13.9851,121.8769,2004-01-01,SCOTTNR1,NOAA,29.723873313712133,2004-Jan,-0.5425829911314857,0
29.006206896551724,-13.9851,121.8769,2004-02-01,SCOTTNR1,NOAA,29.723873313712133,2004-Feb,-0.7176664171604088,0
28.961290322580645,-13.9851,121.8769,2004-03-01,SCOTTNR1,NOAA,29.723873313712133,2004-Mar,-0.7625829911314881,0
29.263,-13.9851,121.8769,2004-04-01,SCOTTNR1,NOAA,29.723873313712133,2004-Apr,-0.46087331371213125,0
28.878387096774194,-13.9851,121.8769,2004-05-01,SCOTTNR1,NOAA,29.723873313712133,2004-May,-0.8454862169379389,0
27.664,-13.9851,121.8769,2004-06-01,SCOTTNR1,NOAA,29.723873313712133,2004-Jun,-2.0598733137121314,0
26.420645161290324,-13.9851,121.8769,2004-07-01,SCOTTNR1,NOAA,29.723873313712133,2004-Jul,-3.3032281524218092,0
26.134516129032257,-13.9851,121.8769,2004-08-01,SCOTTNR1,NOAA,29.723873313712133,2004-Aug,-3.5893571846798764,0
26.630666666666666,-13.9851,121.8769,2004-09-01,SCOTTNR1,NOAA,29.723873313712133,2004-Sep,-3.0932066470454664,0
27.991612903225807,-13.9851,121.8769,2004-10-01,SCOTTNR1,NOAA,29.723873313712133,2004-Oct,-1.732260410486326,0
29.859666666666666,-13.9851,121.8769,2004-11-01,SCOTTNR1,NOAA,29.723873313712133,2004-Nov,0.13579335295453276,0.13579335295453276
30.508709677419354,-13.9851,121.8769,2004-12-01,SCOTTNR1,NOAA,29.723873313712133,2004-Dec,0.7848363637072211,0.9206297166617539
29.420322580645163,-13.9851,121.8769,2005-01-01,SCOTTNR1,NOAA,29.723873313712133,2005-Jan,-0.3035507330669702,0
29.985714285714288,-13.9851,121.8769,2005-02-01,SCOTTNR1,NOAA,29.723873313712133,2005-Feb,0.2618409720021546,0.2618409720021546
30.138709677419357,-13.9851,121.8769,2005-03-01,SCOTTNR1,NOAA,29.723873313712133,2005-Mar,0.41483636370722365,0.6766773357093783
30.297333333333334,-13.9851,121.8769,2005-04-01,SCOTTNR1,NOAA,29.723873313712133,2005-Apr,0.5734600196212014,1.2501373553305797
29.336774193548386,-13.9851,121.8769,2005-05-01,SCOTTNR1,NOAA,29.723873313712133,2005-May,-0.3870991201637466,0
27.882666666666665,-13.9851,121.8769,2005-06-01,SCOTTNR1,NOAA,29.723873313712133,2005-Jun,-1.8412066470454675,0
27.17516129032258,-13.9851,121.8769,2005-07-01,SCOTTNR1,NOAA,29.723873313712133,2005-Jul,-2.5487120233895517,0
26.54967741935484,-13.9851,121.8769,2005-08-01,SCOTTNR1,NOAA,29.723873313712133,2005-Aug,-3.174195894357293,0
27.246666666666666,-13.9851,121.8769,2005-09-01,SCOTTNR1,NOAA,29.723873313712133,2005-Sep,-2.477206647045467,0
28.54032258064516,-13.9851,121.8769,2005-10-01,SCOTTNR1,NOAA,29.723873313712133,2005-Oct,-1.1835507330669728,0
29.305,-13.9851,121.8769,2005-11-01,SCOTTNR1,NOAA,29.723873313712133,2005-Nov,-0.4188733137121332,0
30.31935483870968,-13.9851,121.8769,2005-12-01,SCOTTNR1,NOAA,29.723873313712133,2005-Dec,0.5954815249975454,0.5954815249975454
28.97741935483871,-13.9851,121.8769,2006-01-01,SCOTTNR1,NOAA,29.723873313712133,2006-Jan,-0.746453958873424,0
29.167857142857144,-13.9851,121.8769,2006-02-01,SCOTTNR1,NOAA,29.723873313712133,2006-Feb,-0.5560161708549884,0
29.470967741935485,-13.9851,121.8769,2006-03-01,SCOTTNR1,NOAA,29.723873313712133,2006-Mar,-0.2529055717766475,0
29.577333333333332,-13.9851,121.8769,2006-04-01,SCOTTNR1,NOAA,29.723873313712133,2006-Apr,-0.146539980378801,0
28.573548387096775,-13.9851,121.8769,2006-05-01,SCOTTNR1,NOAA,29.723873313712133,2006-May,-1.1503249266153581,0
27.064666666666668,-13.9851,121.8769,2006-06-01,SCOTTNR1,NOAA,29.723873313712133,2006-Jun,-2.6592066470454654,0
25.90258064516129,-13.9851,121.8769,2006-07-01,SCOTTNR1,NOAA,29.723873313712133,2006-Jul,-3.821292668550843,0
25.7,-13.9851,121.8769,2006-08-01,SCOTTNR1,NOAA,29.723873313712133,2006-Aug,-4.023873313712134,0
26.562,-13.9851,121.8769,2006-09-01,SCOTTNR1,NOAA,29.723873313712133,2006-Sep,-3.1618733137121318,0
28.521290322580644,-13.9851,121.8769,2006-10-01,SCOTTNR1,NOAA,29.723873313712133,2006-Oct,-1.2025829911314894,0
29.66433333333333,-13.9851,121.8769,2006-11-01,SCOTTNR1,NOAA,29.723873313712133,2006-Nov,-0.05953998037880126,0
30.56935483870968,-13.9851,121.8769,2006-12-01,SCOTTNR1,NOAA,29.723873313712133,2006-Dec,0.8454815249975454,0.8454815249975454
29.268064516129034,-13.9851,121.8769,2007-01-01,SCOTTNR1,NOAA,29.723873313712133,2007-Jan,-0.45580879758309933,0
30.297857142857143,-13.9851,121.8769,2007-02-01,SCOTTNR1,NOAA,29.723873313712133,2007-Feb,0.5739838291450106,0.5739838291450106
29.439354838709676,-13.9851,121.8769,2007-03-01,SCOTTNR1,NOAA,29.723873313712133,2007-Mar,-0.2845184750024572,0
29.500333333333334,-13.9851,121.8769,2007-04-01,SCOTTNR1,NOAA,29.723873313712133,2007-Apr,-0.22353998037879919,0
29.348387096774193,-13.9851,121.8769,2007-05-01,SCOTTNR1,NOAA,29.723873313712133,2007-May,-0.37548621693794004,0
27.856,-13.9851,121.8769,2007-06-01,SCOTTNR1,NOAA,29.723873313712133,2007-Jun,-1.8678733137121313,0
26.53258064516129,-13.9851,121.8769,2007-07-01,SCOTTNR1,NOAA,29.723873313712133,2007-Jul,-3.191292668550844,0
26.06032258064516,-13.9851,121.8769,2007-08-01,SCOTTNR1,NOAA,29.723873313712133,2007-Aug,-3.663550733066973,0
26.920333333333332,-13.9851,121.8769,2007-09-01,SCOTTNR1,NOAA,29.723873313712133,2007-Sep,-2.803539980378801,0
28.232258064516127,-13.9851,121.8769,2007-10-01,SCOTTNR1,NOAA,29.723873313712133,2007-Oct,-1.4916152491960055,0
29.30366666666667,-13.9851,121.8769,2007-11-01,SCOTTNR1,NOAA,29.723873313712133,2007-Nov,-0.4202066470454646,0
30.598064516129032,-13.9851,121.8769,2007-12-01,SCOTTNR1,NOAA,29.723873313712133,2007-Dec,0.874191202416899,0.874191202416899
29.608709677419355,-13.9851,121.8769,2008-01-01,SCOTTNR1,NOAA,29.723873313712133,2008-Jan,-0.11516363629277748,0
29.41,-13.9851,121.8769,2008-02-01,SCOTTNR1,NOAA,29.723873313712133,2008-Feb,-0.3138733137121328,0
29.61193548387097,-13.9851,121.8769,2008-03-01,SCOTTNR1,NOAA,29.723873313712133,2008-Mar,-0.11193782984116396,0
29.80366666666667,-13.9851,121.8769,2008-04-01,SCOTTNR1,NOAA,29.723873313712133,2008-Apr,0.07979335295453538,0.07979335295453538
28.66483870967742,-13.9851,121.8769,2008-05-01,SCOTTNR1,NOAA,29.723873313712133,2008-May,-1.0590346040347143,0
27.311333333333334,-13.9851,121.8769,2008-06-01,SCOTTNR1,NOAA,29.723873313712133,2008-Jun,-2.4125399803787992,0
26.410645161290322,-13.9851,121.8769,2008-07-01,SCOTTNR1,NOAA,29.723873313712133,2008-Jul,-3.313228152421811,0
26.120967741935484,-13.9851,121.8769,2008-08-01,SCOTTNR1,NOAA,29.723873313712133,2008-Aug,-3.602905571776649,0
27.276666666666667,-13.9851,121.8769,2008-09-01,SCOTTNR1,NOAA,29.723873313712133,2008-Sep,-2.4472066470454656,0
28.993225806451612,-13.9851,121.8769,2008-10-01,SCOTTNR1,NOAA,29.723873313712133,2008-Oct,-0.730647507260521,0
30.107333333333333,-13.9851,121.8769,2008-11-01,SCOTTNR1,NOAA,29.723873313712133,2008-Nov,0.38346001962120013,0.38346001962120013
30.225483870967743,-13.9851,121.8769,2008-12-01,SCOTTNR1,NOAA,29.723873313712133,2008-Dec,0.50161055725561,0.8850705768768101
29.855483870967742,-13.9851,121.8769,2009-01-01,SCOTTNR1,NOAA,29.723873313712133,2009-Jan,0.131610557255609,1.0166811341324191
29.089285714285715,-13.9851,121.8769,2009-02-01,SCOTTNR1,NOAA,29.723873313712133,2009-Feb,-0.6345875994264176,0
30.033870967741937,-13.9851,121.8769,2009-03-01,SCOTTNR1,NOAA,29.723873313712133,2009-Mar,0.3099976540298037,0.3099976540298037
30.453,-13.9851,121.8769,2009-04-01,SCOTTNR1,NOAA,29.723873313712133,2009-Apr,0.7291266862878665,1.0391243403176702
29.148709677419355,-13.9851,121.8769,2009-05-01,SCOTTNR1,NOAA,29.723873313712133,2009-May,-0.5751636362927783,0
28.259,-13.9851,121.8769,2009-06-01,SCOTTNR1,NOAA,29.723873313712133,2009-Jun,-1.4648733137121326,0
27.553548387096775,-13.9851,121.8769,2009-07-01,SCOTTNR1,NOAA,29.723873313712133,2009-Jul,-2.1703249266153577,0
26.86064516129032,-13.9851,121.8769,2009-08-01,SCOTTNR1,NOAA,29.723873313712133,2009-Aug,-2.8632281524218115,0
27.685666666666666,-13.9851,121.8769,2009-09-01,SCOTTNR1,NOAA,29.723873313712133,2009-Sep,-2.0382066470454667,0
28.740645161290324,-13.9851,121.8769,2009-10-01,SCOTTNR1,NOAA,29.723873313712133,2009-Oct,-0.9832281524218089,0
30.014666666666667,-13.9851,121.8769,2009-11-01,SCOTTNR1,NOAA,29.723873313712133,2009-Nov,0.2907933529545339,0.2907933529545339
29.879677419354838,-13.9851,121.8769,2009-12-01,SCOTTNR1,NOAA,29.723873313712133,2009-Dec,0.15580410564270508,0.446597458597239
29.669354838709676,-13.9851,121.8769,2010-01-01,SCOTTNR1,NOAA,29.723873313712133,2010-Jan,-0.05451847500245677,0
29.86,-13.9851,121.8769,2010-02-01,SCOTTNR1,NOAA,29.723873313712133,2010-Feb,0.1361266862878665,0.1361266862878665
30.84709677419355,-13.9851,121.8769,2010-03-01,SCOTTNR1,NOAA,29.723873313712133,2010-Mar,1.123223460481416,1.2593501467692825
30.738666666666667,-13.9851,121.8769,2010-04-01,SCOTTNR1,NOAA,29.723873313712133,2010-Apr,1.014793352954534,2.2741434997238166
29.55032258064516,-13.9851,121.8769,2010-05-01,SCOTTNR1,NOAA,29.723873313712133,2010-May,-0.17355073306697122,0
28.214333333333332,-13.9851,121.8769,2010-06-01,SCOTTNR1,NOAA,29.723873313712133,2010-Jun,-1.5095399803788005,0
27.446774193548386,-13.9851,121.8769,2010-07-01,SCOTTNR1,NOAA,29.723873313712133,2010-Jul,-2.277099120163747,0
27.274193548387096,-13.9851,121.8769,2010-08-01,SCOTTNR1,NOAA,29.723873313712133,2010-Aug,-2.449679765325037,0
27.971333333333334,-13.9851,121.8769,2010-09-01,SCOTTNR1,NOAA,29.723873313712133,2010-Sep,-1.752539980378799,0
29.29290322580645,-13.9851,121.8769,2010-10-01,SCOTTNR1,NOAA,29.723873313712133,2010-Oct,-0.43097008790568125,0
29.96933333333333,-13.9851,121.8769,2010-11-01,SCOTTNR1,NOAA,29.723873313712133,2010-Nov,0.24546001962119846,0.24546001962119846
30.538387096774194,-13.9851,121.8769,2010-12-01,SCOTTNR1,NOAA,29.723873313712133,2010-Dec,0.8145137830620612,1.0599738026832597
29.233548387096775,-13.9851,121.8769,2011-01-01,SCOTTNR1,NOAA,29.723873313712133,2011-Jan,-0.490324926615358,0
29.047142857142855,-13.9851,121.8769,2011-02-01,SCOTTNR1,NOAA,29.723873313712133,2011-Feb,-0.6767304565692775,0
28.993870967741934,-13.9851,121.8769,2011-03-01,SCOTTNR1,NOAA,29.723873313712133,2011-Mar,-0.730002345970199,0
29.152666666666665,-13.9851,121.8769,2011-04-01,SCOTTNR1,NOAA,29.723873313712133,2011-Apr,-0.571206647045468,0
28.295806451612904,-13.9851,121.8769,2011-05-01,SCOTTNR1,NOAA,29.723873313712133,2011-May,-1.4280668620992287,0
26.715666666666667,-13.9851,121.8769,2011-06-01,SCOTTNR1,NOAA,29.723873313712133,2011-Jun,-3.0082066470454656,0
26.16516129032258,-13.9851,121.8769,2011-07-01,SCOTTNR1,NOAA,29.723873313712133,2011-Jul,-3.5587120233895533,0
26.056129032258063,-13.9851,121.8769,2011-08-01,SCOTTNR1,NOAA,29.723873313712133,2011-Aug,-3.6677442814540697,0
26.263333333333332,-13.9851,121.8769,2011-09-01,SCOTTNR1,NOAA,29.723873313712133,2011-Sep,-3.460539980378801,0
27.575806451612902,-13.9851,121.8769,2011-10-01,SCOTTNR1,NOAA,29.723873313712133,2011-Oct,-2.148066862099231,0
29.806333333333335,-13.9851,121.8769,2011-11-01,SCOTTNR1,NOAA,29.723873313712133,2011-Nov,0.08246001962120175,0.08246001962120175
30.45193548387097,-13.9851,121.8769,2011-12-01,SCOTTNR1,NOAA,29.723873313712133,2011-Dec,0.7280621701588359,0.8105221897800376
30.142903225806453,-13.9851,121.8769,2012-01-01,SCOTTNR1,NOAA,29.723873313712133,2012-Jan,0.41902991209432017,1.2295521018743578
30.24896551724138,-13.9851,121.8769,2012-02-01,SCOTTNR1,NOAA,29.723873313712133,2012-Feb,0.5250922035292476,1.7546443054036054
29.676774193548386,-13.9851,121.8769,2012-03-01,SCOTTNR1,NOAA,29.723873313712133,2012-Mar,-0.04709912016374673,0
29.746666666666666,-13.9851,121.8769,2012-04-01,SCOTTNR1,NOAA,29.723873313712133,2012-Apr,0.02279335295453322,0.02279335295453322
28.438709677419354,-13.9851,121.8769,2012-05-01,SCOTTNR1,NOAA,29.723873313712133,2012-May,-1.2851636362927792,0
26.854333333333333,-13.9851,121.8769,2012-06-01,SCOTTNR1,NOAA,29.723873313712133,2012-Jun,-2.8695399803788,0
25.871935483870967,-13.9851,121.8769,2012-07-01,SCOTTNR1,NOAA,29.723873313712133,2012-Jul,-3.851937829841166,0
25.51322580645161,-13.9851,121.8769,2012-08-01,SCOTTNR1,NOAA,29.723873313712133,2012-Aug,-4.210647507260521,0
27.139666666666667,-13.9851,121.8769,2012-09-01,SCOTTNR1,NOAA,29.723873313712133,2012-Sep,-2.584206647045466,0
28.941290322580645,-13.9851,121.8769,2012-10-01,SCOTTNR1,NOAA,29.723873313712133,2012-Oct,-0.7825829911314877,0
30.408666666666665,-13.9851,121.8769,2012-11-01,SCOTTNR1,NOAA,29.723873313712133,2012-Nov,0.6847933529545323,0.6847933529545323
31.126774193548385,-13.9851,121.8769,2012-12-01,SCOTTNR1,NOAA,29.723873313712133,2012-Dec,1.4029008798362526,2.087694232790785
29.89548387096774,-13.9851,121.8769,2013-01-01,SCOTTNR1,NOAA,29.723873313712133,2013-Jan,0.17161055725560814,2.259304790046393
30.55,-13.9851,121.8769,2013-02-01,SCOTTNR1,NOAA,29.723873313712133,2013-Feb,0.8261266862878678,3.0854314763342607
30.279354838709676,-13.9851,121.8769,2013-03-01,SCOTTNR1,NOAA,29.723873313712133,2013-Mar,0.5554815249975427,3.6409130013318034
30.414666666666665,-13.9851,121.8769,2013-04-01,SCOTTNR1,NOAA,29.723873313712133,2013-Apr,0.6907933529545325,4.331706354286336
29.795161290322582,-13.9851,121.8769,2013-05-01,SCOTTNR1,NOAA,29.723873313712133,2013-May,0.07128797661044928,4.402994330896785
28.29,-13.9851,121.8769,2013-06-01,SCOTTNR1,NOAA,29.723873313712133,2013-Jun,-1.4338733137121338,0
27.40967741935484,-13.9851,121.8769,2013-07-01,SCOTTNR1,NOAA,29.723873313712133,2013-Jul,-2.314195894357294,0
27.07677419354839,-13.9851,121.8769,2013-08-01,SCOTTNR1,NOAA,29.723873313712133,2013-Aug,-2.6470991201637446,0
27.391333333333332,-13.9851,121.8769,2013-09-01,SCOTTNR1,NOAA,29.723873313712133,2013-Sep,-2.332539980378801,0
28.61516129032258,-13.9851,121.8769,2013-10-01,SCOTTNR1,NOAA,29.723873313712133,2013-Oct,-1.108712023389554,0
29.934333333333335,-13.9851,121.8769,2013-11-01,SCOTTNR1,NOAA,29.723873313712133,2013-Nov,0.21046001962120187,0.21046001962120187
30.269354838709678,-13.9851,121.8769,2013-12-01,SCOTTNR1,NOAA,29.723873313712133,2013-Dec,0.5454815249975447,0.7559415446187465
29.471612903225807,-13.9851,121.8769,2014-01-01,SCOTTNR1,NOAA,29.723873313712133,2014-Jan,-0.2522604104863255,0
28.980714285714285,-13.9851,121.8769,2014-02-01,SCOTTNR1,NOAA,29.723873313712133,2014-Feb,-0.7431590279978479,0
30.42774193548387,-13.9851,121.8769,2014-03-01,SCOTTNR1,NOAA,29.723873313712133,2014-Mar,0.7038686217717363,0.7038686217717363
30.77166666666667,-13.9851,121.8769,2014-04-01,SCOTTNR1,NOAA,29.723873313712133,2014-Apr,1.0477933529545354,1.7516619747262716
29.88774193548387,-13.9851,121.8769,2014-05-01,SCOTTNR1,NOAA,29.723873313712133,2014-May,0.1638686217717371,1.9155305964980087
28.2,-13.9851,121.8769,2014-06-01,SCOTTNR1,NOAA,29.723873313712133,2014-Jun,-1.5238733137121336,0
26.948709677419355,-13.9851,121.8769,2014-07-01,SCOTTNR1,NOAA,29.723873313712133,2014-Jul,-2.7751636362927776,0
26.522903225806452,-13.9851,121.8769,2014-08-01,SCOTTNR1,NOAA,29.723873313712133,2014-Aug,-3.200970087905681,0
26.962666666666667,-13.9851,121.8769,2014-09-01,SCOTTNR1,NOAA,29.723873313712133,2014-Sep,-2.7612066470454657,0
28.333548387096773,-13.9851,121.8769,2014-10-01,SCOTTNR1,NOAA,29.723873313712133,2014-Oct,-1.3903249266153601,0
30.356666666666666,-13.9851,121.8769,2014-11-01,SCOTTNR1,NOAA,29.723873313712133,2014-Nov,0.6327933529545327,0.6327933529545327
30.58225806451613,-13.9851,121.8769,2014-12-01,SCOTTNR1,NOAA,29.723873313712133,2014-Dec,0.8583847508039959,1.4911781037585286
29.589354838709678,-13.9851,121.8769,2015-01-01,SCOTTNR1,NOAA,29.723873313712133,2015-Jan,-0.13451847500245506,0
30.118214285714284,-13.9851,121.8769,2015-02-01,SCOTTNR1,NOAA,29.723873313712133,2015-Feb,0.39434097200215135,0.39434097200215135
30.228709677419356,-13.9851,121.8769,2015-03-01,SCOTTNR1,NOAA,29.723873313712133,2015-Mar,0.5048363637072235,0.8991773357093749
30.243666666666666,-13.9851,121.8769,2015-04-01,SCOTTNR1,NOAA,29.723873313712133,2015-Apr,0.5197933529545331,1.418970688663908
28.88193548387097,-13.9851,121.8769,2015-05-01,SCOTTNR1,NOAA,29.723873313712133,2015-May,-0.8419378298411644,0
27.799666666666667,-13.9851,121.8769,2015-06-01,SCOTTNR1,NOAA,29.723873313712133,2015-Jun,-1.924206647045466,0
27.017419354838708,-13.9851,121.8769,2015-07-01,SCOTTNR1,NOAA,29.723873313712133,2015-Jul,-2.706453958873425,0
26.68806451612903,-13.9851,121.8769,2015-08-01,SCOTTNR1,NOAA,29.723873313712133,2015-Aug,-3.035808797583101,0
27.422666666666668,-13.9851,121.8769,2015-09-01,SCOTTNR1,NOAA,29.723873313712133,2015-Sep,-2.301206647045465,0
28.89774193548387,-13.9851,121.8769,2015-10-01,SCOTTNR1,NOAA,29.723873313712133,2015-Oct,-0.8261313782282613,0
30.165,-13.9851,121.8769,2015-11-01,SCOTTNR1,NOAA,29.723873313712133,2015-Nov,0.4411266862878662,0.4411266862878662
30.40258064516129,-13.9851,121.8769,2015-12-01,SCOTTNR1,NOAA,29.723873313712133,2015-Dec,0.6787073314491572,1.1198340177370234
30.267096774193547,-13.9851,121.8769,2016-01-01,SCOTTNR1,NOAA,29.723873313712133,2016-Jan,0.5432234604814141,1.6630574782184375
30.50758620689655,-13.9851,121.8769,2016-02-01,SCOTTNR1,NOAA,29.723873313712133,2016-Feb,0.7837128931844184,2.446770371402856
31.336451612903225,-13.9851,121.8769,2016-03-01,SCOTTNR1,NOAA,29.723873313712133,2016-Mar,1.6125782991910924,4.059348670593948
31.424333333333333,-13.9851,121.8769,2016-04-01,SCOTTNR1,NOAA,29.723873313712133,2016-Apr,1.7004600196212003,5.759808690215149
30.151290322580646,-13.9851,121.8769,2016-05-01,SCOTTNR1,NOAA,29.723873313712133,2016-May,0.4274170088685132,6.187225699083662
29.21933333333333,-13.9851,121.8769,2016-06-01,SCOTTNR1,NOAA,29.723873313712133,2016-Jun,-0.5045399803788015,0
28.070967741935483,-13.9851,121.8769,2016-07-01,SCOTTNR1,NOAA,29.723873313712133,2016-Jul,-1.6529055717766497,0
27.711935483870967,-13.9851,121.8769,2016-08-01,SCOTTNR1,NOAA,29.723873313712133,2016-Aug,-2.011937829841166,0
28.426333333333332,-13.9851,121.8769,2016-09-01,SCOTTNR1,NOAA,29.723873313712133,2016-Sep,-1.2975399803788008,0
29.74258064516129,-13.9851,121.8769,2016-10-01,SCOTTNR1,NOAA,29.723873313712133,2016-Oct,0.01870733144915704,0.01870733144915704
30.588333333333335,-13.9851,121.8769,2016-11-01,SCOTTNR1,NOAA,29.723873313712133,2016-Nov,0.8644600196212018,0.8831673510703588
30.61709677419355,-13.9851,121.8769,2016-12-01,SCOTTNR1,NOAA,29.723873313712133,2016-Dec,0.8932234604814155,1.7763908115517744
29.628064516129033,-13.9851,121.8769,2017-01-01,SCOTTNR1,NOAA,29.723873313712133,2017-Jan,-0.0958087975830999,0
29.393214285714286,-13.9851,121.8769,2017-02-01,SCOTTNR1,NOAA,29.723873313712133,2017-Feb,-0.3306590279978465,0
29.99258064516129,-13.9851,121.8769,2017-03-01,SCOTTNR1,NOAA,29.723873313712133,2017-Mar,0.26870733144915704,0.26870733144915704
29.917,-13.9851,121.8769,2017-04-01,SCOTTNR1,NOAA,29.723873313712133,2017-Apr,0.19312668628786867,0.4618340177370257
28.98677419354839,-13.9851,121.8769,2017-05-01,SCOTTNR1,NOAA,29.723873313712133,2017-May,-0.7370991201637445,0
27.652,-13.9851,121.8769,2017-06-01,SCOTTNR1,NOAA,29.723873313712133,2017-Jun,-2.071873313712132,0
27.13193548387097,-13.9851,121.8769,2017-07-01,SCOTTNR1,NOAA,29.723873313712133,2017-Jul,-2.5919378298411644,0
27.05741935483871,-13.9851,121.8769,2017-08-01,SCOTTNR1,NOAA,29.723873313712133,2017-Aug,-2.666453958873422,0
27.486,-13.9851,121.8769,2017-09-01,SCOTTNR1,NOAA,29.723873313712133,2017-Sep,-2.2378733137121323,0
28.688387096774193,-13.9851,121.8769,2017-10-01,SCOTTNR1,NOAA,29.723873313712133,2017-Oct,-1.0354862169379402,0
30.193,-13.9851,121.8769,2017-11-01,SCOTTNR1,NOAA,29.723873313712133,2017-Nov,0.46912668628786847,0.46912668628786847
30.883225806451613,-13.9851,121.8769,2017-12-01,SCOTTNR1,NOAA,29.723873313712133,2017-Dec,1.1593524927394796,1.628479179027348
30.14483870967742,-13.9851,121.8769,2018-01-01,SCOTTNR1,NOAA,29.723873313712133,2018-Jan,0.42096539596528615,2.049444574992634
29.375714285714285,-13.9851,121.8769,2018-02-01,SCOTTNR1,NOAA,29.723873313712133,2018-Feb,-0.34815902799784837,0
30.284193548387098,-13.9851,121.8769,2018-03-01,SCOTTNR1,NOAA,29.723873313712133,2018-Mar,0.5603202346749647,0.5603202346749647
30.746333333333332,-13.9851,121.8769,2018-04-01,SCOTTNR1,NOAA,29.723873313712133,2018-Apr,1.0224600196211995,1.5827802542961642
29.470967741935485,-13.9851,121.8769,2018-05-01,SCOTTNR1,NOAA,29.723873313712133,2018-May,-0.2529055717766475,0
27.803,-13.9851,121.8769,2018-06-01,SCOTTNR1,NOAA,29.723873313712133,2018-Jun,-1.920873313712132,0
27.02064516129032,-13.9851,121.8769,2018-07-01,SCOTTNR1,NOAA,29.723873313712133,2018-Jul,-2.7032281524218114,0
26.42,-13.9851,121.8769,2018-08-01,SCOTTNR1,NOAA,29.723873313712133,2018-Aug,-3.3038733137121312,0
27.102,-13.9851,121.8769,2018-09-01,SCOTTNR1,NOAA,29.723873313712133,2018-Sep,-2.6218733137121326,0
28.318064516129034,-13.9851,121.8769,2018-10-01,SCOTTNR1,NOAA,29.723873313712133,2018-Oct,-1.4058087975830986,0
29.301666666666666,-13.9851,121.8769,2018-11-01,SCOTTNR1,NOAA,29.723873313712133,2018-Nov,-0.42220664704546707,0
29.227096774193548,-13.9851,121.8769,2018-12-01,SCOTTNR1,NOAA,29.723873313712133,2018-Dec,-0.496776539518585,0
29.75483870967742,-13.9851,121.8769,2019-01-01,SCOTTNR1,NOAA,29.723873313712133,2019-Jan,0.03096539596528558,0.03096539596528558
29.648214285714285,-13.9851,121.8769,2019-02-01,SCOTTNR1,NOAA,29.723873313712133,2019-Feb,-0.07565902799784752,0
30.33741935483871,-13.9851,121.8769,2019-03-01,SCOTTNR1,NOAA,29.723873313712133,2019-Mar,0.6135460411265754,0.6135460411265754
29.818666666666665,-13.9851,121.8769,2019-04-01,SCOTTNR1,NOAA,29.723873313712133,2019-Apr,0.0947933529545324,0.7083393940811078
29.01967741935484,-13.9851,121.8769,2019-05-01,SCOTTNR1,NOAA,29.723873313712133,2019-May,-0.7041958943572943,0
27.718,-13.9851,121.8769,2019-06-01,SCOTTNR1,NOAA,29.723873313712133,2019-Jun,-2.005873313712133,0
26.830322580645163,-13.9851,121.8769,2019-07-01,SCOTTNR1,NOAA,29.723873313712133,2019-Jul,-2.89355073306697,0
26.35258064516129,-13.9851,121.8769,2019-08-01,SCOTTNR1,NOAA,29.723873313712133,2019-Aug,-3.3712926685508435,0
26.742333333333335,-13.9851,121.8769,2019-09-01,SCOTTNR1,NOAA,29.723873313712133,2019-Sep,-2.9815399803787983,0
28.50258064516129,-13.9851,121.8769,2019-10-01,SCOTTNR1,NOAA,29.723873313712133,2019-Oct,-1.2212926685508414,0
30.084,-13.9851,121.8769,2019-11-01,SCOTTNR1,NOAA,29.723873313712133,2019-Nov,0.3601266862878667,0.3601266862878667
30.895806451612902,-13.9851,121.8769,2019-12-01,SCOTTNR1,NOAA,29.723873313712133,2019-Dec,1.1719331379007691,1.5320598241886358
29.786774193548386,-13.9851,121.8769,2020-01-01,SCOTTNR1,NOAA,29.723873313712133,2020-Jan,0.0629008798362527,1.5949607040248885
29.91448275862069,-13.9851,121.8769,2020-02-01,SCOTTNR1,NOAA,29.723873313712133,2020-Feb,0.19060944490855647,1.785570148933445
30.536451612903225,-13.9851,121.8769,2020-03-01,SCOTTNR1,NOAA,29.723873313712133,2020-Mar,0.8125782991910917,2.5981484481245367
30.856333333333332,-13.9851,121.8769,2020-04-01,SCOTTNR1,NOAA,29.723873313712133,2020-Apr,1.132460019621199,3.7306084677457356
29.565483870967743,-13.9851,121.8769,2020-05-01,SCOTTNR1,NOAA,29.723873313712133,2020-May,-0.15838944274439015,0
28.009666666666668,-13.9851,121.8769,2020-06-01,SCOTTNR1,NOAA,29.723873313712133,2020-Jun,-1.714206647045465,0
27.260645161290324,-13.9851,121.8769,2020-07-01,SCOTTNR1,NOAA,29.723873313712133,2020-Jul,-2.4632281524218094,0
27.038709677419355,-13.9851,121.8769,2020-08-01,SCOTTNR1,NOAA,29.723873313712133,2020-Aug,-2.6851636362927778,0
28.237666666666666,-13.9851,121.8769,2020-09-01,SCOTTNR1,NOAA,29.723873313712133,2020-Sep,-1.4862066470454671,0
29.050967741935484,-13.9851,121.8769,2020-10-01,SCOTTNR1,NOAA,29.723873313712133,2020-Oct,-0.6729055717766492,0
30.321,-13.9851,121.8769,2020-11-01,SCOTTNR1,NOAA,29.723873313712133,2020-Nov,0.5971266862878686,0.5971266862878686
30.2441935483871,-13.9851,121.8769,2020-12-01,SCOTTNR1,NOAA,29.723873313712133,2020-Dec,0.5203202346749656,1.1174469209628342
30.63774193548387,-13.9851,121.8769,2021-01-01,SCOTTNR1,NOAA,29.723873313712133,2021-Jan,0.9138686217717371,2.0313155427345713
29.927857142857142,-13.9851,121.8769,2021-02-01,SCOTTNR1,NOAA,29.723873313712133,2021-Feb,0.20398382914500957,2.235299371879581
30.139032258064518,-13.9851,121.8769,2021-03-01,SCOTTNR1,NOAA,29.723873313712133,2021-Mar,0.41515894435238465,2.6504583162319655
29.710333333333335,-13.9851,121.8769,2021-04-01,SCOTTNR1,NOAA,29.723873313712133,2021-Apr,-0.013539980378798333,0
28.9,-13.9851,121.8769,2021-05-01,SCOTTNR1,NOAA,29.723873313712133,2021-May,-0.8238733137121343,0
28.321666666666665,-13.9851,121.8769,2021-06-01,SCOTTNR1,NOAA,29.723873313712133,2021-Jun,-1.4022066470454675,0
