sst_monthly,Latitude,Longitude,monthly_date,Reef_Site,Data_Type,mmm_from_sst,date,anomaly,DARL_DHM
28.143548387096775,-12.0875,96.875,1985-01-01,DAR Long,NOAA,28.58538087510965,1985-Jan,-0.44183248801287434,0
28.334285714285713,-12.0875,96.875,1985-02-01,DAR Long,NOAA,28.58538087510965,1985-Feb,-0.2510951608239367,0
28.433225806451613,-12.0875,96.875,1985-03-01,DAR Long,NOAA,28.58538087510965,1985-Mar,-0.15215506865803619,0
28.359333333333332,-12.0875,96.875,1985-04-01,DAR Long,NOAA,28.58538087510965,1985-Apr,-0.22604754177631747,0
27.518387096774195,-12.0875,96.875,1985-05-01,DAR Long,NOAA,28.58538087510965,1985-May,-1.0669937783354548,0
28.03,-12.0875,96.875,1985-06-01,DAR Long,NOAA,28.58538087510965,1985-Jun,-0.5553808751096483,0
28.190967741935484,-12.0875,96.875,1985-07-01,DAR Long,NOAA,28.58538087510965,1985-Jul,-0.39441313317416515,0
26.826129032258063,-12.0875,96.875,1985-08-01,DAR Long,NOAA,28.58538087510965,1985-Aug,-1.7592518428515866,0
25.708666666666666,-12.0875,96.875,1985-09-01,DAR Long,NOAA,28.58538087510965,1985-Sep,-2.8767142084429835,0
26.731612903225805,-12.0875,96.875,1985-10-01,DAR Long,NOAA,28.58538087510965,1985-Oct,-1.853767971883844,0
27.04,-12.0875,96.875,1985-11-01,DAR Long,NOAA,28.58538087510965,1985-Nov,-1.5453808751096503,0
27.164193548387097,-12.0875,96.875,1985-12-01,DAR Long,NOAA,28.58538087510965,1985-Dec,-1.4211873267225528,0
27.18064516129032,-12.0875,96.875,1986-01-01,DAR Long,NOAA,28.58538087510965,1986-Jan,-1.4047357138193277,0
28.249642857142856,-12.0875,96.875,1986-02-01,DAR Long,NOAA,28.58538087510965,1986-Feb,-0.3357380179667935,0
27.946774193548386,-12.0875,96.875,1986-03-01,DAR Long,NOAA,28.58538087510965,1986-Mar,-0.6386066815612637,0
27.971333333333334,-12.0875,96.875,1986-04-01,DAR Long,NOAA,28.58538087510965,1986-Apr,-0.6140475417763156,0
27.801290322580645,-12.0875,96.875,1986-05-01,DAR Long,NOAA,28.58538087510965,1986-May,-0.7840905525290047,0
27.567,-12.0875,96.875,1986-06-01,DAR Long,NOAA,28.58538087510965,1986-Jun,-1.0183808751096493,0
26.81774193548387,-12.0875,96.875,1986-07-01,DAR Long,NOAA,28.58538087510965,1986-Jul,-1.7676389396257797,0
25.988064516129032,-12.0875,96.875,1986-08-01,DAR Long,NOAA,28.58538087510965,1986-Aug,-2.597316358980617,0
25.351333333333333,-12.0875,96.875,1986-09-01,DAR Long,NOAA,28.58538087510965,1986-Sep,-3.2340475417763166,0
25.267096774193547,-12.0875,96.875,1986-10-01,DAR Long,NOAA,28.58538087510965,1986-Oct,-3.3182841009161024,0
26.69,-12.0875,96.875,1986-11-01,DAR Long,NOAA,28.58538087510965,1986-Nov,-1.8953808751096481,0
27.34774193548387,-12.0875,96.875,1986-12-01,DAR Long,NOAA,28.58538087510965,1986-Dec,-1.2376389396257785,0
27.067096774193548,-12.0875,96.875,1987-01-01,DAR Long,NOAA,28.58538087510965,1987-Jan,-1.5182841009161017,0
27.598214285714285,-12.0875,96.875,1987-02-01,DAR Long,NOAA,28.58538087510965,1987-Feb,-0.9871665893953647,0
28.304193548387097,-12.0875,96.875,1987-03-01,DAR Long,NOAA,28.58538087510965,1987-Mar,-0.2811873267225522,0
29.126333333333335,-12.0875,96.875,1987-04-01,DAR Long,NOAA,28.58538087510965,1987-Apr,0.5409524582236855,0.5409524582236855
28.079032258064515,-12.0875,96.875,1987-05-01,DAR Long,NOAA,28.58538087510965,1987-May,-0.5063486170451341,0
28.261,-12.0875,96.875,1987-06-01,DAR Long,NOAA,28.58538087510965,1987-Jun,-0.3243808751096502,0
27.838387096774195,-12.0875,96.875,1987-07-01,DAR Long,NOAA,28.58538087510965,1987-Jul,-0.7469937783354546,0
26.53451612903226,-12.0875,96.875,1987-08-01,DAR Long,NOAA,28.58538087510965,1987-Aug,-2.0508647460773908,0
26.418,-12.0875,96.875,1987-09-01,DAR Long,NOAA,28.58538087510965,1987-Sep,-2.16738087510965,0
26.886774193548387,-12.0875,96.875,1987-10-01,DAR Long,NOAA,28.58538087510965,1987-Oct,-1.6986066815612624,0
26.469333333333335,-12.0875,96.875,1987-11-01,DAR Long,NOAA,28.58538087510965,1987-Nov,-2.1160475417763145,0
26.370322580645162,-12.0875,96.875,1987-12-01,DAR Long,NOAA,28.58538087510965,1987-Dec,-2.2150582944644874,0
26.79774193548387,-12.0875,96.875,1988-01-01,DAR Long,NOAA,28.58538087510965,1988-Jan,-1.7876389396257792,0
28.18,-12.0875,96.875,1988-02-01,DAR Long,NOAA,28.58538087510965,1988-Feb,-0.4053808751096497,0
28.58290322580645,-12.0875,96.875,1988-03-01,DAR Long,NOAA,28.58538087510965,1988-Mar,-0.0024776493031986035,0
28.699,-12.0875,96.875,1988-04-01,DAR Long,NOAA,28.58538087510965,1988-Apr,0.1136191248903522,0.1136191248903522
28.06483870967742,-12.0875,96.875,1988-05-01,DAR Long,NOAA,28.58538087510965,1988-May,-0.5205421654322286,0
27.810666666666666,-12.0875,96.875,1988-06-01,DAR Long,NOAA,28.58538087510965,1988-Jun,-0.7747142084429832,0
27.60322580645161,-12.0875,96.875,1988-07-01,DAR Long,NOAA,28.58538087510965,1988-Jul,-0.982155068658038,0
27.088064516129034,-12.0875,96.875,1988-08-01,DAR Long,NOAA,28.58538087510965,1988-Aug,-1.4973163589806155,0
26.244,-12.0875,96.875,1988-09-01,DAR Long,NOAA,28.58538087510965,1988-Sep,-2.3413808751096497,0
26.573870967741936,-12.0875,96.875,1988-10-01,DAR Long,NOAA,28.58538087510965,1988-Oct,-2.0115099073677136,0
26.609,-12.0875,96.875,1988-11-01,DAR Long,NOAA,28.58538087510965,1988-Nov,-1.9763808751096477,0
27.046451612903226,-12.0875,96.875,1988-12-01,DAR Long,NOAA,28.58538087510965,1988-Dec,-1.5389292622064232,0
27.196774193548386,-12.0875,96.875,1989-01-01,DAR Long,NOAA,28.58538087510965,1989-Jan,-1.3886066815612637,0
27.910357142857144,-12.0875,96.875,1989-02-01,DAR Long,NOAA,28.58538087510965,1989-Feb,-0.6750237322525052,0
28.43709677419355,-12.0875,96.875,1989-03-01,DAR Long,NOAA,28.58538087510965,1989-Mar,-0.14828410091610067,0
28.618666666666666,-12.0875,96.875,1989-04-01,DAR Long,NOAA,28.58538087510965,1989-Apr,0.03328579155701661,0.03328579155701661
27.955161290322582,-12.0875,96.875,1989-05-01,DAR Long,NOAA,28.58538087510965,1989-May,-0.6302195847870671,0
27.328333333333333,-12.0875,96.875,1989-06-01,DAR Long,NOAA,28.58538087510965,1989-Jun,-1.2570475417763163,0
26.99225806451613,-12.0875,96.875,1989-07-01,DAR Long,NOAA,28.58538087510965,1989-Jul,-1.5931228105935205,0
26.67483870967742,-12.0875,96.875,1989-08-01,DAR Long,NOAA,28.58538087510965,1989-Aug,-1.9105421654322292,0
26.706666666666667,-12.0875,96.875,1989-09-01,DAR Long,NOAA,28.58538087510965,1989-Sep,-1.8787142084429824,0
26.361612903225808,-12.0875,96.875,1989-10-01,DAR Long,NOAA,28.58538087510965,1989-Oct,-2.2237679718838415,0
27.313666666666666,-12.0875,96.875,1989-11-01,DAR Long,NOAA,28.58538087510965,1989-Nov,-1.271714208442983,0
27.19258064516129,-12.0875,96.875,1989-12-01,DAR Long,NOAA,28.58538087510965,1989-Dec,-1.3928002299483602,0
27.393225806451614,-12.0875,96.875,1990-01-01,DAR Long,NOAA,28.58538087510965,1990-Jan,-1.1921550686580353,0
28.302142857142858,-12.0875,96.875,1990-02-01,DAR Long,NOAA,28.58538087510965,1990-Feb,-0.2832380179667915,0
28.69225806451613,-12.0875,96.875,1990-03-01,DAR Long,NOAA,28.58538087510965,1990-Mar,0.10687718940647883,0.10687718940647883
29.227,-12.0875,96.875,1990-04-01,DAR Long,NOAA,28.58538087510965,1990-Apr,0.6416191248903509,0.7484963142968297
28.214193548387097,-12.0875,96.875,1990-05-01,DAR Long,NOAA,28.58538087510965,1990-May,-0.37118732672255206,0
27.751,-12.0875,96.875,1990-06-01,DAR Long,NOAA,28.58538087510965,1990-Jun,-0.8343808751096482,0
27.703225806451613,-12.0875,96.875,1990-07-01,DAR Long,NOAA,28.58538087510965,1990-Jul,-0.8821550686580366,0
26.682903225806452,-12.0875,96.875,1990-08-01,DAR Long,NOAA,28.58538087510965,1990-Aug,-1.9024776493031972,0
26.828666666666667,-12.0875,96.875,1990-09-01,DAR Long,NOAA,28.58538087510965,1990-Sep,-1.7567142084429825,0
26.974193548387095,-12.0875,96.875,1990-10-01,DAR Long,NOAA,28.58538087510965,1990-Oct,-1.611187326722554,0
26.585333333333335,-12.0875,96.875,1990-11-01,DAR Long,NOAA,28.58538087510965,1990-Nov,-2.000047541776315,0
28.003548387096775,-12.0875,96.875,1990-12-01,DAR Long,NOAA,28.58538087510965,1990-Dec,-0.5818324880128749,0
26.920645161290324,-12.0875,96.875,1991-01-01,DAR Long,NOAA,28.58538087510965,1991-Jan,-1.6647357138193257,0
27.403928571428573,-12.0875,96.875,1991-02-01,DAR Long,NOAA,28.58538087510965,1991-Feb,-1.181452303681077,0
28.43774193548387,-12.0875,96.875,1991-03-01,DAR Long,NOAA,28.58538087510965,1991-Mar,-0.14763893962577868,0
27.551,-12.0875,96.875,1991-04-01,DAR Long,NOAA,28.58538087510965,1991-Apr,-1.034380875109651,0
27.84516129032258,-12.0875,96.875,1991-05-01,DAR Long,NOAA,28.58538087510965,1991-May,-0.7402195847870701,0
28.208666666666666,-12.0875,96.875,1991-06-01,DAR Long,NOAA,28.58538087510965,1991-Jun,-0.37671420844298353,0
27.286451612903225,-12.0875,96.875,1991-07-01,DAR Long,NOAA,28.58538087510965,1991-Jul,-1.2989292622064248,0
27.25516129032258,-12.0875,96.875,1991-08-01,DAR Long,NOAA,28.58538087510965,1991-Aug,-1.33021958478707,0
25.892666666666667,-12.0875,96.875,1991-09-01,DAR Long,NOAA,28.58538087510965,1991-Sep,-2.6927142084429825,0
25.350967741935484,-12.0875,96.875,1991-10-01,DAR Long,NOAA,28.58538087510965,1991-Oct,-3.234413133174165,0
25.6,-12.0875,96.875,1991-11-01,DAR Long,NOAA,28.58538087510965,1991-Nov,-2.985380875109648,0
26.774516129032257,-12.0875,96.875,1991-12-01,DAR Long,NOAA,28.58538087510965,1991-Dec,-1.8108647460773923,0
27.170967741935485,-12.0875,96.875,1992-01-01,DAR Long,NOAA,28.58538087510965,1992-Jan,-1.4144131331741647,0
27.39862068965517,-12.0875,96.875,1992-02-01,DAR Long,NOAA,28.58538087510965,1992-Feb,-1.186760185454478,0
28.07225806451613,-12.0875,96.875,1992-03-01,DAR Long,NOAA,28.58538087510965,1992-Mar,-0.5131228105935186,0
28.623666666666665,-12.0875,96.875,1992-04-01,DAR Long,NOAA,28.58538087510965,1992-Apr,0.038285791557015614,0.038285791557015614
28.30709677419355,-12.0875,96.875,1992-05-01,DAR Long,NOAA,28.58538087510965,1992-May,-0.2782841009160997,0
28.057,-12.0875,96.875,1992-06-01,DAR Long,NOAA,28.58538087510965,1992-Jun,-0.5283808751096508,0
26.88935483870968,-12.0875,96.875,1992-07-01,DAR Long,NOAA,28.58538087510965,1992-Jul,-1.6960260363999708,0
26.843548387096774,-12.0875,96.875,1992-08-01,DAR Long,NOAA,28.58538087510965,1992-Aug,-1.741832488012875,0
26.623333333333335,-12.0875,96.875,1992-09-01,DAR Long,NOAA,28.58538087510965,1992-Sep,-1.9620475417763146,0
25.87548387096774,-12.0875,96.875,1992-10-01,DAR Long,NOAA,28.58538087510965,1992-Oct,-2.709897004141908,0
26.107666666666667,-12.0875,96.875,1992-11-01,DAR Long,NOAA,28.58538087510965,1992-Nov,-2.4777142084429826,0
26.65806451612903,-12.0875,96.875,1992-12-01,DAR Long,NOAA,28.58538087510965,1992-Dec,-1.9273163589806188,0
27.18806451612903,-12.0875,96.875,1993-01-01,DAR Long,NOAA,28.58538087510965,1993-Jan,-1.3973163589806177,0
26.899285714285714,-12.0875,96.875,1993-02-01,DAR Long,NOAA,28.58538087510965,1993-Feb,-1.6860951608239354,0
28.225161290322582,-12.0875,96.875,1993-03-01,DAR Long,NOAA,28.58538087510965,1993-Mar,-0.3602195847870675,0
28.096,-12.0875,96.875,1993-04-01,DAR Long,NOAA,28.58538087510965,1993-Apr,-0.48938087510964934,0
27.288709677419355,-12.0875,96.875,1993-05-01,DAR Long,NOAA,28.58538087510965,1993-May,-1.2966711976902943,0
27.46,-12.0875,96.875,1993-06-01,DAR Long,NOAA,28.58538087510965,1993-Jun,-1.1253808751096486,0
27.502903225806453,-12.0875,96.875,1993-07-01,DAR Long,NOAA,28.58538087510965,1993-Jul,-1.082477649303197,0
26.974516129032256,-12.0875,96.875,1993-08-01,DAR Long,NOAA,28.58538087510965,1993-Aug,-1.610864746077393,0
27.08,-12.0875,96.875,1993-09-01,DAR Long,NOAA,28.58538087510965,1993-Sep,-1.5053808751096511,0
26.136774193548387,-12.0875,96.875,1993-10-01,DAR Long,NOAA,28.58538087510965,1993-Oct,-2.4486066815612624,0
25.998,-12.0875,96.875,1993-11-01,DAR Long,NOAA,28.58538087510965,1993-Nov,-2.5873808751096483,0
27.36258064516129,-12.0875,96.875,1993-12-01,DAR Long,NOAA,28.58538087510965,1993-Dec,-1.2228002299483585,0
27.330645161290324,-12.0875,96.875,1994-01-01,DAR Long,NOAA,28.58538087510965,1994-Jan,-1.2547357138193256,0
27.630714285714287,-12.0875,96.875,1994-02-01,DAR Long,NOAA,28.58538087510965,1994-Feb,-0.9546665893953623,0
28.00032258064516,-12.0875,96.875,1994-03-01,DAR Long,NOAA,28.58538087510965,1994-Mar,-0.5850582944644884,0
27.624666666666666,-12.0875,96.875,1994-04-01,DAR Long,NOAA,28.58538087510965,1994-Apr,-0.9607142084429832,0
27.470967741935482,-12.0875,96.875,1994-05-01,DAR Long,NOAA,28.58538087510965,1994-May,-1.1144131331741676,0
26.459666666666667,-12.0875,96.875,1994-06-01,DAR Long,NOAA,28.58538087510965,1994-Jun,-2.1257142084429823,0
26.19290322580645,-12.0875,96.875,1994-07-01,DAR Long,NOAA,28.58538087510965,1994-Jul,-2.392477649303199,0
25.877419354838707,-12.0875,96.875,1994-08-01,DAR Long,NOAA,28.58538087510965,1994-Aug,-2.707961520270942,0
25.638333333333332,-12.0875,96.875,1994-09-01,DAR Long,NOAA,28.58538087510965,1994-Sep,-2.9470475417763176,0
26.231612903225805,-12.0875,96.875,1994-10-01,DAR Long,NOAA,28.58538087510965,1994-Oct,-2.353767971883844,0
27.124333333333333,-12.0875,96.875,1994-11-01,DAR Long,NOAA,28.58538087510965,1994-Nov,-1.461047541776317,0
26.576129032258066,-12.0875,96.875,1994-12-01,DAR Long,NOAA,28.58538087510965,1994-Dec,-2.009251842851583,0
27.79741935483871,-12.0875,96.875,1995-01-01,DAR Long,NOAA,28.58538087510965,1995-Jan,-0.7879615202709402,0
28.074285714285715,-12.0875,96.875,1995-02-01,DAR Long,NOAA,28.58538087510965,1995-Feb,-0.5110951608239347,0
28.253548387096775,-12.0875,96.875,1995-03-01,DAR Long,NOAA,28.58538087510965,1995-Mar,-0.3318324880128749,0
27.573333333333334,-12.0875,96.875,1995-04-01,DAR Long,NOAA,28.58538087510965,1995-Apr,-1.0120475417763153,0
28.50483870967742,-12.0875,96.875,1995-05-01,DAR Long,NOAA,28.58538087510965,1995-May,-0.08054216543223092,0
27.464,-12.0875,96.875,1995-06-01,DAR Long,NOAA,28.58538087510965,1995-Jun,-1.1213808751096508,0
26.798709677419353,-12.0875,96.875,1995-07-01,DAR Long,NOAA,28.58538087510965,1995-Jul,-1.7866711976902963,0
26.973225806451612,-12.0875,96.875,1995-08-01,DAR Long,NOAA,28.58538087510965,1995-Aug,-1.612155068658037,0
26.615,-12.0875,96.875,1995-09-01,DAR Long,NOAA,28.58538087510965,1995-Sep,-1.970380875109651,0
26.793548387096774,-12.0875,96.875,1995-10-01,DAR Long,NOAA,28.58538087510965,1995-Oct,-1.7918324880128758,0
26.692666666666668,-12.0875,96.875,1995-11-01,DAR Long,NOAA,28.58538087510965,1995-Nov,-1.8927142084429818,0
27.650645161290324,-12.0875,96.875,1995-12-01,DAR Long,NOAA,28.58538087510965,1995-Dec,-0.9347357138193253,0
28.21290322580645,-12.0875,96.875,1996-01-01,DAR Long,NOAA,28.58538087510965,1996-Jan,-0.3724776493031996,0
28.598620689655174,-12.0875,96.875,1996-02-01,DAR Long,NOAA,28.58538087510965,1996-Feb,0.013239814545524808,0.013239814545524808
28.482258064516127,-12.0875,96.875,1996-03-01,DAR Long,NOAA,28.58538087510965,1996-Mar,-0.10312281059352202,0
28.480666666666668,-12.0875,96.875,1996-04-01,DAR Long,NOAA,28.58538087510965,1996-Apr,-0.10471420844298152,0
28.304516129032258,-12.0875,96.875,1996-05-01,DAR Long,NOAA,28.58538087510965,1996-May,-0.2808647460773912,0
28.152333333333335,-12.0875,96.875,1996-06-01,DAR Long,NOAA,28.58538087510965,1996-Jun,-0.43304754177631466,0
27.51258064516129,-12.0875,96.875,1996-07-01,DAR Long,NOAA,28.58538087510965,1996-Jul,-1.0728002299483599,0
27.116774193548387,-12.0875,96.875,1996-08-01,DAR Long,NOAA,28.58538087510965,1996-Aug,-1.468606681561262,0
26.789666666666665,-12.0875,96.875,1996-09-01,DAR Long,NOAA,28.58538087510965,1996-Sep,-1.795714208442984,0
27.243870967741938,-12.0875,96.875,1996-10-01,DAR Long,NOAA,28.58538087510965,1996-Oct,-1.341509907367712,0
27.223666666666666,-12.0875,96.875,1996-11-01,DAR Long,NOAA,28.58538087510965,1996-Nov,-1.361714208442983,0
27.455161290322582,-12.0875,96.875,1996-12-01,DAR Long,NOAA,28.58538087510965,1996-Dec,-1.130219584787067,0
28.00032258064516,-12.0875,96.875,1997-01-01,DAR Long,NOAA,28.58538087510965,1997-Jan,-0.5850582944644884,0
27.88357142857143,-12.0875,96.875,1997-02-01,DAR Long,NOAA,28.58538087510965,1997-Feb,-0.7018094465382205,0
28.171935483870968,-12.0875,96.875,1997-03-01,DAR Long,NOAA,28.58538087510965,1997-Mar,-0.41344539123868174,0
27.957666666666668,-12.0875,96.875,1997-04-01,DAR Long,NOAA,28.58538087510965,1997-Apr,-0.6277142084429812,0
27.97225806451613,-12.0875,96.875,1997-05-01,DAR Long,NOAA,28.58538087510965,1997-May,-0.61312281059352,0
28.260666666666665,-12.0875,96.875,1997-06-01,DAR Long,NOAA,28.58538087510965,1997-Jun,-0.32471420844298393,0
27.01967741935484,-12.0875,96.875,1997-07-01,DAR Long,NOAA,28.58538087510965,1997-Jul,-1.5657034557548108,0
26.162903225806453,-12.0875,96.875,1997-08-01,DAR Long,NOAA,28.58538087510965,1997-Aug,-2.4224776493031968,0
25.820666666666668,-12.0875,96.875,1997-09-01,DAR Long,NOAA,28.58538087510965,1997-Sep,-2.7647142084429817,0
26.064516129032256,-12.0875,96.875,1997-10-01,DAR Long,NOAA,28.58538087510965,1997-Oct,-2.520864746077393,0
26.281333333333333,-12.0875,96.875,1997-11-01,DAR Long,NOAA,28.58538087510965,1997-Nov,-2.304047541776317,0
27.331935483870968,-12.0875,96.875,1997-12-01,DAR Long,NOAA,28.58538087510965,1997-Dec,-1.2534453912386816,0
27.92,-12.0875,96.875,1998-01-01,DAR Long,NOAA,28.58538087510965,1998-Jan,-0.6653808751096477,0
28.396071428571428,-12.0875,96.875,1998-02-01,DAR Long,NOAA,28.58538087510965,1998-Feb,-0.18930944653822124,0
28.991612903225807,-12.0875,96.875,1998-03-01,DAR Long,NOAA,28.58538087510965,1998-Mar,0.40623202811615755,0.40623202811615755
29.207,-12.0875,96.875,1998-04-01,DAR Long,NOAA,28.58538087510965,1998-Apr,0.6216191248903513,1.0278511530065089
28.38935483870968,-12.0875,96.875,1998-05-01,DAR Long,NOAA,28.58538087510965,1998-May,-0.19602603639997085,0
27.493333333333332,-12.0875,96.875,1998-06-01,DAR Long,NOAA,28.58538087510965,1998-Jun,-1.0920475417763171,0
26.766129032258064,-12.0875,96.875,1998-07-01,DAR Long,NOAA,28.58538087510965,1998-Jul,-1.8192518428515854,0
26.694193548387098,-12.0875,96.875,1998-08-01,DAR Long,NOAA,28.58538087510965,1998-Aug,-1.8911873267225516,0
27.215666666666667,-12.0875,96.875,1998-09-01,DAR Long,NOAA,28.58538087510965,1998-Sep,-1.369714208442982,0
27.723548387096773,-12.0875,96.875,1998-10-01,DAR Long,NOAA,28.58538087510965,1998-Oct,-0.861832488012876,0
27.943666666666665,-12.0875,96.875,1998-11-01,DAR Long,NOAA,28.58538087510965,1998-Nov,-0.6417142084429841,0
27.81290322580645,-12.0875,96.875,1998-12-01,DAR Long,NOAA,28.58538087510965,1998-Dec,-0.7724776493031982,0
28.051935483870967,-12.0875,96.875,1999-01-01,DAR Long,NOAA,28.58538087510965,1999-Jan,-0.5334453912386827,0
28.7525,-12.0875,96.875,1999-02-01,DAR Long,NOAA,28.58538087510965,1999-Feb,0.16711912489035186,0.16711912489035186
28.836129032258064,-12.0875,96.875,1999-03-01,DAR Long,NOAA,28.58538087510965,1999-Mar,0.2507481571484149,0.4178672820387668
28.24,-12.0875,96.875,1999-04-01,DAR Long,NOAA,28.58538087510965,1999-Apr,-0.345380875109651,0
28.004193548387097,-12.0875,96.875,1999-05-01,DAR Long,NOAA,28.58538087510965,1999-May,-0.5811873267225529,0
27.599,-12.0875,96.875,1999-06-01,DAR Long,NOAA,28.58538087510965,1999-Jun,-0.9863808751096492,0
27.063225806451612,-12.0875,96.875,1999-07-01,DAR Long,NOAA,28.58538087510965,1999-Jul,-1.5221550686580372,0
26.967741935483872,-12.0875,96.875,1999-08-01,DAR Long,NOAA,28.58538087510965,1999-Aug,-1.6176389396257775,0
26.551666666666666,-12.0875,96.875,1999-09-01,DAR Long,NOAA,28.58538087510965,1999-Sep,-2.0337142084429836,0
26.27225806451613,-12.0875,96.875,1999-10-01,DAR Long,NOAA,28.58538087510965,1999-Oct,-2.3131228105935193,0
26.790333333333333,-12.0875,96.875,1999-11-01,DAR Long,NOAA,28.58538087510965,1999-Nov,-1.7950475417763165,0
27.293548387096774,-12.0875,96.875,1999-12-01,DAR Long,NOAA,28.58538087510965,1999-Dec,-1.2918324880128758,0
28.06,-12.0875,96.875,2000-01-01,DAR Long,NOAA,28.58538087510965,2000-Jan,-0.5253808751096507,0
28.21862068965517,-12.0875,96.875,2000-02-01,DAR Long,NOAA,28.58538087510965,2000-Feb,-0.36676018545447775,0
28.223225806451612,-12.0875,96.875,2000-03-01,DAR Long,NOAA,28.58538087510965,2000-Mar,-0.36215506865803704,0
28.450666666666667,-12.0875,96.875,2000-04-01,DAR Long,NOAA,28.58538087510965,2000-Apr,-0.13471420844298265,0
27.698387096774194,-12.0875,96.875,2000-05-01,DAR Long,NOAA,28.58538087510965,2000-May,-0.8869937783354551,0
27.613666666666667,-12.0875,96.875,2000-06-01,DAR Long,NOAA,28.58538087510965,2000-Jun,-0.9717142084429824,0
27.319032258064517,-12.0875,96.875,2000-07-01,DAR Long,NOAA,28.58538087510965,2000-Jul,-1.2663486170451321,0
27.191290322580645,-12.0875,96.875,2000-08-01,DAR Long,NOAA,28.58538087510965,2000-Aug,-1.3940905525290042,0
26.815333333333335,-12.0875,96.875,2000-09-01,DAR Long,NOAA,28.58538087510965,2000-Sep,-1.7700475417763144,0
26.227096774193548,-12.0875,96.875,2000-10-01,DAR Long,NOAA,28.58538087510965,2000-Oct,-2.3582841009161015,0
26.705,-12.0875,96.875,2000-11-01,DAR Long,NOAA,28.58538087510965,2000-Nov,-1.8803808751096511,0
27.176774193548386,-12.0875,96.875,2000-12-01,DAR Long,NOAA,28.58538087510965,2000-Dec,-1.4086066815612632,0
27.610967741935482,-12.0875,96.875,2001-01-01,DAR Long,NOAA,28.58538087510965,2001-Jan,-0.974413133174167,0
28.227857142857143,-12.0875,96.875,2001-02-01,DAR Long,NOAA,28.58538087510965,2001-Feb,-0.3575237322525062,0
28.61806451612903,-12.0875,96.875,2001-03-01,DAR Long,NOAA,28.58538087510965,2001-Mar,0.03268364101938204,0.03268364101938204
27.790666666666667,-12.0875,96.875,2001-04-01,DAR Long,NOAA,28.58538087510965,2001-Apr,-0.7947142084429828,0
27.99451612903226,-12.0875,96.875,2001-05-01,DAR Long,NOAA,28.58538087510965,2001-May,-0.5908647460773899,0
28.324666666666666,-12.0875,96.875,2001-06-01,DAR Long,NOAA,28.58538087510965,2001-Jun,-0.2607142084429839,0
27.38225806451613,-12.0875,96.875,2001-07-01,DAR Long,NOAA,28.58538087510965,2001-Jul,-1.2031228105935199,0
26.811290322580646,-12.0875,96.875,2001-08-01,DAR Long,NOAA,28.58538087510965,2001-Aug,-1.7740905525290032,0
26.516,-12.0875,96.875,2001-09-01,DAR Long,NOAA,28.58538087510965,2001-Sep,-2.069380875109651,0
26.743548387096773,-12.0875,96.875,2001-10-01,DAR Long,NOAA,28.58538087510965,2001-Oct,-1.8418324880128765,0
26.403333333333332,-12.0875,96.875,2001-11-01,DAR Long,NOAA,28.58538087510965,2001-Nov,-2.182047541776317,0
28.12741935483871,-12.0875,96.875,2001-12-01,DAR Long,NOAA,28.58538087510965,2001-Dec,-0.4579615202709384,0
27.93258064516129,-12.0875,96.875,2002-01-01,DAR Long,NOAA,28.58538087510965,2002-Jan,-0.6528002299483582,0
28.06142857142857,-12.0875,96.875,2002-02-01,DAR Long,NOAA,28.58538087510965,2002-Feb,-0.523952303681078,0
28.426451612903225,-12.0875,96.875,2002-03-01,DAR Long,NOAA,28.58538087510965,2002-Mar,-0.15892926220642423,0
28.662333333333333,-12.0875,96.875,2002-04-01,DAR Long,NOAA,28.58538087510965,2002-Apr,0.07695245822368335,0.07695245822368335
28.299032258064518,-12.0875,96.875,2002-05-01,DAR Long,NOAA,28.58538087510965,2002-May,-0.2863486170451317,0
27.967666666666666,-12.0875,96.875,2002-06-01,DAR Long,NOAA,28.58538087510965,2002-Jun,-0.6177142084429832,0
27.22258064516129,-12.0875,96.875,2002-07-01,DAR Long,NOAA,28.58538087510965,2002-Jul,-1.362800229948359,0
27.256774193548388,-12.0875,96.875,2002-08-01,DAR Long,NOAA,28.58538087510965,2002-Aug,-1.3286066815612614,0
26.581666666666667,-12.0875,96.875,2002-09-01,DAR Long,NOAA,28.58538087510965,2002-Sep,-2.0037142084429824,0
26.11225806451613,-12.0875,96.875,2002-10-01,DAR Long,NOAA,28.58538087510965,2002-Oct,-2.4731228105935195,0
26.413333333333334,-12.0875,96.875,2002-11-01,DAR Long,NOAA,28.58538087510965,2002-Nov,-2.1720475417763154,0
26.85,-12.0875,96.875,2002-12-01,DAR Long,NOAA,28.58538087510965,2002-Dec,-1.735380875109648,0
28.648064516129033,-12.0875,96.875,2003-01-01,DAR Long,NOAA,28.58538087510965,2003-Jan,0.06268364101938317,0.06268364101938317
28.936785714285715,-12.0875,96.875,2003-02-01,DAR Long,NOAA,28.58538087510965,2003-Feb,0.351404839176066,0.4140884801954492
28.746451612903225,-12.0875,96.875,2003-03-01,DAR Long,NOAA,28.58538087510965,2003-Mar,0.16107073779357606,0.5751592179890253
28.687,-12.0875,96.875,2003-04-01,DAR Long,NOAA,28.58538087510965,2003-Apr,0.10161912489035174,0.676778342879377
28.213225806451614,-12.0875,96.875,2003-05-01,DAR Long,NOAA,28.58538087510965,2003-May,-0.37215506865803505,0
28.209666666666667,-12.0875,96.875,2003-06-01,DAR Long,NOAA,28.58538087510965,2003-Jun,-0.3757142084429823,0
27.613870967741935,-12.0875,96.875,2003-07-01,DAR Long,NOAA,28.58538087510965,2003-Jul,-0.9715099073677145,0
26.939354838709676,-12.0875,96.875,2003-08-01,DAR Long,NOAA,28.58538087510965,2003-Aug,-1.6460260363999737,0
26.168,-12.0875,96.875,2003-09-01,DAR Long,NOAA,28.58538087510965,2003-Sep,-2.41738087510965,0
26.566129032258065,-12.0875,96.875,2003-10-01,DAR Long,NOAA,28.58538087510965,2003-Oct,-2.0192518428515847,0
26.329,-12.0875,96.875,2003-11-01,DAR Long,NOAA,28.58538087510965,2003-Nov,-2.256380875109649,0
27.229032258064517,-12.0875,96.875,2003-12-01,DAR Long,NOAA,28.58538087510965,2003-Dec,-1.356348617045132,0
27.811290322580646,-12.0875,96.875,2004-01-01,DAR Long,NOAA,28.58538087510965,2004-Jan,-0.7740905525290032,0
28.83137931034483,-12.0875,96.875,2004-02-01,DAR Long,NOAA,28.58538087510965,2004-Feb,0.2459984352351796,0.2459984352351796
28.45,-12.0875,96.875,2004-03-01,DAR Long,NOAA,28.58538087510965,2004-Mar,-0.13538087510965013,0
28.558333333333334,-12.0875,96.875,2004-04-01,DAR Long,NOAA,28.58538087510965,2004-Apr,-0.027047541776315853,0
28.04806451612903,-12.0875,96.875,2004-05-01,DAR Long,NOAA,28.58538087510965,2004-May,-0.5373163589806182,0
27.664333333333335,-12.0875,96.875,2004-06-01,DAR Long,NOAA,28.58538087510965,2004-Jun,-0.9210475417763142,0
27.29258064516129,-12.0875,96.875,2004-07-01,DAR Long,NOAA,28.58538087510965,2004-Jul,-1.2928002299483587,0
26.730967741935483,-12.0875,96.875,2004-08-01,DAR Long,NOAA,28.58538087510965,2004-Aug,-1.854413133174166,0
26.218666666666667,-12.0875,96.875,2004-09-01,DAR Long,NOAA,28.58538087510965,2004-Sep,-2.366714208442982,0
26.47935483870968,-12.0875,96.875,2004-10-01,DAR Long,NOAA,28.58538087510965,2004-Oct,-2.106026036399971,0
26.7,-12.0875,96.875,2004-11-01,DAR Long,NOAA,28.58538087510965,2004-Nov,-1.8853808751096501,0
27.151935483870968,-12.0875,96.875,2004-12-01,DAR Long,NOAA,28.58538087510965,2004-Dec,-1.4334453912386813,0
27.9,-12.0875,96.875,2005-01-01,DAR Long,NOAA,28.58538087510965,2005-Jan,-0.6853808751096508,0
28.993928571428572,-12.0875,96.875,2005-02-01,DAR Long,NOAA,28.58538087510965,2005-Feb,0.40854769631892296,0.40854769631892296
29.573225806451614,-12.0875,96.875,2005-03-01,DAR Long,NOAA,28.58538087510965,2005-Mar,0.9878449313419644,1.3963926276608873
28.314,-12.0875,96.875,2005-04-01,DAR Long,NOAA,28.58538087510965,2005-Apr,-0.27138087510964937,0
28.44483870967742,-12.0875,96.875,2005-05-01,DAR Long,NOAA,28.58538087510965,2005-May,-0.14054216543222964,0
27.946,-12.0875,96.875,2005-06-01,DAR Long,NOAA,28.58538087510965,2005-Jun,-0.6393808751096479,0
27.07032258064516,-12.0875,96.875,2005-07-01,DAR Long,NOAA,28.58538087510965,2005-Jul,-1.5150582944644881,0
26.756774193548388,-12.0875,96.875,2005-08-01,DAR Long,NOAA,28.58538087510965,2005-Aug,-1.8286066815612614,0
26.844,-12.0875,96.875,2005-09-01,DAR Long,NOAA,28.58538087510965,2005-Sep,-1.7413808751096482,0
26.711612903225806,-12.0875,96.875,2005-10-01,DAR Long,NOAA,28.58538087510965,2005-Oct,-1.8737679718838436,0
27.069666666666667,-12.0875,96.875,2005-11-01,DAR Long,NOAA,28.58538087510965,2005-Nov,-1.5157142084429829,0
27.30548387096774,-12.0875,96.875,2005-12-01,DAR Long,NOAA,28.58538087510965,2005-Dec,-1.2798970041419082,0
28.046451612903226,-12.0875,96.875,2006-01-01,DAR Long,NOAA,28.58538087510965,2006-Jan,-0.5389292622064232,0
28.167857142857144,-12.0875,96.875,2006-02-01,DAR Long,NOAA,28.58538087510965,2006-Feb,-0.41752373225250494,0
28.726129032258065,-12.0875,96.875,2006-03-01,DAR Long,NOAA,28.58538087510965,2006-Mar,0.1407481571484155,0.1407481571484155
28.378333333333334,-12.0875,96.875,2006-04-01,DAR Long,NOAA,28.58538087510965,2006-Apr,-0.20704754177631557,0
27.894193548387097,-12.0875,96.875,2006-05-01,DAR Long,NOAA,28.58538087510965,2006-May,-0.6911873267225523,0
27.256333333333334,-12.0875,96.875,2006-06-01,DAR Long,NOAA,28.58538087510965,2006-Jun,-1.3290475417763155,0
27.148064516129033,-12.0875,96.875,2006-07-01,DAR Long,NOAA,28.58538087510965,2006-Jul,-1.4373163589806168,0
26.80516129032258,-12.0875,96.875,2006-08-01,DAR Long,NOAA,28.58538087510965,2006-Aug,-1.7802195847870692,0
26.542,-12.0875,96.875,2006-09-01,DAR Long,NOAA,28.58538087510965,2006-Sep,-2.043380875109648,0
26.096774193548388,-12.0875,96.875,2006-10-01,DAR Long,NOAA,28.58538087510965,2006-Oct,-2.4886066815612615,0
26.580666666666666,-12.0875,96.875,2006-11-01,DAR Long,NOAA,28.58538087510965,2006-Nov,-2.0047142084429836,0
26.706774193548387,-12.0875,96.875,2006-12-01,DAR Long,NOAA,28.58538087510965,2006-Dec,-1.878606681561262,0
27.51967741935484,-12.0875,96.875,2007-01-01,DAR Long,NOAA,28.58538087510965,2007-Jan,-1.0657034557548108,0
28.676785714285714,-12.0875,96.875,2007-02-01,DAR Long,NOAA,28.58538087510965,2007-Feb,0.09140483917606446,0.09140483917606446
28.78516129032258,-12.0875,96.875,2007-03-01,DAR Long,NOAA,28.58538087510965,2007-Mar,0.19978041521293122,0.2911852543889957
28.085,-12.0875,96.875,2007-04-01,DAR Long,NOAA,28.58538087510965,2007-Apr,-0.5003808751096486,0
27.829677419354837,-12.0875,96.875,2007-05-01,DAR Long,NOAA,28.58538087510965,2007-May,-0.7557034557548121,0
27.499,-12.0875,96.875,2007-06-01,DAR Long,NOAA,28.58538087510965,2007-Jun,-1.0863808751096506,0
27.20193548387097,-12.0875,96.875,2007-07-01,DAR Long,NOAA,28.58538087510965,2007-Jul,-1.3834453912386806,0
27.11516129032258,-12.0875,96.875,2007-08-01,DAR Long,NOAA,28.58538087510965,2007-Aug,-1.4702195847870705,0
26.699,-12.0875,96.875,2007-09-01,DAR Long,NOAA,28.58538087510965,2007-Sep,-1.8863808751096478,0
26.34258064516129,-12.0875,96.875,2007-10-01,DAR Long,NOAA,28.58538087510965,2007-Oct,-2.242800229948358,0
26.483666666666668,-12.0875,96.875,2007-11-01,DAR Long,NOAA,28.58538087510965,2007-Nov,-2.1017142084429814,0
27.230645161290322,-12.0875,96.875,2007-12-01,DAR Long,NOAA,28.58538087510965,2007-Dec,-1.354735713819327,0
28.45,-12.0875,96.875,2008-01-01,DAR Long,NOAA,28.58538087510965,2008-Jan,-0.13538087510965013,0
28.32103448275862,-12.0875,96.875,2008-02-01,DAR Long,NOAA,28.58538087510965,2008-Feb,-0.26434639235102964,0
28.53516129032258,-12.0875,96.875,2008-03-01,DAR Long,NOAA,28.58538087510965,2008-Mar,-0.05021958478706878,0
28.219333333333335,-12.0875,96.875,2008-04-01,DAR Long,NOAA,28.58538087510965,2008-Apr,-0.3660475417763145,0
27.529032258064515,-12.0875,96.875,2008-05-01,DAR Long,NOAA,28.58538087510965,2008-May,-1.0563486170451348,0
27.699333333333332,-12.0875,96.875,2008-06-01,DAR Long,NOAA,28.58538087510965,2008-Jun,-0.8860475417763176,0
27.06774193548387,-12.0875,96.875,2008-07-01,DAR Long,NOAA,28.58538087510965,2008-Jul,-1.5176389396257797,0
26.481290322580644,-12.0875,96.875,2008-08-01,DAR Long,NOAA,28.58538087510965,2008-Aug,-2.104090552529005,0
26.517333333333333,-12.0875,96.875,2008-09-01,DAR Long,NOAA,28.58538087510965,2008-Sep,-2.0680475417763162,0
26.250967741935483,-12.0875,96.875,2008-10-01,DAR Long,NOAA,28.58538087510965,2008-Oct,-2.3344131331741664,0
26.975666666666665,-12.0875,96.875,2008-11-01,DAR Long,NOAA,28.58538087510965,2008-Nov,-1.609714208442984,0
26.73516129032258,-12.0875,96.875,2008-12-01,DAR Long,NOAA,28.58538087510965,2008-Dec,-1.8502195847870695,0
27.696451612903225,-12.0875,96.875,2009-01-01,DAR Long,NOAA,28.58538087510965,2009-Jan,-0.8889292622064247,0
28.509285714285713,-12.0875,96.875,2009-02-01,DAR Long,NOAA,28.58538087510965,2009-Feb,-0.07609516082393597,0
28.33741935483871,-12.0875,96.875,2009-03-01,DAR Long,NOAA,28.58538087510965,2009-Mar,-0.2479615202709411,0
28.471333333333334,-12.0875,96.875,2009-04-01,DAR Long,NOAA,28.58538087510965,2009-Apr,-0.1140475417763156,0
28.233225806451614,-12.0875,96.875,2009-05-01,DAR Long,NOAA,28.58538087510965,2009-May,-0.3521550686580355,0
27.836666666666666,-12.0875,96.875,2009-06-01,DAR Long,NOAA,28.58538087510965,2009-Jun,-0.7487142084429834,0
27.88806451612903,-12.0875,96.875,2009-07-01,DAR Long,NOAA,28.58538087510965,2009-Jul,-0.6973163589806184,0
27.074516129032258,-12.0875,96.875,2009-08-01,DAR Long,NOAA,28.58538087510965,2009-Aug,-1.5108647460773916,0
26.392,-12.0875,96.875,2009-09-01,DAR Long,NOAA,28.58538087510965,2009-Sep,-2.19338087510965,0
26.386451612903226,-12.0875,96.875,2009-10-01,DAR Long,NOAA,28.58538087510965,2009-Oct,-2.1989292622064234,0
27.210333333333335,-12.0875,96.875,2009-11-01,DAR Long,NOAA,28.58538087510965,2009-Nov,-1.3750475417763148,0
27.314193548387095,-12.0875,96.875,2009-12-01,DAR Long,NOAA,28.58538087510965,2009-Dec,-1.2711873267225542,0
28.35258064516129,-12.0875,96.875,2010-01-01,DAR Long,NOAA,28.58538087510965,2010-Jan,-0.23280022994836003,0
28.723214285714285,-12.0875,96.875,2010-02-01,DAR Long,NOAA,28.58538087510965,2010-Feb,0.13783341060463528,0.13783341060463528
29.303548387096775,-12.0875,96.875,2010-03-01,DAR Long,NOAA,28.58538087510965,2010-Mar,0.7181675119871258,0.8560009225917611
28.832666666666668,-12.0875,96.875,2010-04-01,DAR Long,NOAA,28.58538087510965,2010-Apr,0.2472857915570188,1.1032867141487799
28.2,-12.0875,96.875,2010-05-01,DAR Long,NOAA,28.58538087510965,2010-May,-0.38538087510965013,0
27.918,-12.0875,96.875,2010-06-01,DAR Long,NOAA,28.58538087510965,2010-Jun,-0.6673808751096502,0
27.294838709677418,-12.0875,96.875,2010-07-01,DAR Long,NOAA,28.58538087510965,2010-Jul,-1.2905421654322318,0
27.310967741935485,-12.0875,96.875,2010-08-01,DAR Long,NOAA,28.58538087510965,2010-Aug,-1.2744131331741642,0
27.457333333333334,-12.0875,96.875,2010-09-01,DAR Long,NOAA,28.58538087510965,2010-Sep,-1.128047541776315,0
27.385806451612904,-12.0875,96.875,2010-10-01,DAR Long,NOAA,28.58538087510965,2010-Oct,-1.1995744234967454,0
28.157,-12.0875,96.875,2010-11-01,DAR Long,NOAA,28.58538087510965,2010-Nov,-0.4283808751096494,0
28.702903225806452,-12.0875,96.875,2010-12-01,DAR Long,NOAA,28.58538087510965,2010-Dec,0.11752235069680239,0.11752235069680239
28.664193548387097,-12.0875,96.875,2011-01-01,DAR Long,NOAA,28.58538087510965,2011-Jan,0.07881267327744723,0.19633502397424962
28.733571428571427,-12.0875,96.875,2011-02-01,DAR Long,NOAA,28.58538087510965,2011-Feb,0.14819055346177734,0.34452557743602696
29.025806451612905,-12.0875,96.875,2011-03-01,DAR Long,NOAA,28.58538087510965,2011-Mar,0.4404255765032552,0.7849511539392822
28.576,-12.0875,96.875,2011-04-01,DAR Long,NOAA,28.58538087510965,2011-Apr,-0.009380875109648912,0
27.85258064516129,-12.0875,96.875,2011-05-01,DAR Long,NOAA,28.58538087510965,2011-May,-0.73280022994836,0
27.924333333333333,-12.0875,96.875,2011-06-01,DAR Long,NOAA,28.58538087510965,2011-Jun,-0.6610475417763162,0
27.426451612903225,-12.0875,96.875,2011-07-01,DAR Long,NOAA,28.58538087510965,2011-Jul,-1.1589292622064242,0
26.948387096774194,-12.0875,96.875,2011-08-01,DAR Long,NOAA,28.58538087510965,2011-Aug,-1.6369937783354551,0
26.266,-12.0875,96.875,2011-09-01,DAR Long,NOAA,28.58538087510965,2011-Sep,-2.319380875109651,0
26.573870967741936,-12.0875,96.875,2011-10-01,DAR Long,NOAA,28.58538087510965,2011-Oct,-2.0115099073677136,0
27.103,-12.0875,96.875,2011-11-01,DAR Long,NOAA,28.58538087510965,2011-Nov,-1.4823808751096479,0
27.55774193548387,-12.0875,96.875,2011-12-01,DAR Long,NOAA,28.58538087510965,2011-Dec,-1.0276389396257777,0
28.776451612903227,-12.0875,96.875,2012-01-01,DAR Long,NOAA,28.58538087510965,2012-Jan,0.1910707377935772,0.1910707377935772
28.821724137931035,-12.0875,96.875,2012-02-01,DAR Long,NOAA,28.58538087510965,2012-Feb,0.23634326282138574,0.42741400061496293
28.83290322580645,-12.0875,96.875,2012-03-01,DAR Long,NOAA,28.58538087510965,2012-Mar,0.2475223506968014,0.6749363513117643
28.650333333333332,-12.0875,96.875,2012-04-01,DAR Long,NOAA,28.58538087510965,2012-Apr,0.0649524582236829,0.7398888095354472
29.15225806451613,-12.0875,96.875,2012-05-01,DAR Long,NOAA,28.58538087510965,2012-May,0.5668771894064797,1.306765998941927
28.095666666666666,-12.0875,96.875,2012-06-01,DAR Long,NOAA,28.58538087510965,2012-Jun,-0.4897142084429831,0
27.804516129032258,-12.0875,96.875,2012-07-01,DAR Long,NOAA,28.58538087510965,2012-Jul,-0.7808647460773912,0
26.76516129032258,-12.0875,96.875,2012-08-01,DAR Long,NOAA,28.58538087510965,2012-Aug,-1.8202195847870684,0
26.201333333333334,-12.0875,96.875,2012-09-01,DAR Long,NOAA,28.58538087510965,2012-Sep,-2.384047541776315,0
26.37709677419355,-12.0875,96.875,2012-10-01,DAR Long,NOAA,28.58538087510965,2012-Oct,-2.2082841009160994,0
27.219333333333335,-12.0875,96.875,2012-11-01,DAR Long,NOAA,28.58538087510965,2012-Nov,-1.3660475417763145,0
26.94967741935484,-12.0875,96.875,2012-12-01,DAR Long,NOAA,28.58538087510965,2012-Dec,-1.6357034557548111,0
28.53451612903226,-12.0875,96.875,2013-01-01,DAR Long,NOAA,28.58538087510965,2013-Jan,-0.05086474607739078,0
28.96392857142857,-12.0875,96.875,2013-02-01,DAR Long,NOAA,28.58538087510965,2013-Feb,0.3785476963189218,0.3785476963189218
28.5958064516129,-12.0875,96.875,2013-03-01,DAR Long,NOAA,28.58538087510965,2013-Mar,0.010425576503251932,0.38897327282217375
28.912666666666667,-12.0875,96.875,2013-04-01,DAR Long,NOAA,28.58538087510965,2013-Apr,0.3272857915570171,0.7162590643791908
28.33451612903226,-12.0875,96.875,2013-05-01,DAR Long,NOAA,28.58538087510965,2013-May,-0.25086474607739007,0
27.462,-12.0875,96.875,2013-06-01,DAR Long,NOAA,28.58538087510965,2013-Jun,-1.1233808751096497,0
26.79,-12.0875,96.875,2013-07-01,DAR Long,NOAA,28.58538087510965,2013-Jul,-1.7953808751096503,0
27.22935483870968,-12.0875,96.875,2013-08-01,DAR Long,NOAA,28.58538087510965,2013-Aug,-1.356026036399971,0
26.786,-12.0875,96.875,2013-09-01,DAR Long,NOAA,28.58538087510965,2013-Sep,-1.799380875109648,0
26.95032258064516,-12.0875,96.875,2013-10-01,DAR Long,NOAA,28.58538087510965,2013-Oct,-1.6350582944644891,0
27.275,-12.0875,96.875,2013-11-01,DAR Long,NOAA,28.58538087510965,2013-Nov,-1.3103808751096508,0
27.773870967741935,-12.0875,96.875,2013-12-01,DAR Long,NOAA,28.58538087510965,2013-Dec,-0.8115099073677143,0
28.228387096774192,-12.0875,96.875,2014-01-01,DAR Long,NOAA,28.58538087510965,2014-Jan,-0.35699377833545753,0
29.263928571428572,-12.0875,96.875,2014-02-01,DAR Long,NOAA,28.58538087510965,2014-Feb,0.6785476963189225,0.6785476963189225
29.30258064516129,-12.0875,96.875,2014-03-01,DAR Long,NOAA,28.58538087510965,2014-Mar,0.7171997700516393,1.3957474663705618
29.532,-12.0875,96.875,2014-04-01,DAR Long,NOAA,28.58538087510965,2014-Apr,0.9466191248903506,2.3423665912609124
29.046451612903226,-12.0875,96.875,2014-05-01,DAR Long,NOAA,28.58538087510965,2014-May,0.46107073779357677,2.803437329054489
28.488333333333333,-12.0875,96.875,2014-06-01,DAR Long,NOAA,28.58538087510965,2014-Jun,-0.09704754177631614,0
27.491935483870968,-12.0875,96.875,2014-07-01,DAR Long,NOAA,28.58538087510965,2014-Jul,-1.0934453912386815,0
27.155806451612904,-12.0875,96.875,2014-08-01,DAR Long,NOAA,28.58538087510965,2014-Aug,-1.4295744234967458,0
27.529,-12.0875,96.875,2014-09-01,DAR Long,NOAA,28.58538087510965,2014-Sep,-1.0563808751096495,0
27.00774193548387,-12.0875,96.875,2014-10-01,DAR Long,NOAA,28.58538087510965,2014-Oct,-1.5776389396257784,0
26.699666666666666,-12.0875,96.875,2014-11-01,DAR Long,NOAA,28.58538087510965,2014-Nov,-1.8857142084429839,0
27.63064516129032,-12.0875,96.875,2014-12-01,DAR Long,NOAA,28.58538087510965,2014-Dec,-0.9547357138193284,0
28.460967741935484,-12.0875,96.875,2015-01-01,DAR Long,NOAA,28.58538087510965,2015-Jan,-0.12441313317416558,0
29.145714285714284,-12.0875,96.875,2015-02-01,DAR Long,NOAA,28.58538087510965,2015-Feb,0.5603334106046347,0.5603334106046347
29.523870967741935,-12.0875,96.875,2015-03-01,DAR Long,NOAA,28.58538087510965,2015-Mar,0.9384900926322857,1.4988235032369204
29.091,-12.0875,96.875,2015-04-01,DAR Long,NOAA,28.58538087510965,2015-Apr,0.5056191248903517,2.004442628127272
28.59,-12.0875,96.875,2015-05-01,DAR Long,NOAA,28.58538087510965,2015-May,0.0046191248903504345,2.0090617530176225
27.775333333333332,-12.0875,96.875,2015-06-01,DAR Long,NOAA,28.58538087510965,2015-Jun,-0.8100475417763171,0
27.641612903225806,-12.0875,96.875,2015-07-01,DAR Long,NOAA,28.58538087510965,2015-Jul,-0.9437679718838439,0
27.000645161290322,-12.0875,96.875,2015-08-01,DAR Long,NOAA,28.58538087510965,2015-Aug,-1.5847357138193274,0
26.655,-12.0875,96.875,2015-09-01,DAR Long,NOAA,28.58538087510965,2015-Sep,-1.9303808751096483,0
26.891612903225806,-12.0875,96.875,2015-10-01,DAR Long,NOAA,28.58538087510965,2015-Oct,-1.6937679718838439,0
27.26033333333333,-12.0875,96.875,2015-11-01,DAR Long,NOAA,28.58538087510965,2015-Nov,-1.3250475417763177,0
27.828064516129032,-12.0875,96.875,2015-12-01,DAR Long,NOAA,28.58538087510965,2015-Dec,-0.7573163589806171,0
28.96516129032258,-12.0875,96.875,2016-01-01,DAR Long,NOAA,28.58538087510965,2016-Jan,0.37978041521293093,0.37978041521293093
29.243448275862068,-12.0875,96.875,2016-02-01,DAR Long,NOAA,28.58538087510965,2016-Feb,0.6580674007524188,1.0378478159653497
29.65290322580645,-12.0875,96.875,2016-03-01,DAR Long,NOAA,28.58538087510965,2016-Mar,1.0675223506968017,2.1053701666621514
29.434333333333335,-12.0875,96.875,2016-04-01,DAR Long,NOAA,28.58538087510965,2016-Apr,0.8489524582236854,2.9543226248858367
28.62290322580645,-12.0875,96.875,2016-05-01,DAR Long,NOAA,28.58538087510965,2016-May,0.037522350696800544,2.9918449755826373
28.500333333333334,-12.0875,96.875,2016-06-01,DAR Long,NOAA,28.58538087510965,2016-Jun,-0.08504754177631568,0
27.858709677419355,-12.0875,96.875,2016-07-01,DAR Long,NOAA,28.58538087510965,2016-Jul,-0.726671197690294,0
26.810967741935485,-12.0875,96.875,2016-08-01,DAR Long,NOAA,28.58538087510965,2016-Aug,-1.7744131331741642,0
27.145,-12.0875,96.875,2016-09-01,DAR Long,NOAA,28.58538087510965,2016-Sep,-1.4403808751096498,0
27.40741935483871,-12.0875,96.875,2016-10-01,DAR Long,NOAA,28.58538087510965,2016-Oct,-1.1779615202709408,0
27.306,-12.0875,96.875,2016-11-01,DAR Long,NOAA,28.58538087510965,2016-Nov,-1.2793808751096485,0
27.48548387096774,-12.0875,96.875,2016-12-01,DAR Long,NOAA,28.58538087510965,2016-Dec,-1.0998970041419085,0
27.841935483870966,-12.0875,96.875,2017-01-01,DAR Long,NOAA,28.58538087510965,2017-Jan,-0.7434453912386836,0
28.479642857142856,-12.0875,96.875,2017-02-01,DAR Long,NOAA,28.58538087510965,2017-Feb,-0.10573801796679305,0
28.468709677419355,-12.0875,96.875,2017-03-01,DAR Long,NOAA,28.58538087510965,2017-Mar,-0.11667119769029455,0
27.768666666666668,-12.0875,96.875,2017-04-01,DAR Long,NOAA,28.58538087510965,2017-Apr,-0.8167142084429813,0
27.85258064516129,-12.0875,96.875,2017-05-01,DAR Long,NOAA,28.58538087510965,2017-May,-0.73280022994836,0
27.734666666666666,-12.0875,96.875,2017-06-01,DAR Long,NOAA,28.58538087510965,2017-Jun,-0.8507142084429837,0
27.225161290322582,-12.0875,96.875,2017-07-01,DAR Long,NOAA,28.58538087510965,2017-Jul,-1.3602195847870675,0
26.84709677419355,-12.0875,96.875,2017-08-01,DAR Long,NOAA,28.58538087510965,2017-Aug,-1.7382841009161005,0
26.163666666666668,-12.0875,96.875,2017-09-01,DAR Long,NOAA,28.58538087510965,2017-Sep,-2.4217142084429817,0
26.173548387096773,-12.0875,96.875,2017-10-01,DAR Long,NOAA,28.58538087510965,2017-Oct,-2.4118324880128768,0
27.457,-12.0875,96.875,2017-11-01,DAR Long,NOAA,28.58538087510965,2017-Nov,-1.1283808751096487,0
27.203225806451613,-12.0875,96.875,2017-12-01,DAR Long,NOAA,28.58538087510965,2017-Dec,-1.3821550686580366,0
27.655806451612904,-12.0875,96.875,2018-01-01,DAR Long,NOAA,28.58538087510965,2018-Jan,-0.9295744234967458,0
28.556428571428572,-12.0875,96.875,2018-02-01,DAR Long,NOAA,28.58538087510965,2018-Feb,-0.02895230368107704,0
28.461612903225806,-12.0875,96.875,2018-03-01,DAR Long,NOAA,28.58538087510965,2018-Mar,-0.12376797188384359,0
28.362000000000002,-12.0875,96.875,2018-04-01,DAR Long,NOAA,28.58538087510965,2018-Apr,-0.22338087510964755,0
28.59193548387097,-12.0875,96.875,2018-05-01,DAR Long,NOAA,28.58538087510965,2018-May,0.006554608761319969,0.006554608761319969
28.525333333333332,-12.0875,96.875,2018-06-01,DAR Long,NOAA,28.58538087510965,2018-Jun,-0.060047541776317104,0
27.96483870967742,-12.0875,96.875,2018-07-01,DAR Long,NOAA,28.58538087510965,2018-Jul,-0.6205421654322301,0
26.47774193548387,-12.0875,96.875,2018-08-01,DAR Long,NOAA,28.58538087510965,2018-Aug,-2.1076389396257795,0
25.895333333333333,-12.0875,96.875,2018-09-01,DAR Long,NOAA,28.58538087510965,2018-Sep,-2.690047541776316,0
26.39032258064516,-12.0875,96.875,2018-10-01,DAR Long,NOAA,28.58538087510965,2018-Oct,-2.195058294464488,0
27.078333333333333,-12.0875,96.875,2018-11-01,DAR Long,NOAA,28.58538087510965,2018-Nov,-1.5070475417763163,0
27.074516129032258,-12.0875,96.875,2018-12-01,DAR Long,NOAA,28.58538087510965,2018-Dec,-1.5108647460773916,0
28.467741935483872,-12.0875,96.875,2019-01-01,DAR Long,NOAA,28.58538087510965,2019-Jan,-0.11763893962577754,0
28.771785714285716,-12.0875,96.875,2019-02-01,DAR Long,NOAA,28.58538087510965,2019-Feb,0.18640483917606687,0.18640483917606687
28.516774193548386,-12.0875,96.875,2019-03-01,DAR Long,NOAA,28.58538087510965,2019-Mar,-0.06860668156126337,0
28.793333333333333,-12.0875,96.875,2019-04-01,DAR Long,NOAA,28.58538087510965,2019-Apr,0.20795245822368358,0.20795245822368358
28.701290322580643,-12.0875,96.875,2019-05-01,DAR Long,NOAA,28.58538087510965,2019-May,0.11590944747099385,0.32386190569467743
28.115,-12.0875,96.875,2019-06-01,DAR Long,NOAA,28.58538087510965,2019-Jun,-0.470380875109651,0
27.47967741935484,-12.0875,96.875,2019-07-01,DAR Long,NOAA,28.58538087510965,2019-Jul,-1.10570345575481,0
26.304516129032258,-12.0875,96.875,2019-08-01,DAR Long,NOAA,28.58538087510965,2019-Aug,-2.280864746077391,0
26.076666666666668,-12.0875,96.875,2019-09-01,DAR Long,NOAA,28.58538087510965,2019-Sep,-2.5087142084429814,0
26.065483870967743,-12.0875,96.875,2019-10-01,DAR Long,NOAA,28.58538087510965,2019-Oct,-2.5198970041419066,0
26.392333333333333,-12.0875,96.875,2019-11-01,DAR Long,NOAA,28.58538087510965,2019-Nov,-2.1930475417763162,0
27.469354838709677,-12.0875,96.875,2019-12-01,DAR Long,NOAA,28.58538087510965,2019-Dec,-1.1160260363999726,0
28.55741935483871,-12.0875,96.875,2020-01-01,DAR Long,NOAA,28.58538087510965,2020-Jan,-0.027961520270938678,0
29.047241379310346,-12.0875,96.875,2020-02-01,DAR Long,NOAA,28.58538087510965,2020-Feb,0.4618605042006969,0.4618605042006969
28.97290322580645,-12.0875,96.875,2020-03-01,DAR Long,NOAA,28.58538087510965,2020-Mar,0.38752235069680196,0.8493828548974989
29.586,-12.0875,96.875,2020-04-01,DAR Long,NOAA,28.58538087510965,2020-Apr,1.000619124890349,1.850001979787848
28.38225806451613,-12.0875,96.875,2020-05-01,DAR Long,NOAA,28.58538087510965,2020-May,-0.2031228105935199,0
27.350666666666665,-12.0875,96.875,2020-06-01,DAR Long,NOAA,28.58538087510965,2020-Jun,-1.234714208442984,0
27.399032258064516,-12.0875,96.875,2020-07-01,DAR Long,NOAA,28.58538087510965,2020-Jul,-1.1863486170451338,0
27.499032258064517,-12.0875,96.875,2020-08-01,DAR Long,NOAA,28.58538087510965,2020-Aug,-1.0863486170451324,0
27.115,-12.0875,96.875,2020-09-01,DAR Long,NOAA,28.58538087510965,2020-Sep,-1.470380875109651,0
26.833870967741934,-12.0875,96.875,2020-10-01,DAR Long,NOAA,28.58538087510965,2020-Oct,-1.7515099073677156,0
27.238666666666667,-12.0875,96.875,2020-11-01,DAR Long,NOAA,28.58538087510965,2020-Nov,-1.3467142084429824,0
27.443225806451615,-12.0875,96.875,2020-12-01,DAR Long,NOAA,28.58538087510965,2020-Dec,-1.1421550686580346,0
28.17483870967742,-12.0875,96.875,2021-01-01,DAR Long,NOAA,28.58538087510965,2021-Jan,-0.4105421654322292,0
28.885357142857142,-12.0875,96.875,2021-02-01,DAR Long,NOAA,28.58538087510965,2021-Feb,0.29997626774749264,0.29997626774749264
28.95,-12.0875,96.875,2021-03-01,DAR Long,NOAA,28.58538087510965,2021-Mar,0.36461912489034987,0.6645953926378425
28.700666666666667,-12.0875,96.875,2021-04-01,DAR Long,NOAA,28.58538087510965,2021-Apr,0.11528579155701735,0.7798811841948599
28.899677419354838,-12.0875,96.875,2021-05-01,DAR Long,NOAA,28.58538087510965,2021-May,0.31429654424518816,1.094177728440048
28.61,-12.0875,96.875,2021-06-01,DAR Long,NOAA,28.58538087510965,2021-Jun,0.024619124890350008,1.118796853330398
