sst_monthly,Latitude,Longitude,monthly_date,Reef_Site,Data_Type,mmm_from_sst,date,anomaly,TNT07C_DHM
25.36516129032258,-21.893,113.963,1985-01-01,TNT07C,NOAA,28.19077777777778,1985-Jan,-2.8256164874552,0
28.18107142857143,-21.893,113.963,1985-02-01,TNT07C,NOAA,28.19077777777778,1985-Feb,-0.009706349206350495,0
28.35225806451613,-21.893,113.963,1985-03-01,TNT07C,NOAA,28.19077777777778,1985-Mar,0.16148028673834958,0.16148028673834958
28.006666666666668,-21.893,113.963,1985-04-01,TNT07C,NOAA,28.19077777777778,1985-Apr,-0.18411111111111111,0
26.801935483870967,-21.893,113.963,1985-05-01,TNT07C,NOAA,28.19077777777778,1985-May,-1.3888422939068121,0
26.345666666666666,-21.893,113.963,1985-06-01,TNT07C,NOAA,28.19077777777778,1985-Jun,-1.8451111111111125,0
24.351935483870967,-21.893,113.963,1985-07-01,TNT07C,NOAA,28.19077777777778,1985-Jul,-3.8388422939068114,0
23.60967741935484,-21.893,113.963,1985-08-01,TNT07C,NOAA,28.19077777777778,1985-Aug,-4.58110035842294,0
23.421666666666667,-21.893,113.963,1985-09-01,TNT07C,NOAA,28.19077777777778,1985-Sep,-4.769111111111112,0
22.689032258064515,-21.893,113.963,1985-10-01,TNT07C,NOAA,28.19077777777778,1985-Oct,-5.501745519713264,0
22.948999999999998,-21.893,113.963,1985-11-01,TNT07C,NOAA,28.19077777777778,1985-Nov,-5.241777777777781,0
23.681290322580644,-21.893,113.963,1985-12-01,TNT07C,NOAA,28.19077777777778,1985-Dec,-4.509487455197135,0
25.814516129032256,-21.893,113.963,1986-01-01,TNT07C,NOAA,28.19077777777778,1986-Jan,-2.3762616487455226,0
25.72642857142857,-21.893,113.963,1986-02-01,TNT07C,NOAA,28.19077777777778,1986-Feb,-2.4643492063492083,0
28.065806451612904,-21.893,113.963,1986-03-01,TNT07C,NOAA,28.19077777777778,1986-Mar,-0.12497132616487505,0
27.904,-21.893,113.963,1986-04-01,TNT07C,NOAA,28.19077777777778,1986-Apr,-0.2867777777777789,0
26.560645161290324,-21.893,113.963,1986-05-01,TNT07C,NOAA,28.19077777777778,1986-May,-1.6301326164874546,0
24.335333333333335,-21.893,113.963,1986-06-01,TNT07C,NOAA,28.19077777777778,1986-Jun,-3.8554444444444442,0
22.783548387096776,-21.893,113.963,1986-07-01,TNT07C,NOAA,28.19077777777778,1986-Jul,-5.407229390681003,0
21.810967741935485,-21.893,113.963,1986-08-01,TNT07C,NOAA,28.19077777777778,1986-Aug,-6.379810035842294,0
22.092333333333332,-21.893,113.963,1986-09-01,TNT07C,NOAA,28.19077777777778,1986-Sep,-6.098444444444446,0
21.78516129032258,-21.893,113.963,1986-10-01,TNT07C,NOAA,28.19077777777778,1986-Oct,-6.405616487455198,0
22.887666666666668,-21.893,113.963,1986-11-01,TNT07C,NOAA,28.19077777777778,1986-Nov,-5.303111111111111,0
23.677096774193547,-21.893,113.963,1986-12-01,TNT07C,NOAA,28.19077777777778,1986-Dec,-4.513681003584232,0
25.093548387096774,-21.893,113.963,1987-01-01,TNT07C,NOAA,28.19077777777778,1987-Jan,-3.0972293906810044,0
26.512857142857143,-21.893,113.963,1987-02-01,TNT07C,NOAA,28.19077777777778,1987-Feb,-1.6779206349206355,0
27.4158064516129,-21.893,113.963,1987-03-01,TNT07C,NOAA,28.19077777777778,1987-Mar,-0.7749713261648772,0
27.813,-21.893,113.963,1987-04-01,TNT07C,NOAA,28.19077777777778,1987-Apr,-0.37777777777778,0
26.544516129032257,-21.893,113.963,1987-05-01,TNT07C,NOAA,28.19077777777778,1987-May,-1.6462616487455222,0
24.890333333333334,-21.893,113.963,1987-06-01,TNT07C,NOAA,28.19077777777778,1987-Jun,-3.3004444444444445,0
24.510645161290324,-21.893,113.963,1987-07-01,TNT07C,NOAA,28.19077777777778,1987-Jul,-3.6801326164874553,0
23.464193548387097,-21.893,113.963,1987-08-01,TNT07C,NOAA,28.19077777777778,1987-Aug,-4.7265842293906815,0
23.316333333333333,-21.893,113.963,1987-09-01,TNT07C,NOAA,28.19077777777778,1987-Sep,-4.874444444444446,0
23.24451612903226,-21.893,113.963,1987-10-01,TNT07C,NOAA,28.19077777777778,1987-Oct,-4.946261648745519,0
22.843,-21.893,113.963,1987-11-01,TNT07C,NOAA,28.19077777777778,1987-Nov,-5.347777777777779,0
23.243225806451612,-21.893,113.963,1987-12-01,TNT07C,NOAA,28.19077777777778,1987-Dec,-4.947551971326167,0
24.891612903225806,-21.893,113.963,1988-01-01,TNT07C,NOAA,28.19077777777778,1988-Jan,-3.2991648745519733,0
28.212758620689655,-21.893,113.963,1988-02-01,TNT07C,NOAA,28.19077777777778,1988-Feb,0.021980842911876408,0.021980842911876408
28.484193548387097,-21.893,113.963,1988-03-01,TNT07C,NOAA,28.19077777777778,1988-Mar,0.2934157706093181,0.3153966135211945
29.183,-21.893,113.963,1988-04-01,TNT07C,NOAA,28.19077777777778,1988-Apr,0.992222222222221,1.3076188357434155
27.179032258064517,-21.893,113.963,1988-05-01,TNT07C,NOAA,28.19077777777778,1988-May,-1.011745519713262,0
25.938666666666666,-21.893,113.963,1988-06-01,TNT07C,NOAA,28.19077777777778,1988-Jun,-2.2521111111111125,0
24.72967741935484,-21.893,113.963,1988-07-01,TNT07C,NOAA,28.19077777777778,1988-Jul,-3.4611003584229394,0
23.54290322580645,-21.893,113.963,1988-08-01,TNT07C,NOAA,28.19077777777778,1988-Aug,-4.647874551971327,0
23.423333333333332,-21.893,113.963,1988-09-01,TNT07C,NOAA,28.19077777777778,1988-Sep,-4.767444444444447,0
23.921935483870968,-21.893,113.963,1988-10-01,TNT07C,NOAA,28.19077777777778,1988-Oct,-4.268842293906811,0
24.723333333333333,-21.893,113.963,1988-11-01,TNT07C,NOAA,28.19077777777778,1988-Nov,-3.467444444444446,0
26.176451612903225,-21.893,113.963,1988-12-01,TNT07C,NOAA,28.19077777777778,1988-Dec,-2.0143261648745536,0
27.010322580645163,-21.893,113.963,1989-01-01,TNT07C,NOAA,28.19077777777778,1989-Jan,-1.1804551971326163,0
27.947857142857142,-21.893,113.963,1989-02-01,TNT07C,NOAA,28.19077777777778,1989-Feb,-0.24292063492063676,0
28.72225806451613,-21.893,113.963,1989-03-01,TNT07C,NOAA,28.19077777777778,1989-Mar,0.5314802867383506,0.5314802867383506
29.089333333333332,-21.893,113.963,1989-04-01,TNT07C,NOAA,28.19077777777778,1989-Apr,0.8985555555555536,1.4300358422939041
27.61064516129032,-21.893,113.963,1989-05-01,TNT07C,NOAA,28.19077777777778,1989-May,-0.5801326164874574,0
25.285333333333334,-21.893,113.963,1989-06-01,TNT07C,NOAA,28.19077777777778,1989-Jun,-2.905444444444445,0
24.295483870967743,-21.893,113.963,1989-07-01,TNT07C,NOAA,28.19077777777778,1989-Jul,-3.8952939068100356,0
22.91225806451613,-21.893,113.963,1989-08-01,TNT07C,NOAA,28.19077777777778,1989-Aug,-5.278519713261648,0
23.537,-21.893,113.963,1989-09-01,TNT07C,NOAA,28.19077777777778,1989-Sep,-4.65377777777778,0
23.093870967741935,-21.893,113.963,1989-10-01,TNT07C,NOAA,28.19077777777778,1989-Oct,-5.0969068100358434,0
23.964333333333332,-21.893,113.963,1989-11-01,TNT07C,NOAA,28.19077777777778,1989-Nov,-4.2264444444444464,0
24.42451612903226,-21.893,113.963,1989-12-01,TNT07C,NOAA,28.19077777777778,1989-Dec,-3.7662616487455196,0
26.080645161290324,-21.893,113.963,1990-01-01,TNT07C,NOAA,28.19077777777778,1990-Jan,-2.110132616487455,0
27.62107142857143,-21.893,113.963,1990-02-01,TNT07C,NOAA,28.19077777777778,1990-Feb,-0.5697063492063492,0
27.88806451612903,-21.893,113.963,1990-03-01,TNT07C,NOAA,28.19077777777778,1990-Mar,-0.3027132616487478,0
27.148666666666667,-21.893,113.963,1990-04-01,TNT07C,NOAA,28.19077777777778,1990-Apr,-1.0421111111111117,0
26.426774193548386,-21.893,113.963,1990-05-01,TNT07C,NOAA,28.19077777777778,1990-May,-1.7640035842293926,0
25.315666666666665,-21.893,113.963,1990-06-01,TNT07C,NOAA,28.19077777777778,1990-Jun,-2.8751111111111136,0
23.058709677419355,-21.893,113.963,1990-07-01,TNT07C,NOAA,28.19077777777778,1990-Jul,-5.132068100358424,0
22.401290322580646,-21.893,113.963,1990-08-01,TNT07C,NOAA,28.19077777777778,1990-Aug,-5.789487455197133,0
23.219,-21.893,113.963,1990-09-01,TNT07C,NOAA,28.19077777777778,1990-Sep,-4.971777777777778,0
22.895806451612902,-21.893,113.963,1990-10-01,TNT07C,NOAA,28.19077777777778,1990-Oct,-5.294971326164877,0
23.692666666666668,-21.893,113.963,1990-11-01,TNT07C,NOAA,28.19077777777778,1990-Nov,-4.498111111111111,0
24.247096774193547,-21.893,113.963,1990-12-01,TNT07C,NOAA,28.19077777777778,1990-Dec,-3.9436810035842313,0
25.149354838709677,-21.893,113.963,1991-01-01,TNT07C,NOAA,28.19077777777778,1991-Jan,-3.0414229390681022,0
25.900714285714287,-21.893,113.963,1991-02-01,TNT07C,NOAA,28.19077777777778,1991-Feb,-2.290063492063492,0
27.856129032258064,-21.893,113.963,1991-03-01,TNT07C,NOAA,28.19077777777778,1991-Mar,-0.3346487455197149,0
28.813,-21.893,113.963,1991-04-01,TNT07C,NOAA,28.19077777777778,1991-Apr,0.62222222222222,0.62222222222222
28.04193548387097,-21.893,113.963,1991-05-01,TNT07C,NOAA,28.19077777777778,1991-May,-0.14884229390681014,0
25.444333333333333,-21.893,113.963,1991-06-01,TNT07C,NOAA,28.19077777777778,1991-Jun,-2.746444444444446,0
24.36032258064516,-21.893,113.963,1991-07-01,TNT07C,NOAA,28.19077777777778,1991-Jul,-3.8304551971326184,0
23.80774193548387,-21.893,113.963,1991-08-01,TNT07C,NOAA,28.19077777777778,1991-Aug,-4.383035842293907,0
22.406333333333333,-21.893,113.963,1991-09-01,TNT07C,NOAA,28.19077777777778,1991-Sep,-5.784444444444446,0
22.61806451612903,-21.893,113.963,1991-10-01,TNT07C,NOAA,28.19077777777778,1991-Oct,-5.572713261648747,0
22.900666666666666,-21.893,113.963,1991-11-01,TNT07C,NOAA,28.19077777777778,1991-Nov,-5.290111111111113,0
22.933870967741935,-21.893,113.963,1991-12-01,TNT07C,NOAA,28.19077777777778,1991-Dec,-5.256906810035844,0
24.39516129032258,-21.893,113.963,1992-01-01,TNT07C,NOAA,28.19077777777778,1992-Jan,-3.7956164874551988,0
25.90586206896552,-21.893,113.963,1992-02-01,TNT07C,NOAA,28.19077777777778,1992-Feb,-2.2849157088122602,0
27.05774193548387,-21.893,113.963,1992-03-01,TNT07C,NOAA,28.19077777777778,1992-Mar,-1.133035842293907,0
27.096666666666668,-21.893,113.963,1992-04-01,TNT07C,NOAA,28.19077777777778,1992-Apr,-1.0941111111111113,0
25.991290322580646,-21.893,113.963,1992-05-01,TNT07C,NOAA,28.19077777777778,1992-May,-2.199487455197133,0
25.266,-21.893,113.963,1992-06-01,TNT07C,NOAA,28.19077777777778,1992-Jun,-2.9247777777777806,0
24.701290322580647,-21.893,113.963,1992-07-01,TNT07C,NOAA,28.19077777777778,1992-Jul,-3.489487455197132,0
22.82,-21.893,113.963,1992-08-01,TNT07C,NOAA,28.19077777777778,1992-Aug,-5.3707777777777785,0
22.613333333333333,-21.893,113.963,1992-09-01,TNT07C,NOAA,28.19077777777778,1992-Sep,-5.5774444444444455,0
22.546129032258065,-21.893,113.963,1992-10-01,TNT07C,NOAA,28.19077777777778,1992-Oct,-5.644648745519714,0
24.236,-21.893,113.963,1992-11-01,TNT07C,NOAA,28.19077777777778,1992-Nov,-3.954777777777778,0
24.004516129032258,-21.893,113.963,1992-12-01,TNT07C,NOAA,28.19077777777778,1992-Dec,-4.186261648745521,0
25.59,-21.893,113.963,1993-01-01,TNT07C,NOAA,28.19077777777778,1993-Jan,-2.600777777777779,0
25.608214285714286,-21.893,113.963,1993-02-01,TNT07C,NOAA,28.19077777777778,1993-Feb,-2.5825634920634926,0
26.208709677419353,-21.893,113.963,1993-03-01,TNT07C,NOAA,28.19077777777778,1993-Mar,-1.9820681003584255,0
26.15266666666667,-21.893,113.963,1993-04-01,TNT07C,NOAA,28.19077777777778,1993-Apr,-2.0381111111111103,0
26.159354838709678,-21.893,113.963,1993-05-01,TNT07C,NOAA,28.19077777777778,1993-May,-2.0314229390681007,0
25.135666666666665,-21.893,113.963,1993-06-01,TNT07C,NOAA,28.19077777777778,1993-Jun,-3.0551111111111133,0
23.61032258064516,-21.893,113.963,1993-07-01,TNT07C,NOAA,28.19077777777778,1993-Jul,-4.580455197132618,0
22.586774193548386,-21.893,113.963,1993-08-01,TNT07C,NOAA,28.19077777777778,1993-Aug,-5.6040035842293925,0
22.265666666666668,-21.893,113.963,1993-09-01,TNT07C,NOAA,28.19077777777778,1993-Sep,-5.925111111111111,0
22.313225806451612,-21.893,113.963,1993-10-01,TNT07C,NOAA,28.19077777777778,1993-Oct,-5.877551971326167,0
22.600333333333335,-21.893,113.963,1993-11-01,TNT07C,NOAA,28.19077777777778,1993-Nov,-5.590444444444444,0
24.265806451612903,-21.893,113.963,1993-12-01,TNT07C,NOAA,28.19077777777778,1993-Dec,-3.9249713261648758,0
25.83483870967742,-21.893,113.963,1994-01-01,TNT07C,NOAA,28.19077777777778,1994-Jan,-2.3559390681003585,0
26.991785714285715,-21.893,113.963,1994-02-01,TNT07C,NOAA,28.19077777777778,1994-Feb,-1.1989920634920637,0
28.11741935483871,-21.893,113.963,1994-03-01,TNT07C,NOAA,28.19077777777778,1994-Mar,-0.07335842293906936,0
28.285,-21.893,113.963,1994-04-01,TNT07C,NOAA,28.19077777777778,1994-Apr,0.09422222222222132,0.09422222222222132
27.698387096774194,-21.893,113.963,1994-05-01,TNT07C,NOAA,28.19077777777778,1994-May,-0.4923906810035845,0
25.093666666666667,-21.893,113.963,1994-06-01,TNT07C,NOAA,28.19077777777778,1994-Jun,-3.0971111111111114,0
23.881612903225808,-21.893,113.963,1994-07-01,TNT07C,NOAA,28.19077777777778,1994-Jul,-4.309164874551971,0
22.870645161290323,-21.893,113.963,1994-08-01,TNT07C,NOAA,28.19077777777778,1994-Aug,-5.320132616487456,0
22.662,-21.893,113.963,1994-09-01,TNT07C,NOAA,28.19077777777778,1994-Sep,-5.52877777777778,0
22.85967741935484,-21.893,113.963,1994-10-01,TNT07C,NOAA,28.19077777777778,1994-Oct,-5.33110035842294,0
24.243333333333332,-21.893,113.963,1994-11-01,TNT07C,NOAA,28.19077777777778,1994-Nov,-3.9474444444444465,0
25.43032258064516,-21.893,113.963,1994-12-01,TNT07C,NOAA,28.19077777777778,1994-Dec,-2.760455197132618,0
26.10516129032258,-21.893,113.963,1995-01-01,TNT07C,NOAA,28.19077777777778,1995-Jan,-2.085616487455198,0
26.834642857142857,-21.893,113.963,1995-02-01,TNT07C,NOAA,28.19077777777778,1995-Feb,-1.356134920634922,0
28.34258064516129,-21.893,113.963,1995-03-01,TNT07C,NOAA,28.19077777777778,1995-Mar,0.15180286738351256,0.15180286738351256
28.013,-21.893,113.963,1995-04-01,TNT07C,NOAA,28.19077777777778,1995-Apr,-0.17777777777777715,0
26.319032258064517,-21.893,113.963,1995-05-01,TNT07C,NOAA,28.19077777777778,1995-May,-1.8717455197132615,0
24.763,-21.893,113.963,1995-06-01,TNT07C,NOAA,28.19077777777778,1995-Jun,-3.427777777777777,0
23.52806451612903,-21.893,113.963,1995-07-01,TNT07C,NOAA,28.19077777777778,1995-Jul,-4.662713261648747,0
22.63064516129032,-21.893,113.963,1995-08-01,TNT07C,NOAA,28.19077777777778,1995-Aug,-5.560132616487458,0
22.697666666666667,-21.893,113.963,1995-09-01,TNT07C,NOAA,28.19077777777778,1995-Sep,-5.493111111111112,0
22.926451612903225,-21.893,113.963,1995-10-01,TNT07C,NOAA,28.19077777777778,1995-Oct,-5.264326164874554,0
23.843666666666667,-21.893,113.963,1995-11-01,TNT07C,NOAA,28.19077777777778,1995-Nov,-4.347111111111111,0
24.641935483870967,-21.893,113.963,1995-12-01,TNT07C,NOAA,28.19077777777778,1995-Dec,-3.5488422939068123,0
26.05677419354839,-21.893,113.963,1996-01-01,TNT07C,NOAA,28.19077777777778,1996-Jan,-2.13400358422939,0
27.00103448275862,-21.893,113.963,1996-02-01,TNT07C,NOAA,28.19077777777778,1996-Feb,-1.1897432950191593,0
28.096129032258066,-21.893,113.963,1996-03-01,TNT07C,NOAA,28.19077777777778,1996-Mar,-0.09464874551971292,0
27.955666666666666,-21.893,113.963,1996-04-01,TNT07C,NOAA,28.19077777777778,1996-Apr,-0.23511111111111305,0
26.84161290322581,-21.893,113.963,1996-05-01,TNT07C,NOAA,28.19077777777778,1996-May,-1.3491648745519704,0
25.515,-21.893,113.963,1996-06-01,TNT07C,NOAA,28.19077777777778,1996-Jun,-2.6757777777777783,0
24.734193548387097,-21.893,113.963,1996-07-01,TNT07C,NOAA,28.19077777777778,1996-Jul,-3.456584229390682,0
23.563548387096773,-21.893,113.963,1996-08-01,TNT07C,NOAA,28.19077777777778,1996-Aug,-4.627229390681006,0
23.274666666666665,-21.893,113.963,1996-09-01,TNT07C,NOAA,28.19077777777778,1996-Sep,-4.916111111111114,0
23.823870967741936,-21.893,113.963,1996-10-01,TNT07C,NOAA,28.19077777777778,1996-Oct,-4.366906810035843,0
24.921,-21.893,113.963,1996-11-01,TNT07C,NOAA,28.19077777777778,1996-Nov,-3.2697777777777794,0
25.19290322580645,-21.893,113.963,1996-12-01,TNT07C,NOAA,28.19077777777778,1996-Dec,-2.9978745519713286,0
27.532258064516128,-21.893,113.963,1997-01-01,TNT07C,NOAA,28.19077777777778,1997-Jan,-0.6585197132616507,0
28.437142857142856,-21.893,113.963,1997-02-01,TNT07C,NOAA,28.19077777777778,1997-Feb,0.24636507936507712,0.24636507936507712
27.31193548387097,-21.893,113.963,1997-03-01,TNT07C,NOAA,28.19077777777778,1997-Mar,-0.8788422939068106,0
27.327,-21.893,113.963,1997-04-01,TNT07C,NOAA,28.19077777777778,1997-Apr,-0.8637777777777771,0
26.815806451612904,-21.893,113.963,1997-05-01,TNT07C,NOAA,28.19077777777778,1997-May,-1.374971326164875,0
25.133,-21.893,113.963,1997-06-01,TNT07C,NOAA,28.19077777777778,1997-Jun,-3.0577777777777797,0
23.506451612903227,-21.893,113.963,1997-07-01,TNT07C,NOAA,28.19077777777778,1997-Jul,-4.684326164874552,0
22.438709677419354,-21.893,113.963,1997-08-01,TNT07C,NOAA,28.19077777777778,1997-Aug,-5.752068100358425,0
22.566333333333333,-21.893,113.963,1997-09-01,TNT07C,NOAA,28.19077777777778,1997-Sep,-5.624444444444446,0
23.116451612903226,-21.893,113.963,1997-10-01,TNT07C,NOAA,28.19077777777778,1997-Oct,-5.074326164874552,0
23.476333333333333,-21.893,113.963,1997-11-01,TNT07C,NOAA,28.19077777777778,1997-Nov,-4.714444444444446,0
24.60225806451613,-21.893,113.963,1997-12-01,TNT07C,NOAA,28.19077777777778,1997-Dec,-3.5885197132616504,0
24.76451612903226,-21.893,113.963,1998-01-01,TNT07C,NOAA,28.19077777777778,1998-Jan,-3.4262616487455198,0
27.650714285714287,-21.893,113.963,1998-02-01,TNT07C,NOAA,28.19077777777778,1998-Feb,-0.5400634920634921,0
28.025483870967744,-21.893,113.963,1998-03-01,TNT07C,NOAA,28.19077777777778,1998-Mar,-0.1652939068100352,0
28.677666666666667,-21.893,113.963,1998-04-01,TNT07C,NOAA,28.19077777777778,1998-Apr,0.48688888888888826,0.48688888888888826
27.96677419354839,-21.893,113.963,1998-05-01,TNT07C,NOAA,28.19077777777778,1998-May,-0.22400358422938993,0
26.528,-21.893,113.963,1998-06-01,TNT07C,NOAA,28.19077777777778,1998-Jun,-1.6627777777777801,0
24.519032258064517,-21.893,113.963,1998-07-01,TNT07C,NOAA,28.19077777777778,1998-Jul,-3.6717455197132622,0
23.43064516129032,-21.893,113.963,1998-08-01,TNT07C,NOAA,28.19077777777778,1998-Aug,-4.760132616487457,0
23.375333333333334,-21.893,113.963,1998-09-01,TNT07C,NOAA,28.19077777777778,1998-Sep,-4.815444444444445,0
23.524193548387096,-21.893,113.963,1998-10-01,TNT07C,NOAA,28.19077777777778,1998-Oct,-4.666584229390683,0
24.489333333333335,-21.893,113.963,1998-11-01,TNT07C,NOAA,28.19077777777778,1998-Nov,-3.7014444444444443,0
25.690322580645162,-21.893,113.963,1998-12-01,TNT07C,NOAA,28.19077777777778,1998-Dec,-2.5004551971326165,0
26.265483870967742,-21.893,113.963,1999-01-01,TNT07C,NOAA,28.19077777777778,1999-Jan,-1.9252939068100368,0
27.81607142857143,-21.893,113.963,1999-02-01,TNT07C,NOAA,28.19077777777778,1999-Feb,-0.37470634920634893,0
29.058064516129033,-21.893,113.963,1999-03-01,TNT07C,NOAA,28.19077777777778,1999-Mar,0.8672867383512539,0.8672867383512539
28.211333333333332,-21.893,113.963,1999-04-01,TNT07C,NOAA,28.19077777777778,1999-Apr,0.02055555555555344,0.8878422939068074
27.120967741935484,-21.893,113.963,1999-05-01,TNT07C,NOAA,28.19077777777778,1999-May,-1.0698100358422948,0
25.992,-21.893,113.963,1999-06-01,TNT07C,NOAA,28.19077777777778,1999-Jun,-2.198777777777778,0
24.40483870967742,-21.893,113.963,1999-07-01,TNT07C,NOAA,28.19077777777778,1999-Jul,-3.785939068100358,0
23.661612903225805,-21.893,113.963,1999-08-01,TNT07C,NOAA,28.19077777777778,1999-Aug,-4.529164874551974,0
23.378,-21.893,113.963,1999-09-01,TNT07C,NOAA,28.19077777777778,1999-Sep,-4.812777777777779,0
23.81451612903226,-21.893,113.963,1999-10-01,TNT07C,NOAA,28.19077777777778,1999-Oct,-4.376261648745519,0
24.793666666666667,-21.893,113.963,1999-11-01,TNT07C,NOAA,28.19077777777778,1999-Nov,-3.397111111111112,0
25.761935483870968,-21.893,113.963,1999-12-01,TNT07C,NOAA,28.19077777777778,1999-Dec,-2.4288422939068113,0
27.03451612903226,-21.893,113.963,2000-01-01,TNT07C,NOAA,28.19077777777778,2000-Jan,-1.1562616487455202,0
28.666206896551724,-21.893,113.963,2000-02-01,TNT07C,NOAA,28.19077777777778,2000-Feb,0.47542911877394545,0.47542911877394545
28.396774193548385,-21.893,113.963,2000-03-01,TNT07C,NOAA,28.19077777777778,2000-Mar,0.20599641577060623,0.6814255345445517
28.56833333333333,-21.893,113.963,2000-04-01,TNT07C,NOAA,28.19077777777778,2000-Apr,0.37755555555555276,1.0589810901001044
26.589032258064517,-21.893,113.963,2000-05-01,TNT07C,NOAA,28.19077777777778,2000-May,-1.601745519713262,0
24.656666666666666,-21.893,113.963,2000-06-01,TNT07C,NOAA,28.19077777777778,2000-Jun,-3.5341111111111125,0
23.490967741935485,-21.893,113.963,2000-07-01,TNT07C,NOAA,28.19077777777778,2000-Jul,-4.699810035842294,0
23.09967741935484,-21.893,113.963,2000-08-01,TNT07C,NOAA,28.19077777777778,2000-Aug,-5.091100358422938,0
23.022666666666666,-21.893,113.963,2000-09-01,TNT07C,NOAA,28.19077777777778,2000-Sep,-5.168111111111113,0
23.578064516129032,-21.893,113.963,2000-10-01,TNT07C,NOAA,28.19077777777778,2000-Oct,-4.6127132616487465,0
23.673333333333332,-21.893,113.963,2000-11-01,TNT07C,NOAA,28.19077777777778,2000-Nov,-4.517444444444447,0
25.072903225806453,-21.893,113.963,2000-12-01,TNT07C,NOAA,28.19077777777778,2000-Dec,-3.117874551971326,0
26.273548387096774,-21.893,113.963,2001-01-01,TNT07C,NOAA,28.19077777777778,2001-Jan,-1.9172293906810047,0
28.125357142857144,-21.893,113.963,2001-02-01,TNT07C,NOAA,28.19077777777778,2001-Feb,-0.06542063492063477,0
27.394516129032258,-21.893,113.963,2001-03-01,TNT07C,NOAA,28.19077777777778,2001-Mar,-0.7962616487455207,0
28.147666666666666,-21.893,113.963,2001-04-01,TNT07C,NOAA,28.19077777777778,2001-Apr,-0.043111111111112876,0
26.698709677419355,-21.893,113.963,2001-05-01,TNT07C,NOAA,28.19077777777778,2001-May,-1.4920681003584235,0
25.340666666666667,-21.893,113.963,2001-06-01,TNT07C,NOAA,28.19077777777778,2001-Jun,-2.8501111111111115,0
24.149677419354838,-21.893,113.963,2001-07-01,TNT07C,NOAA,28.19077777777778,2001-Jul,-4.041100358422941,0
23.47806451612903,-21.893,113.963,2001-08-01,TNT07C,NOAA,28.19077777777778,2001-Aug,-4.712713261648748,0
22.94033333333333,-21.893,113.963,2001-09-01,TNT07C,NOAA,28.19077777777778,2001-Sep,-5.250444444444447,0
23.245483870967742,-21.893,113.963,2001-10-01,TNT07C,NOAA,28.19077777777778,2001-Oct,-4.945293906810036,0
23.669666666666668,-21.893,113.963,2001-11-01,TNT07C,NOAA,28.19077777777778,2001-Nov,-4.521111111111111,0
23.93,-21.893,113.963,2001-12-01,TNT07C,NOAA,28.19077777777778,2001-Dec,-4.260777777777779,0
24.580645161290324,-21.893,113.963,2002-01-01,TNT07C,NOAA,28.19077777777778,2002-Jan,-3.610132616487455,0
25.5975,-21.893,113.963,2002-02-01,TNT07C,NOAA,28.19077777777778,2002-Feb,-2.5932777777777787,0
27.48032258064516,-21.893,113.963,2002-03-01,TNT07C,NOAA,28.19077777777778,2002-Mar,-0.7104551971326174,0
27.364,-21.893,113.963,2002-04-01,TNT07C,NOAA,28.19077777777778,2002-Apr,-0.8267777777777781,0
26.894193548387097,-21.893,113.963,2002-05-01,TNT07C,NOAA,28.19077777777778,2002-May,-1.2965842293906817,0
25.643333333333334,-21.893,113.963,2002-06-01,TNT07C,NOAA,28.19077777777778,2002-Jun,-2.5474444444444444,0
24.11967741935484,-21.893,113.963,2002-07-01,TNT07C,NOAA,28.19077777777778,2002-Jul,-4.071100358422939,0
23.33516129032258,-21.893,113.963,2002-08-01,TNT07C,NOAA,28.19077777777778,2002-Aug,-4.8556164874551975,0
22.56,-21.893,113.963,2002-09-01,TNT07C,NOAA,28.19077777777778,2002-Sep,-5.63077777777778,0
22.56935483870968,-21.893,113.963,2002-10-01,TNT07C,NOAA,28.19077777777778,2002-Oct,-5.6214229390681005,0
23.044666666666664,-21.893,113.963,2002-11-01,TNT07C,NOAA,28.19077777777778,2002-Nov,-5.146111111111114,0
24.34161290322581,-21.893,113.963,2002-12-01,TNT07C,NOAA,28.19077777777778,2002-Dec,-3.8491648745519704,0
25.859354838709677,-21.893,113.963,2003-01-01,TNT07C,NOAA,28.19077777777778,2003-Jan,-2.3314229390681014,0
26.999642857142856,-21.893,113.963,2003-02-01,TNT07C,NOAA,28.19077777777778,2003-Feb,-1.1911349206349229,0
27.544516129032257,-21.893,113.963,2003-03-01,TNT07C,NOAA,28.19077777777778,2003-Mar,-0.6462616487455222,0
27.275333333333332,-21.893,113.963,2003-04-01,TNT07C,NOAA,28.19077777777778,2003-Apr,-0.9154444444444465,0
26.991612903225807,-21.893,113.963,2003-05-01,TNT07C,NOAA,28.19077777777778,2003-May,-1.1991648745519718,0
25.341,-21.893,113.963,2003-06-01,TNT07C,NOAA,28.19077777777778,2003-Jun,-2.8497777777777777,0
24.176451612903225,-21.893,113.963,2003-07-01,TNT07C,NOAA,28.19077777777778,2003-Jul,-4.014326164874554,0
23.377741935483872,-21.893,113.963,2003-08-01,TNT07C,NOAA,28.19077777777778,2003-Aug,-4.813035842293907,0
22.314666666666668,-21.893,113.963,2003-09-01,TNT07C,NOAA,28.19077777777778,2003-Sep,-5.876111111111111,0
22.45032258064516,-21.893,113.963,2003-10-01,TNT07C,NOAA,28.19077777777778,2003-Oct,-5.7404551971326185,0
23.06,-21.893,113.963,2003-11-01,TNT07C,NOAA,28.19077777777778,2003-Nov,-5.13077777777778,0
23.695806451612903,-21.893,113.963,2003-12-01,TNT07C,NOAA,28.19077777777778,2003-Dec,-4.494971326164876,0
24.889032258064518,-21.893,113.963,2004-01-01,TNT07C,NOAA,28.19077777777778,2004-Jan,-3.3017455197132612,0
25.476206896551723,-21.893,113.963,2004-02-01,TNT07C,NOAA,28.19077777777778,2004-Feb,-2.714570881226056,0
26.55741935483871,-21.893,113.963,2004-03-01,TNT07C,NOAA,28.19077777777778,2004-Mar,-1.633358422939068,0
27.741666666666667,-21.893,113.963,2004-04-01,TNT07C,NOAA,28.19077777777778,2004-Apr,-0.4491111111111117,0
26.708709677419353,-21.893,113.963,2004-05-01,TNT07C,NOAA,28.19077777777778,2004-May,-1.4820681003584255,0
25.002666666666666,-21.893,113.963,2004-06-01,TNT07C,NOAA,28.19077777777778,2004-Jun,-3.1881111111111125,0
24.11967741935484,-21.893,113.963,2004-07-01,TNT07C,NOAA,28.19077777777778,2004-Jul,-4.071100358422939,0
23.090967741935483,-21.893,113.963,2004-08-01,TNT07C,NOAA,28.19077777777778,2004-Aug,-5.099810035842296,0
22.44333333333333,-21.893,113.963,2004-09-01,TNT07C,NOAA,28.19077777777778,2004-Sep,-5.747444444444447,0
22.621290322580645,-21.893,113.963,2004-10-01,TNT07C,NOAA,28.19077777777778,2004-Oct,-5.569487455197134,0
23.772666666666666,-21.893,113.963,2004-11-01,TNT07C,NOAA,28.19077777777778,2004-Nov,-4.418111111111113,0
24.185483870967744,-21.893,113.963,2004-12-01,TNT07C,NOAA,28.19077777777778,2004-Dec,-4.005293906810035,0
25.901290322580646,-21.893,113.963,2005-01-01,TNT07C,NOAA,28.19077777777778,2005-Jan,-2.2894874551971327,0
26.271785714285713,-21.893,113.963,2005-02-01,TNT07C,NOAA,28.19077777777778,2005-Feb,-1.918992063492066,0
28.426451612903225,-21.893,113.963,2005-03-01,TNT07C,NOAA,28.19077777777778,2005-Mar,0.23567383512544637,0.23567383512544637
27.994666666666667,-21.893,113.963,2005-04-01,TNT07C,NOAA,28.19077777777778,2005-Apr,-0.19611111111111157,0
27.945483870967742,-21.893,113.963,2005-05-01,TNT07C,NOAA,28.19077777777778,2005-May,-0.24529390681003704,0
25.867333333333335,-21.893,113.963,2005-06-01,TNT07C,NOAA,28.19077777777778,2005-Jun,-2.323444444444444,0
24.275806451612905,-21.893,113.963,2005-07-01,TNT07C,NOAA,28.19077777777778,2005-Jul,-3.914971326164874,0
23.497096774193547,-21.893,113.963,2005-08-01,TNT07C,NOAA,28.19077777777778,2005-Aug,-4.693681003584231,0
22.670666666666666,-21.893,113.963,2005-09-01,TNT07C,NOAA,28.19077777777778,2005-Sep,-5.520111111111113,0
22.20774193548387,-21.893,113.963,2005-10-01,TNT07C,NOAA,28.19077777777778,2005-Oct,-5.9830358422939085,0
22.578333333333333,-21.893,113.963,2005-11-01,TNT07C,NOAA,28.19077777777778,2005-Nov,-5.612444444444446,0
24.350645161290323,-21.893,113.963,2005-12-01,TNT07C,NOAA,28.19077777777778,2005-Dec,-3.8401326164874554,0
25.434516129032257,-21.893,113.963,2006-01-01,TNT07C,NOAA,28.19077777777778,2006-Jan,-2.7562616487455216,0
26.335,-21.893,113.963,2006-02-01,TNT07C,NOAA,28.19077777777778,2006-Feb,-1.855777777777778,0
28.872903225806454,-21.893,113.963,2006-03-01,TNT07C,NOAA,28.19077777777778,2006-Mar,0.6821254480286747,0.6821254480286747
27.561,-21.893,113.963,2006-04-01,TNT07C,NOAA,28.19077777777778,2006-Apr,-0.6297777777777789,0
26.552580645161292,-21.893,113.963,2006-05-01,TNT07C,NOAA,28.19077777777778,2006-May,-1.6381971326164866,0
25.194666666666667,-21.893,113.963,2006-06-01,TNT07C,NOAA,28.19077777777778,2006-Jun,-2.9961111111111123,0
23.574193548387097,-21.893,113.963,2006-07-01,TNT07C,NOAA,28.19077777777778,2006-Jul,-4.616584229390682,0
22.960645161290323,-21.893,113.963,2006-08-01,TNT07C,NOAA,28.19077777777778,2006-Aug,-5.230132616487456,0
23.270666666666667,-21.893,113.963,2006-09-01,TNT07C,NOAA,28.19077777777778,2006-Sep,-4.920111111111112,0
23.384516129032257,-21.893,113.963,2006-10-01,TNT07C,NOAA,28.19077777777778,2006-Oct,-4.806261648745522,0
23.949666666666666,-21.893,113.963,2006-11-01,TNT07C,NOAA,28.19077777777778,2006-Nov,-4.241111111111113,0
25.439032258064515,-21.893,113.963,2006-12-01,TNT07C,NOAA,28.19077777777778,2006-Dec,-2.751745519713264,0
25.376774193548385,-21.893,113.963,2007-01-01,TNT07C,NOAA,28.19077777777778,2007-Jan,-2.8140035842293933,0
26.078928571428573,-21.893,113.963,2007-02-01,TNT07C,NOAA,28.19077777777778,2007-Feb,-2.1118492063492056,0
27.356129032258064,-21.893,113.963,2007-03-01,TNT07C,NOAA,28.19077777777778,2007-Mar,-0.8346487455197149,0
28.246,-21.893,113.963,2007-04-01,TNT07C,NOAA,28.19077777777778,2007-Apr,0.05522222222221984,0.05522222222221984
26.61516129032258,-21.893,113.963,2007-05-01,TNT07C,NOAA,28.19077777777778,2007-May,-1.5756164874551999,0
25.730333333333334,-21.893,113.963,2007-06-01,TNT07C,NOAA,28.19077777777778,2007-Jun,-2.4604444444444447,0
24.433870967741935,-21.893,113.963,2007-07-01,TNT07C,NOAA,28.19077777777778,2007-Jul,-3.7569068100358436,0
23.087096774193547,-21.893,113.963,2007-08-01,TNT07C,NOAA,28.19077777777778,2007-Aug,-5.1036810035842315,0
23.055333333333333,-21.893,113.963,2007-09-01,TNT07C,NOAA,28.19077777777778,2007-Sep,-5.135444444444445,0
23.58225806451613,-21.893,113.963,2007-10-01,TNT07C,NOAA,28.19077777777778,2007-Oct,-4.60851971326165,0
24.316,-21.893,113.963,2007-11-01,TNT07C,NOAA,28.19077777777778,2007-Nov,-3.87477777777778,0
25.016129032258064,-21.893,113.963,2007-12-01,TNT07C,NOAA,28.19077777777778,2007-Dec,-3.1746487455197148,0
26.524838709677418,-21.893,113.963,2008-01-01,TNT07C,NOAA,28.19077777777778,2008-Jan,-1.6659390681003607,0
27.929310344827588,-21.893,113.963,2008-02-01,TNT07C,NOAA,28.19077777777778,2008-Feb,-0.2614674329501909,0
28.38967741935484,-21.893,113.963,2008-03-01,TNT07C,NOAA,28.19077777777778,2008-Mar,0.19889964157706075,0.19889964157706075
28.439,-21.893,113.963,2008-04-01,TNT07C,NOAA,28.19077777777778,2008-Apr,0.24822222222222123,0.447121863799282
27.38258064516129,-21.893,113.963,2008-05-01,TNT07C,NOAA,28.19077777777778,2008-May,-0.8081971326164883,0
26.124,-21.893,113.963,2008-06-01,TNT07C,NOAA,28.19077777777778,2008-Jun,-2.06677777777778,0
24.130967741935486,-21.893,113.963,2008-07-01,TNT07C,NOAA,28.19077777777778,2008-Jul,-4.059810035842293,0
23.11032258064516,-21.893,113.963,2008-08-01,TNT07C,NOAA,28.19077777777778,2008-Aug,-5.080455197132618,0
23.207666666666668,-21.893,113.963,2008-09-01,TNT07C,NOAA,28.19077777777778,2008-Sep,-4.983111111111111,0
23.681290322580644,-21.893,113.963,2008-10-01,TNT07C,NOAA,28.19077777777778,2008-Oct,-4.509487455197135,0
23.952666666666666,-21.893,113.963,2008-11-01,TNT07C,NOAA,28.19077777777778,2008-Nov,-4.238111111111113,0
24.618387096774192,-21.893,113.963,2008-12-01,TNT07C,NOAA,28.19077777777778,2008-Dec,-3.5723906810035864,0
26.889032258064518,-21.893,113.963,2009-01-01,TNT07C,NOAA,28.19077777777778,2009-Jan,-1.3017455197132612,0
28.17214285714286,-21.893,113.963,2009-02-01,TNT07C,NOAA,28.19077777777778,2009-Feb,-0.018634920634919894,0
28.155483870967743,-21.893,113.963,2009-03-01,TNT07C,NOAA,28.19077777777778,2009-Mar,-0.03529390681003619,0
27.910666666666668,-21.893,113.963,2009-04-01,TNT07C,NOAA,28.19077777777778,2009-Apr,-0.2801111111111112,0
26.83516129032258,-21.893,113.963,2009-05-01,TNT07C,NOAA,28.19077777777778,2009-May,-1.3556164874551975,0
25.108999999999998,-21.893,113.963,2009-06-01,TNT07C,NOAA,28.19077777777778,2009-Jun,-3.0817777777777806,0
23.84193548387097,-21.893,113.963,2009-07-01,TNT07C,NOAA,28.19077777777778,2009-Jul,-4.348842293906809,0
22.86709677419355,-21.893,113.963,2009-08-01,TNT07C,NOAA,28.19077777777778,2009-Aug,-5.32368100358423,0
22.493,-21.893,113.963,2009-09-01,TNT07C,NOAA,28.19077777777778,2009-Sep,-5.69777777777778,0
23.20967741935484,-21.893,113.963,2009-10-01,TNT07C,NOAA,28.19077777777778,2009-Oct,-4.981100358422939,0
24.114333333333335,-21.893,113.963,2009-11-01,TNT07C,NOAA,28.19077777777778,2009-Nov,-4.076444444444444,0
24.941290322580645,-21.893,113.963,2009-12-01,TNT07C,NOAA,28.19077777777778,2009-Dec,-3.2494874551971336,0
25.225161290322582,-21.893,113.963,2010-01-01,TNT07C,NOAA,28.19077777777778,2010-Jan,-2.965616487455197,0
24.958571428571428,-21.893,113.963,2010-02-01,TNT07C,NOAA,28.19077777777778,2010-Feb,-3.2322063492063506,0
26.904193548387095,-21.893,113.963,2010-03-01,TNT07C,NOAA,28.19077777777778,2010-Mar,-1.2865842293906837,0
26.392333333333333,-21.893,113.963,2010-04-01,TNT07C,NOAA,28.19077777777778,2010-Apr,-1.7984444444444456,0
26.952903225806452,-21.893,113.963,2010-05-01,TNT07C,NOAA,28.19077777777778,2010-May,-1.237874551971327,0
25.712333333333333,-21.893,113.963,2010-06-01,TNT07C,NOAA,28.19077777777778,2010-Jun,-2.4784444444444453,0
24.587096774193547,-21.893,113.963,2010-07-01,TNT07C,NOAA,28.19077777777778,2010-Jul,-3.6036810035842315,0
23.732903225806453,-21.893,113.963,2010-08-01,TNT07C,NOAA,28.19077777777778,2010-Aug,-4.457874551971326,0
23.624,-21.893,113.963,2010-09-01,TNT07C,NOAA,28.19077777777778,2010-Sep,-4.56677777777778,0
25.08967741935484,-21.893,113.963,2010-10-01,TNT07C,NOAA,28.19077777777778,2010-Oct,-3.10110035842294,0
25.613333333333333,-21.893,113.963,2010-11-01,TNT07C,NOAA,28.19077777777778,2010-Nov,-2.5774444444444455,0
26.705483870967743,-21.893,113.963,2010-12-01,TNT07C,NOAA,28.19077777777778,2010-Dec,-1.4852939068100355,0
28.64,-21.893,113.963,2011-01-01,TNT07C,NOAA,28.19077777777778,2011-Jan,0.44922222222222175,0.44922222222222175
28.760714285714286,-21.893,113.963,2011-02-01,TNT07C,NOAA,28.19077777777778,2011-Feb,0.5699365079365073,1.019158730158729
28.556129032258063,-21.893,113.963,2011-03-01,TNT07C,NOAA,28.19077777777778,2011-Mar,0.3653512544802844,1.3845099846390134
28.473,-21.893,113.963,2011-04-01,TNT07C,NOAA,28.19077777777778,2011-Apr,0.28222222222222015,1.6667322068612336
26.863870967741935,-21.893,113.963,2011-05-01,TNT07C,NOAA,28.19077777777778,2011-May,-1.3269068100358439,0
25.413,-21.893,113.963,2011-06-01,TNT07C,NOAA,28.19077777777778,2011-Jun,-2.7777777777777786,0
23.85451612903226,-21.893,113.963,2011-07-01,TNT07C,NOAA,28.19077777777778,2011-Jul,-4.33626164874552,0
23.71483870967742,-21.893,113.963,2011-08-01,TNT07C,NOAA,28.19077777777778,2011-Aug,-4.4759390681003595,0
23.453,-21.893,113.963,2011-09-01,TNT07C,NOAA,28.19077777777778,2011-Sep,-4.737777777777779,0
23.253225806451614,-21.893,113.963,2011-10-01,TNT07C,NOAA,28.19077777777778,2011-Oct,-4.937551971326165,0
24.522333333333332,-21.893,113.963,2011-11-01,TNT07C,NOAA,28.19077777777778,2011-Nov,-3.6684444444444466,0
25.233225806451614,-21.893,113.963,2011-12-01,TNT07C,NOAA,28.19077777777778,2011-Dec,-2.957551971326165,0
26.85258064516129,-21.893,113.963,2012-01-01,TNT07C,NOAA,28.19077777777778,2012-Jan,-1.3381971326164894,0
28.126551724137933,-21.893,113.963,2012-02-01,TNT07C,NOAA,28.19077777777778,2012-Feb,-0.06422605363984601,0
28.787096774193547,-21.893,113.963,2012-03-01,TNT07C,NOAA,28.19077777777778,2012-Mar,0.5963189964157678,0.5963189964157678
28.296666666666667,-21.893,113.963,2012-04-01,TNT07C,NOAA,28.19077777777778,2012-Apr,0.10588888888888803,0.7022078853046558
26.75,-21.893,113.963,2012-05-01,TNT07C,NOAA,28.19077777777778,2012-May,-1.4407777777777788,0
24.81,-21.893,113.963,2012-06-01,TNT07C,NOAA,28.19077777777778,2012-Jun,-3.38077777777778,0
23.48709677419355,-21.893,113.963,2012-07-01,TNT07C,NOAA,28.19077777777778,2012-Jul,-4.703681003584229,0
22.846774193548388,-21.893,113.963,2012-08-01,TNT07C,NOAA,28.19077777777778,2012-Aug,-5.344003584229391,0
23.199333333333332,-21.893,113.963,2012-09-01,TNT07C,NOAA,28.19077777777778,2012-Sep,-4.991444444444447,0
23.870645161290323,-21.893,113.963,2012-10-01,TNT07C,NOAA,28.19077777777778,2012-Oct,-4.320132616487456,0
24.403,-21.893,113.963,2012-11-01,TNT07C,NOAA,28.19077777777778,2012-Nov,-3.78777777777778,0
25.706451612903226,-21.893,113.963,2012-12-01,TNT07C,NOAA,28.19077777777778,2012-Dec,-2.4843261648745525,0
28.461612903225806,-21.893,113.963,2013-01-01,TNT07C,NOAA,28.19077777777778,2013-Jan,0.270835125448027,0.270835125448027
29.730714285714285,-21.893,113.963,2013-02-01,TNT07C,NOAA,28.19077777777778,2013-Feb,1.5399365079365062,1.8107716333845332
27.863225806451613,-21.893,113.963,2013-03-01,TNT07C,NOAA,28.19077777777778,2013-Mar,-0.32755197132616587,0
28.541,-21.893,113.963,2013-04-01,TNT07C,NOAA,28.19077777777778,2013-Apr,0.35022222222222155,0.35022222222222155
27.274516129032257,-21.893,113.963,2013-05-01,TNT07C,NOAA,28.19077777777778,2013-May,-0.9162616487455217,0
25.292,-21.893,113.963,2013-06-01,TNT07C,NOAA,28.19077777777778,2013-Jun,-2.8987777777777772,0
24.171935483870968,-21.893,113.963,2013-07-01,TNT07C,NOAA,28.19077777777778,2013-Jul,-4.018842293906811,0
23.585483870967742,-21.893,113.963,2013-08-01,TNT07C,NOAA,28.19077777777778,2013-Aug,-4.6052939068100365,0
23.309,-21.893,113.963,2013-09-01,TNT07C,NOAA,28.19077777777778,2013-Sep,-4.881777777777778,0
23.62709677419355,-21.893,113.963,2013-10-01,TNT07C,NOAA,28.19077777777778,2013-Oct,-4.563681003584229,0
24.651333333333334,-21.893,113.963,2013-11-01,TNT07C,NOAA,28.19077777777778,2013-Nov,-3.5394444444444453,0
25.531612903225806,-21.893,113.963,2013-12-01,TNT07C,NOAA,28.19077777777778,2013-Dec,-2.6591648745519727,0
26.283548387096776,-21.893,113.963,2014-01-01,TNT07C,NOAA,28.19077777777778,2014-Jan,-1.9072293906810032,0
27.535357142857144,-21.893,113.963,2014-02-01,TNT07C,NOAA,28.19077777777778,2014-Feb,-0.6554206349206346,0
28.45774193548387,-21.893,113.963,2014-03-01,TNT07C,NOAA,28.19077777777778,2014-Mar,0.2669641577060915,0.2669641577060915
28.289,-21.893,113.963,2014-04-01,TNT07C,NOAA,28.19077777777778,2014-Apr,0.09822222222222265,0.36518637992831415
27.448064516129033,-21.893,113.963,2014-05-01,TNT07C,NOAA,28.19077777777778,2014-May,-0.7427132616487455,0
25.788,-21.893,113.963,2014-06-01,TNT07C,NOAA,28.19077777777778,2014-Jun,-2.4027777777777786,0
23.98,-21.893,113.963,2014-07-01,TNT07C,NOAA,28.19077777777778,2014-Jul,-4.210777777777778,0
23.703548387096774,-21.893,113.963,2014-08-01,TNT07C,NOAA,28.19077777777778,2014-Aug,-4.487229390681005,0
23.830666666666666,-21.893,113.963,2014-09-01,TNT07C,NOAA,28.19077777777778,2014-Sep,-4.360111111111113,0
23.439354838709676,-21.893,113.963,2014-10-01,TNT07C,NOAA,28.19077777777778,2014-Oct,-4.751422939068103,0
23.943333333333335,-21.893,113.963,2014-11-01,TNT07C,NOAA,28.19077777777778,2014-Nov,-4.247444444444444,0
24.573225806451614,-21.893,113.963,2014-12-01,TNT07C,NOAA,28.19077777777778,2014-Dec,-3.617551971326165,0
25.926451612903225,-21.893,113.963,2015-01-01,TNT07C,NOAA,28.19077777777778,2015-Jan,-2.2643261648745536,0
27.5,-21.893,113.963,2015-02-01,TNT07C,NOAA,28.19077777777778,2015-Feb,-0.6907777777777788,0
27.865806451612904,-21.893,113.963,2015-03-01,TNT07C,NOAA,28.19077777777778,2015-Mar,-0.32497132616487434,0
27.854666666666667,-21.893,113.963,2015-04-01,TNT07C,NOAA,28.19077777777778,2015-Apr,-0.33611111111111214,0
26.09032258064516,-21.893,113.963,2015-05-01,TNT07C,NOAA,28.19077777777778,2015-May,-2.100455197132618,0
25.116,-21.893,113.963,2015-06-01,TNT07C,NOAA,28.19077777777778,2015-Jun,-3.074777777777779,0
23.927419354838708,-21.893,113.963,2015-07-01,TNT07C,NOAA,28.19077777777778,2015-Jul,-4.263358422939071,0
23.24290322580645,-21.893,113.963,2015-08-01,TNT07C,NOAA,28.19077777777778,2015-Aug,-4.947874551971328,0
23.528666666666666,-21.893,113.963,2015-09-01,TNT07C,NOAA,28.19077777777778,2015-Sep,-4.662111111111113,0
24.19516129032258,-21.893,113.963,2015-10-01,TNT07C,NOAA,28.19077777777778,2015-Oct,-3.995616487455198,0
24.551333333333332,-21.893,113.963,2015-11-01,TNT07C,NOAA,28.19077777777778,2015-Nov,-3.6394444444444467,0
24.096129032258066,-21.893,113.963,2015-12-01,TNT07C,NOAA,28.19077777777778,2015-Dec,-4.094648745519713,0
24.969354838709677,-21.893,113.963,2016-01-01,TNT07C,NOAA,28.19077777777778,2016-Jan,-3.221422939068102,0
26.676896551724138,-21.893,113.963,2016-02-01,TNT07C,NOAA,28.19077777777778,2016-Feb,-1.5138812260536412,0
26.684516129032257,-21.893,113.963,2016-03-01,TNT07C,NOAA,28.19077777777778,2016-Mar,-1.5062616487455216,0
27.290666666666667,-21.893,113.963,2016-04-01,TNT07C,NOAA,28.19077777777778,2016-Apr,-0.9001111111111122,0
26.41258064516129,-21.893,113.963,2016-05-01,TNT07C,NOAA,28.19077777777778,2016-May,-1.7781971326164872,0
25.160666666666668,-21.893,113.963,2016-06-01,TNT07C,NOAA,28.19077777777778,2016-Jun,-3.030111111111111,0
24.629354838709677,-21.893,113.963,2016-07-01,TNT07C,NOAA,28.19077777777778,2016-Jul,-3.561422939068102,0
23.608387096774194,-21.893,113.963,2016-08-01,TNT07C,NOAA,28.19077777777778,2016-Aug,-4.582390681003584,0
23.122333333333334,-21.893,113.963,2016-09-01,TNT07C,NOAA,28.19077777777778,2016-Sep,-5.068444444444445,0
24.15741935483871,-21.893,113.963,2016-10-01,TNT07C,NOAA,28.19077777777778,2016-Oct,-4.03335842293907,0
24.549666666666667,-21.893,113.963,2016-11-01,TNT07C,NOAA,28.19077777777778,2016-Nov,-3.641111111111112,0
25.960967741935484,-21.893,113.963,2016-12-01,TNT07C,NOAA,28.19077777777778,2016-Dec,-2.229810035842295,0
25.783225806451615,-21.893,113.963,2017-01-01,TNT07C,NOAA,28.19077777777778,2017-Jan,-2.407551971326164,0
27.800714285714285,-21.893,113.963,2017-02-01,TNT07C,NOAA,28.19077777777778,2017-Feb,-0.39006349206349356,0
28.448387096774194,-21.893,113.963,2017-03-01,TNT07C,NOAA,28.19077777777778,2017-Mar,0.2576093189964155,0.2576093189964155
28.703333333333333,-21.893,113.963,2017-04-01,TNT07C,NOAA,28.19077777777778,2017-Apr,0.5125555555555543,0.7701648745519698
27.19451612903226,-21.893,113.963,2017-05-01,TNT07C,NOAA,28.19077777777778,2017-May,-0.99626164874552,0
25.756666666666668,-21.893,113.963,2017-06-01,TNT07C,NOAA,28.19077777777778,2017-Jun,-2.434111111111111,0
24.140645161290323,-21.893,113.963,2017-07-01,TNT07C,NOAA,28.19077777777778,2017-Jul,-4.050132616487456,0
23.399677419354838,-21.893,113.963,2017-08-01,TNT07C,NOAA,28.19077777777778,2017-Aug,-4.791100358422941,0
23.527333333333335,-21.893,113.963,2017-09-01,TNT07C,NOAA,28.19077777777778,2017-Sep,-4.663444444444444,0
23.421290322580646,-21.893,113.963,2017-10-01,TNT07C,NOAA,28.19077777777778,2017-Oct,-4.769487455197133,0
24.794999999999998,-21.893,113.963,2017-11-01,TNT07C,NOAA,28.19077777777778,2017-Nov,-3.3957777777777807,0
25.716129032258063,-21.893,113.963,2017-12-01,TNT07C,NOAA,28.19077777777778,2017-Dec,-2.4746487455197155,0
27.42258064516129,-21.893,113.963,2018-01-01,TNT07C,NOAA,28.19077777777778,2018-Jan,-0.7681971326164891,0
26.978571428571428,-21.893,113.963,2018-02-01,TNT07C,NOAA,28.19077777777778,2018-Feb,-1.212206349206351,0
28.38258064516129,-21.893,113.963,2018-03-01,TNT07C,NOAA,28.19077777777778,2018-Mar,0.1918028673835117,0.1918028673835117
28.189666666666668,-21.893,113.963,2018-04-01,TNT07C,NOAA,28.19077777777778,2018-Apr,-0.0011111111111112848,0
27.40451612903226,-21.893,113.963,2018-05-01,TNT07C,NOAA,28.19077777777778,2018-May,-0.7862616487455192,0
25.414,-21.893,113.963,2018-06-01,TNT07C,NOAA,28.19077777777778,2018-Jun,-2.7767777777777773,0
24.201290322580647,-21.893,113.963,2018-07-01,TNT07C,NOAA,28.19077777777778,2018-Jul,-3.989487455197132,0
22.96741935483871,-21.893,113.963,2018-08-01,TNT07C,NOAA,28.19077777777778,2018-Aug,-5.223358422939068,0
22.583666666666666,-21.893,113.963,2018-09-01,TNT07C,NOAA,28.19077777777778,2018-Sep,-5.607111111111113,0
22.809032258064516,-21.893,113.963,2018-10-01,TNT07C,NOAA,28.19077777777778,2018-Oct,-5.381745519713263,0
22.863666666666667,-21.893,113.963,2018-11-01,TNT07C,NOAA,28.19077777777778,2018-Nov,-5.327111111111112,0
23.438709677419354,-21.893,113.963,2018-12-01,TNT07C,NOAA,28.19077777777778,2018-Dec,-4.752068100358425,0
25.462903225806453,-21.893,113.963,2019-01-01,TNT07C,NOAA,28.19077777777778,2019-Jan,-2.7278745519713254,0
26.092142857142857,-21.893,113.963,2019-02-01,TNT07C,NOAA,28.19077777777778,2019-Feb,-2.0986349206349217,0
28.036129032258064,-21.893,113.963,2019-03-01,TNT07C,NOAA,28.19077777777778,2019-Mar,-0.1546487455197152,0
27.802666666666667,-21.893,113.963,2019-04-01,TNT07C,NOAA,28.19077777777778,2019-Apr,-0.38811111111111174,0
26.586774193548386,-21.893,113.963,2019-05-01,TNT07C,NOAA,28.19077777777778,2019-May,-1.6040035842293925,0
25.019,-21.893,113.963,2019-06-01,TNT07C,NOAA,28.19077777777778,2019-Jun,-3.1717777777777805,0
23.70709677419355,-21.893,113.963,2019-07-01,TNT07C,NOAA,28.19077777777778,2019-Jul,-4.4836810035842305,0
22.800645161290323,-21.893,113.963,2019-08-01,TNT07C,NOAA,28.19077777777778,2019-Aug,-5.390132616487456,0
22.890333333333334,-21.893,113.963,2019-09-01,TNT07C,NOAA,28.19077777777778,2019-Sep,-5.3004444444444445,0
23.184838709677418,-21.893,113.963,2019-10-01,TNT07C,NOAA,28.19077777777778,2019-Oct,-5.005939068100361,0
24.215666666666667,-21.893,113.963,2019-11-01,TNT07C,NOAA,28.19077777777778,2019-Nov,-3.9751111111111115,0
25.838064516129034,-21.893,113.963,2019-12-01,TNT07C,NOAA,28.19077777777778,2019-Dec,-2.352713261648745,0
26.40225806451613,-21.893,113.963,2020-01-01,TNT07C,NOAA,28.19077777777778,2020-Jan,-1.7885197132616497,0
26.19206896551724,-21.893,113.963,2020-02-01,TNT07C,NOAA,28.19077777777778,2020-Feb,-1.9987088122605385,0
27.848709677419354,-21.893,113.963,2020-03-01,TNT07C,NOAA,28.19077777777778,2020-Mar,-0.34206810035842494,0
28.392,-21.893,113.963,2020-04-01,TNT07C,NOAA,28.19077777777778,2020-Apr,0.20122222222222064,0.20122222222222064
27.26290322580645,-21.893,113.963,2020-05-01,TNT07C,NOAA,28.19077777777778,2020-May,-0.9278745519713283,0
25.56233333333333,-21.893,113.963,2020-06-01,TNT07C,NOAA,28.19077777777778,2020-Jun,-2.6284444444444475,0
24.813225806451612,-21.893,113.963,2020-07-01,TNT07C,NOAA,28.19077777777778,2020-Jul,-3.3775519713261666,0
23.821290322580644,-21.893,113.963,2020-08-01,TNT07C,NOAA,28.19077777777778,2020-Aug,-4.3694874551971346,0
24.098,-21.893,113.963,2020-09-01,TNT07C,NOAA,28.19077777777778,2020-Sep,-4.09277777777778,0
23.548709677419357,-21.893,113.963,2020-10-01,TNT07C,NOAA,28.19077777777778,2020-Oct,-4.642068100358422,0
24.653,-21.893,113.963,2020-11-01,TNT07C,NOAA,28.19077777777778,2020-Nov,-3.53777777777778,0
26.335806451612903,-21.893,113.963,2020-12-01,TNT07C,NOAA,28.19077777777778,2020-Dec,-1.8549713261648755,0
28.166129032258066,-21.893,113.963,2021-01-01,TNT07C,NOAA,28.19077777777778,2021-Jan,-0.024648745519712634,0
27.638571428571428,-21.893,113.963,2021-02-01,TNT07C,NOAA,28.19077777777778,2021-Feb,-0.5522063492063509,0
28.598709677419354,-21.893,113.963,2021-03-01,TNT07C,NOAA,28.19077777777778,2021-Mar,0.40793189964157506,0.40793189964157506
29.002333333333333,-21.893,113.963,2021-04-01,TNT07C,NOAA,28.19077777777778,2021-Apr,0.8115555555555538,1.2194874551971289
27.591612903225805,-21.893,113.963,2021-05-01,TNT07C,NOAA,28.19077777777778,2021-May,-0.599164874551974,0
26.54,-21.893,113.963,2021-06-01,TNT07C,NOAA,28.19077777777778,2021-Jun,-1.6507777777777797,0
