sst_monthly,Latitude,Longitude,monthly_date,Reef_Site,Data_Type,mmm_from_sst,date,anomaly,SCOTT_SL4_DHM
29.389615384615386,-14.0237,121.8604,1985-01-01,SCOTT_SL4,NOAA,29.719761315989444,1985-Jan,-0.3301459313740587,0
29.525714285714287,-14.0237,121.8604,1985-02-01,SCOTT_SL4,NOAA,29.719761315989444,1985-Feb,-0.1940470302751578,0
28.97483870967742,-14.0237,121.8604,1985-03-01,SCOTT_SL4,NOAA,29.719761315989444,1985-Mar,-0.7449226063120236,0
29.591333333333335,-14.0237,121.8604,1985-04-01,SCOTT_SL4,NOAA,29.719761315989444,1985-Apr,-0.12842798265610966,0
29.61193548387097,-14.0237,121.8604,1985-05-01,SCOTT_SL4,NOAA,29.719761315989444,1985-May,-0.10782583211847552,0
28.229,-14.0237,121.8604,1985-06-01,SCOTT_SL4,NOAA,29.719761315989444,1985-Jun,-1.4907613159894453,0
26.607096774193547,-14.0237,121.8604,1985-07-01,SCOTT_SL4,NOAA,29.719761315989444,1985-Jul,-3.1126645417958976,0
25.929032258064517,-14.0237,121.8604,1985-08-01,SCOTT_SL4,NOAA,29.719761315989444,1985-Aug,-3.7907290579249278,0
27.173333333333332,-14.0237,121.8604,1985-09-01,SCOTT_SL4,NOAA,29.719761315989444,1985-Sep,-2.5464279826561125,0
27.890967741935484,-14.0237,121.8604,1985-10-01,SCOTT_SL4,NOAA,29.719761315989444,1985-Oct,-1.828793574053961,0
28.722333333333335,-14.0237,121.8604,1985-11-01,SCOTT_SL4,NOAA,29.719761315989444,1985-Nov,-0.9974279826561094,0
28.82516129032258,-14.0237,121.8604,1985-12-01,SCOTT_SL4,NOAA,29.719761315989444,1985-Dec,-0.8946000256668647,0
30.0841935483871,-14.0237,121.8604,1986-01-01,SCOTT_SL4,NOAA,29.719761315989444,1986-Jan,0.3644322323976539,0.3644322323976539
29.755714285714287,-14.0237,121.8604,1986-02-01,SCOTT_SL4,NOAA,29.719761315989444,1986-Feb,0.03595296972484263,0.4003852021224965
30.01483870967742,-14.0237,121.8604,1986-03-01,SCOTT_SL4,NOAA,29.719761315989444,1986-Mar,0.2950773936879756,0.6954625958104721
30.257666666666665,-14.0237,121.8604,1986-04-01,SCOTT_SL4,NOAA,29.719761315989444,1986-Apr,0.5379053506772209,1.233367946487693
29.40516129032258,-14.0237,121.8604,1986-05-01,SCOTT_SL4,NOAA,29.719761315989444,1986-May,-0.31460002566686285,0
27.538666666666668,-14.0237,121.8604,1986-06-01,SCOTT_SL4,NOAA,29.719761315989444,1986-Jun,-2.1810946493227767,0
26.695483870967742,-14.0237,121.8604,1986-07-01,SCOTT_SL4,NOAA,29.719761315989444,1986-Jul,-3.0242774450217027,0
25.558064516129033,-14.0237,121.8604,1986-08-01,SCOTT_SL4,NOAA,29.719761315989444,1986-Aug,-4.161696799860412,0
26.974666666666668,-14.0237,121.8604,1986-09-01,SCOTT_SL4,NOAA,29.719761315989444,1986-Sep,-2.745094649322777,0
27.12290322580645,-14.0237,121.8604,1986-10-01,SCOTT_SL4,NOAA,29.719761315989444,1986-Oct,-2.5968580901829945,0
28.961,-14.0237,121.8604,1986-11-01,SCOTT_SL4,NOAA,29.719761315989444,1986-Nov,-0.758761315989446,0
29.583548387096773,-14.0237,121.8604,1986-12-01,SCOTT_SL4,NOAA,29.719761315989444,1986-Dec,-0.13621292889267167,0
29.996774193548386,-14.0237,121.8604,1987-01-01,SCOTT_SL4,NOAA,29.719761315989444,1987-Jan,0.277012877558942,0.277012877558942
28.014285714285716,-14.0237,121.8604,1987-02-01,SCOTT_SL4,NOAA,29.719761315989444,1987-Feb,-1.7054756017037285,0
29.115806451612904,-14.0237,121.8604,1987-03-01,SCOTT_SL4,NOAA,29.719761315989444,1987-Mar,-0.60395486437654,0
28.926000000000002,-14.0237,121.8604,1987-04-01,SCOTT_SL4,NOAA,29.719761315989444,1987-Apr,-0.7937613159894426,0
28.683870967741935,-14.0237,121.8604,1987-05-01,SCOTT_SL4,NOAA,29.719761315989444,1987-May,-1.0358903482475093,0
28.221333333333334,-14.0237,121.8604,1987-06-01,SCOTT_SL4,NOAA,29.719761315989444,1987-Jun,-1.4984279826561107,0
26.876451612903224,-14.0237,121.8604,1987-07-01,SCOTT_SL4,NOAA,29.719761315989444,1987-Jul,-2.84330970308622,0
26.20032258064516,-14.0237,121.8604,1987-08-01,SCOTT_SL4,NOAA,29.719761315989444,1987-Aug,-3.519438735344284,0
26.500666666666667,-14.0237,121.8604,1987-09-01,SCOTT_SL4,NOAA,29.719761315989444,1987-Sep,-3.219094649322777,0
27.041290322580647,-14.0237,121.8604,1987-10-01,SCOTT_SL4,NOAA,29.719761315989444,1987-Oct,-2.678470993408798,0
28.639666666666667,-14.0237,121.8604,1987-11-01,SCOTT_SL4,NOAA,29.719761315989444,1987-Nov,-1.0800946493227777,0
28.80677419354839,-14.0237,121.8604,1987-12-01,SCOTT_SL4,NOAA,29.719761315989444,1987-Dec,-0.9129871224410557,0
29.498064516129034,-14.0237,121.8604,1988-01-01,SCOTT_SL4,NOAA,29.719761315989444,1988-Jan,-0.22169679986041047,0
29.712413793103448,-14.0237,121.8604,1988-02-01,SCOTT_SL4,NOAA,29.719761315989444,1988-Feb,-0.007347522885996938,0
30.678387096774195,-14.0237,121.8604,1988-03-01,SCOTT_SL4,NOAA,29.719761315989444,1988-Mar,0.9586257807847502,0.9586257807847502
29.543666666666667,-14.0237,121.8604,1988-04-01,SCOTT_SL4,NOAA,29.719761315989444,1988-Apr,-0.17609464932277774,0
29.776774193548388,-14.0237,121.8604,1988-05-01,SCOTT_SL4,NOAA,29.719761315989444,1988-May,0.05701287755894313,0.05701287755894313
28.182666666666666,-14.0237,121.8604,1988-06-01,SCOTT_SL4,NOAA,29.719761315989444,1988-Jun,-1.5370946493227784,0
27.008387096774193,-14.0237,121.8604,1988-07-01,SCOTT_SL4,NOAA,29.719761315989444,1988-Jul,-2.7113742192152515,0
26.89483870967742,-14.0237,121.8604,1988-08-01,SCOTT_SL4,NOAA,29.719761315989444,1988-Aug,-2.8249226063120254,0
26.978,-14.0237,121.8604,1988-09-01,SCOTT_SL4,NOAA,29.719761315989444,1988-Sep,-2.741761315989443,0
29.608064516129033,-14.0237,121.8604,1988-10-01,SCOTT_SL4,NOAA,29.719761315989444,1988-Oct,-0.11169679986041103,0
29.643666666666668,-14.0237,121.8604,1988-11-01,SCOTT_SL4,NOAA,29.719761315989444,1988-Nov,-0.07609464932277632,0
28.678064516129034,-14.0237,121.8604,1988-12-01,SCOTT_SL4,NOAA,29.719761315989444,1988-Dec,-1.0416967998604107,0
30.181290322580644,-14.0237,121.8604,1989-01-01,SCOTT_SL4,NOAA,29.719761315989444,1989-Jan,0.4615290065911992,0.4615290065911992
30.29714285714286,-14.0237,121.8604,1989-02-01,SCOTT_SL4,NOAA,29.719761315989444,1989-Feb,0.5773815411534144,1.0389105477446137
28.781612903225806,-14.0237,121.8604,1989-03-01,SCOTT_SL4,NOAA,29.719761315989444,1989-Mar,-0.9381484127636384,0
29.624333333333333,-14.0237,121.8604,1989-04-01,SCOTT_SL4,NOAA,29.719761315989444,1989-Apr,-0.09542798265611196,0
28.696129032258064,-14.0237,121.8604,1989-05-01,SCOTT_SL4,NOAA,29.719761315989444,1989-May,-1.0236322837313807,0
28.186333333333334,-14.0237,121.8604,1989-06-01,SCOTT_SL4,NOAA,29.719761315989444,1989-Jun,-1.5334279826561108,0
26.846774193548388,-14.0237,121.8604,1989-07-01,SCOTT_SL4,NOAA,29.719761315989444,1989-Jul,-2.8729871224410566,0
26.681290322580644,-14.0237,121.8604,1989-08-01,SCOTT_SL4,NOAA,29.719761315989444,1989-Aug,-3.038470993408801,0
27.438,-14.0237,121.8604,1989-09-01,SCOTT_SL4,NOAA,29.719761315989444,1989-Sep,-2.2817613159894456,0
28.70935483870968,-14.0237,121.8604,1989-10-01,SCOTT_SL4,NOAA,29.719761315989444,1989-Oct,-1.0104064772797656,0
29.195333333333334,-14.0237,121.8604,1989-11-01,SCOTT_SL4,NOAA,29.719761315989444,1989-Nov,-0.5244279826561105,0
29.383548387096774,-14.0237,121.8604,1989-12-01,SCOTT_SL4,NOAA,29.719761315989444,1989-Dec,-0.33621292889267096,0
29.550645161290323,-14.0237,121.8604,1990-01-01,SCOTT_SL4,NOAA,29.719761315989444,1990-Jan,-0.16911615469912178,0
29.712857142857143,-14.0237,121.8604,1990-02-01,SCOTT_SL4,NOAA,29.719761315989444,1990-Feb,-0.00690417313230185,0
29.853870967741937,-14.0237,121.8604,1990-03-01,SCOTT_SL4,NOAA,29.719761315989444,1990-Mar,0.13410965175249245,0.13410965175249245
30.48966666666667,-14.0237,121.8604,1990-04-01,SCOTT_SL4,NOAA,29.719761315989444,1990-Apr,0.7699053506772238,0.9040150024297162
29.044516129032257,-14.0237,121.8604,1990-05-01,SCOTT_SL4,NOAA,29.719761315989444,1990-May,-0.6752451869571878,0
27.565333333333335,-14.0237,121.8604,1990-06-01,SCOTT_SL4,NOAA,29.719761315989444,1990-Jun,-2.1544279826561095,0
26.801290322580645,-14.0237,121.8604,1990-07-01,SCOTT_SL4,NOAA,29.719761315989444,1990-Jul,-2.9184709934088,0
26.684838709677418,-14.0237,121.8604,1990-08-01,SCOTT_SL4,NOAA,29.719761315989444,1990-Aug,-3.0349226063120263,0
27.437,-14.0237,121.8604,1990-09-01,SCOTT_SL4,NOAA,29.719761315989444,1990-Sep,-2.2827613159894433,0
28.53483870967742,-14.0237,121.8604,1990-10-01,SCOTT_SL4,NOAA,29.719761315989444,1990-Oct,-1.1849226063120248,0
31.402333333333335,-14.0237,121.8604,1990-11-01,SCOTT_SL4,NOAA,29.719761315989444,1990-Nov,1.6825720173438903,1.6825720173438903
30.149677419354838,-14.0237,121.8604,1990-12-01,SCOTT_SL4,NOAA,29.719761315989444,1990-Dec,0.4299161033653931,2.1124881207092834
29.963870967741936,-14.0237,121.8604,1991-01-01,SCOTT_SL4,NOAA,29.719761315989444,1991-Jan,0.24410965175249189,2.3565977724617753
28.220714285714287,-14.0237,121.8604,1991-02-01,SCOTT_SL4,NOAA,29.719761315989444,1991-Feb,-1.4990470302751575,0
29.503870967741936,-14.0237,121.8604,1991-03-01,SCOTT_SL4,NOAA,29.719761315989444,1991-Mar,-0.21589034824750897,0
28.986333333333334,-14.0237,121.8604,1991-04-01,SCOTT_SL4,NOAA,29.719761315989444,1991-Apr,-0.7334279826561101,0
27.938387096774193,-14.0237,121.8604,1991-05-01,SCOTT_SL4,NOAA,29.719761315989444,1991-May,-1.7813742192152517,0
27.746,-14.0237,121.8604,1991-06-01,SCOTT_SL4,NOAA,29.719761315989444,1991-Jun,-1.9737613159894458,0
26.476451612903226,-14.0237,121.8604,1991-07-01,SCOTT_SL4,NOAA,29.719761315989444,1991-Jul,-3.2433097030862186,0
26.25516129032258,-14.0237,121.8604,1991-08-01,SCOTT_SL4,NOAA,29.719761315989444,1991-Aug,-3.464600025666865,0
26.563,-14.0237,121.8604,1991-09-01,SCOTT_SL4,NOAA,29.719761315989444,1991-Sep,-3.1567613159894456,0
28.11225806451613,-14.0237,121.8604,1991-10-01,SCOTT_SL4,NOAA,29.719761315989444,1991-Oct,-1.6075032514733145,0
28.452666666666666,-14.0237,121.8604,1991-11-01,SCOTT_SL4,NOAA,29.719761315989444,1991-Nov,-1.2670946493227788,0
29.07548387096774,-14.0237,121.8604,1991-12-01,SCOTT_SL4,NOAA,29.719761315989444,1991-Dec,-0.6442774450217037,0
29.599032258064515,-14.0237,121.8604,1992-01-01,SCOTT_SL4,NOAA,29.719761315989444,1992-Jan,-0.1207290579249296,0
30.066206896551723,-14.0237,121.8604,1992-02-01,SCOTT_SL4,NOAA,29.719761315989444,1992-Feb,0.34644558056227837,0.34644558056227837
30.496774193548386,-14.0237,121.8604,1992-03-01,SCOTT_SL4,NOAA,29.719761315989444,1992-Mar,0.777012877558942,1.1234584581212204
30.676000000000002,-14.0237,121.8604,1992-04-01,SCOTT_SL4,NOAA,29.719761315989444,1992-Apr,0.9562386840105574,2.079697142131778
30.054193548387097,-14.0237,121.8604,1992-05-01,SCOTT_SL4,NOAA,29.719761315989444,1992-May,0.33443223239765274,2.4141293745294305
28.231333333333332,-14.0237,121.8604,1992-06-01,SCOTT_SL4,NOAA,29.719761315989444,1992-Jun,-1.4884279826561126,0
27.140645161290323,-14.0237,121.8604,1992-07-01,SCOTT_SL4,NOAA,29.719761315989444,1992-Jul,-2.579116154699122,0
26.58967741935484,-14.0237,121.8604,1992-08-01,SCOTT_SL4,NOAA,29.719761315989444,1992-Aug,-3.1300838966346056,0
26.964,-14.0237,121.8604,1992-09-01,SCOTT_SL4,NOAA,29.719761315989444,1992-Sep,-2.755761315989446,0
28.349032258064515,-14.0237,121.8604,1992-10-01,SCOTT_SL4,NOAA,29.719761315989444,1992-Oct,-1.3707290579249296,0
29.540333333333333,-14.0237,121.8604,1992-11-01,SCOTT_SL4,NOAA,29.719761315989444,1992-Nov,-0.1794279826561116,0
29.05516129032258,-14.0237,121.8604,1992-12-01,SCOTT_SL4,NOAA,29.719761315989444,1992-Dec,-0.6646000256668643,0
29.33774193548387,-14.0237,121.8604,1993-01-01,SCOTT_SL4,NOAA,29.719761315989444,1993-Jan,-0.38201938050557516,0
28.05607142857143,-14.0237,121.8604,1993-02-01,SCOTT_SL4,NOAA,29.719761315989444,1993-Feb,-1.6636898874180162,0
29.363548387096774,-14.0237,121.8604,1993-03-01,SCOTT_SL4,NOAA,29.719761315989444,1993-Mar,-0.35621292889267053,0
29.442333333333334,-14.0237,121.8604,1993-04-01,SCOTT_SL4,NOAA,29.719761315989444,1993-Apr,-0.27742798265611057,0
28.724193548387095,-14.0237,121.8604,1993-05-01,SCOTT_SL4,NOAA,29.719761315989444,1993-May,-0.9955677676023491,0
27.508666666666667,-14.0237,121.8604,1993-06-01,SCOTT_SL4,NOAA,29.719761315989444,1993-Jun,-2.211094649322778,0
26.49258064516129,-14.0237,121.8604,1993-07-01,SCOTT_SL4,NOAA,29.719761315989444,1993-Jul,-3.2271806708281545,0
26.366774193548387,-14.0237,121.8604,1993-08-01,SCOTT_SL4,NOAA,29.719761315989444,1993-Aug,-3.352987122441057,0
26.884666666666668,-14.0237,121.8604,1993-09-01,SCOTT_SL4,NOAA,29.719761315989444,1993-Sep,-2.8350946493227767,0
27.86741935483871,-14.0237,121.8604,1993-10-01,SCOTT_SL4,NOAA,29.719761315989444,1993-Oct,-1.852341961150735,0
28.882,-14.0237,121.8604,1993-11-01,SCOTT_SL4,NOAA,29.719761315989444,1993-Nov,-0.837761315989443,0
29.738709677419354,-14.0237,121.8604,1993-12-01,SCOTT_SL4,NOAA,29.719761315989444,1993-Dec,0.018948361429909966,0.018948361429909966
30.140645161290323,-14.0237,121.8604,1994-01-01,SCOTT_SL4,NOAA,29.719761315989444,1994-Jan,0.4208838453008781,0.43983220673078804
30.39392857142857,-14.0237,121.8604,1994-02-01,SCOTT_SL4,NOAA,29.719761315989444,1994-Feb,0.6741672554391265,1.1139994621699145
29.29483870967742,-14.0237,121.8604,1994-03-01,SCOTT_SL4,NOAA,29.719761315989444,1994-Mar,-0.4249226063120233,0
29.198333333333334,-14.0237,121.8604,1994-04-01,SCOTT_SL4,NOAA,29.719761315989444,1994-Apr,-0.5214279826561103,0
28.191612903225806,-14.0237,121.8604,1994-05-01,SCOTT_SL4,NOAA,29.719761315989444,1994-May,-1.5281484127636382,0
27.329,-14.0237,121.8604,1994-06-01,SCOTT_SL4,NOAA,29.719761315989444,1994-Jun,-2.390761315989444,0
26.025161290322583,-14.0237,121.8604,1994-07-01,SCOTT_SL4,NOAA,29.719761315989444,1994-Jul,-3.694600025666862,0
25.308064516129033,-14.0237,121.8604,1994-08-01,SCOTT_SL4,NOAA,29.719761315989444,1994-Aug,-4.411696799860412,0
26.789,-14.0237,121.8604,1994-09-01,SCOTT_SL4,NOAA,29.719761315989444,1994-Sep,-2.930761315989443,0
27.776451612903227,-14.0237,121.8604,1994-10-01,SCOTT_SL4,NOAA,29.719761315989444,1994-Oct,-1.9433097030862179,0
29.335666666666665,-14.0237,121.8604,1994-11-01,SCOTT_SL4,NOAA,29.719761315989444,1994-Nov,-0.3840946493227797,0
30.25548387096774,-14.0237,121.8604,1994-12-01,SCOTT_SL4,NOAA,29.719761315989444,1994-Dec,0.535722554978296,0.535722554978296
29.75193548387097,-14.0237,121.8604,1995-01-01,SCOTT_SL4,NOAA,29.719761315989444,1995-Jan,0.03217416788152505,0.5678967228598211
29.292142857142856,-14.0237,121.8604,1995-02-01,SCOTT_SL4,NOAA,29.719761315989444,1995-Feb,-0.4276184588465881,0
29.126129032258063,-14.0237,121.8604,1995-03-01,SCOTT_SL4,NOAA,29.719761315989444,1995-Mar,-0.593632283731381,0
29.83866666666667,-14.0237,121.8604,1995-04-01,SCOTT_SL4,NOAA,29.719761315989444,1995-Apr,0.11890535067722396,0.11890535067722396
29.090645161290322,-14.0237,121.8604,1995-05-01,SCOTT_SL4,NOAA,29.719761315989444,1995-May,-0.6291161546991226,0
27.204333333333334,-14.0237,121.8604,1995-06-01,SCOTT_SL4,NOAA,29.719761315989444,1995-Jun,-2.51542798265611,0
26.039677419354838,-14.0237,121.8604,1995-07-01,SCOTT_SL4,NOAA,29.719761315989444,1995-Jul,-3.6800838966346063,0
25.84193548387097,-14.0237,121.8604,1995-08-01,SCOTT_SL4,NOAA,29.719761315989444,1995-Aug,-3.877825832118475,0
27.120333333333335,-14.0237,121.8604,1995-09-01,SCOTT_SL4,NOAA,29.719761315989444,1995-Sep,-2.5994279826561097,0
27.891290322580645,-14.0237,121.8604,1995-10-01,SCOTT_SL4,NOAA,29.719761315989444,1995-Oct,-1.8284709934088,0
29.376333333333335,-14.0237,121.8604,1995-11-01,SCOTT_SL4,NOAA,29.719761315989444,1995-Nov,-0.3434279826561095,0
28.769032258064517,-14.0237,121.8604,1995-12-01,SCOTT_SL4,NOAA,29.719761315989444,1995-Dec,-0.9507290579249279,0
29.067096774193548,-14.0237,121.8604,1996-01-01,SCOTT_SL4,NOAA,29.719761315989444,1996-Jan,-0.6526645417958967,0
29.50896551724138,-14.0237,121.8604,1996-02-01,SCOTT_SL4,NOAA,29.719761315989444,1996-Feb,-0.21079579874806598,0
29.24,-14.0237,121.8604,1996-03-01,SCOTT_SL4,NOAA,29.719761315989444,1996-Mar,-0.47976131598944605,0
29.326999999999998,-14.0237,121.8604,1996-04-01,SCOTT_SL4,NOAA,29.719761315989444,1996-Apr,-0.3927613159894463,0
28.60741935483871,-14.0237,121.8604,1996-05-01,SCOTT_SL4,NOAA,29.719761315989444,1996-May,-1.112341961150733,0
27.684,-14.0237,121.8604,1996-06-01,SCOTT_SL4,NOAA,29.719761315989444,1996-Jun,-2.0357613159894434,0
27.026451612903227,-14.0237,121.8604,1996-07-01,SCOTT_SL4,NOAA,29.719761315989444,1996-Jul,-2.693309703086218,0
26.806129032258063,-14.0237,121.8604,1996-08-01,SCOTT_SL4,NOAA,29.719761315989444,1996-Aug,-2.9136322837313813,0
27.360666666666667,-14.0237,121.8604,1996-09-01,SCOTT_SL4,NOAA,29.719761315989444,1996-Sep,-2.3590946493227776,0
28.630967741935482,-14.0237,121.8604,1996-10-01,SCOTT_SL4,NOAA,29.719761315989444,1996-Oct,-1.0887935740539625,0
29.774333333333335,-14.0237,121.8604,1996-11-01,SCOTT_SL4,NOAA,29.719761315989444,1996-Nov,0.05457201734389017,0.05457201734389017
29.365161290322582,-14.0237,121.8604,1996-12-01,SCOTT_SL4,NOAA,29.719761315989444,1996-Dec,-0.354600025666862,0
28.754193548387097,-14.0237,121.8604,1997-01-01,SCOTT_SL4,NOAA,29.719761315989444,1997-Jan,-0.965567767602348,0
28.4725,-14.0237,121.8604,1997-02-01,SCOTT_SL4,NOAA,29.719761315989444,1997-Feb,-1.2472613159894443,0
29.06483870967742,-14.0237,121.8604,1997-03-01,SCOTT_SL4,NOAA,29.719761315989444,1997-Mar,-0.6549226063120237,0
29.809,-14.0237,121.8604,1997-04-01,SCOTT_SL4,NOAA,29.719761315989444,1997-Apr,0.08923868401055657,0.08923868401055657
28.751290322580644,-14.0237,121.8604,1997-05-01,SCOTT_SL4,NOAA,29.719761315989444,1997-May,-0.9684709934088005,0
27.761666666666667,-14.0237,121.8604,1997-06-01,SCOTT_SL4,NOAA,29.719761315989444,1997-Jun,-1.9580946493227778,0
26.368709677419353,-14.0237,121.8604,1997-07-01,SCOTT_SL4,NOAA,29.719761315989444,1997-Jul,-3.351051638570091,0
26.22193548387097,-14.0237,121.8604,1997-08-01,SCOTT_SL4,NOAA,29.719761315989444,1997-Aug,-3.497825832118476,0
26.702666666666666,-14.0237,121.8604,1997-09-01,SCOTT_SL4,NOAA,29.719761315989444,1997-Sep,-3.017094649322779,0
27.87709677419355,-14.0237,121.8604,1997-10-01,SCOTT_SL4,NOAA,29.719761315989444,1997-Oct,-1.8426645417958945,0
29.130666666666666,-14.0237,121.8604,1997-11-01,SCOTT_SL4,NOAA,29.719761315989444,1997-Nov,-0.589094649322778,0
30.170967741935485,-14.0237,121.8604,1997-12-01,SCOTT_SL4,NOAA,29.719761315989444,1997-Dec,0.4512064259460402,0.4512064259460402
29.411612903225805,-14.0237,121.8604,1998-01-01,SCOTT_SL4,NOAA,29.719761315989444,1998-Jan,-0.30814841276363936,0
29.919642857142858,-14.0237,121.8604,1998-02-01,SCOTT_SL4,NOAA,29.719761315989444,1998-Feb,0.19988154115341317,0.19988154115341317
30.935806451612905,-14.0237,121.8604,1998-03-01,SCOTT_SL4,NOAA,29.719761315989444,1998-Mar,1.2160451356234603,1.4159266767768734
30.880333333333333,-14.0237,121.8604,1998-04-01,SCOTT_SL4,NOAA,29.719761315989444,1998-Apr,1.1605720173438883,2.5764986941207617
29.606774193548386,-14.0237,121.8604,1998-05-01,SCOTT_SL4,NOAA,29.719761315989444,1998-May,-0.11298712244105857,0
28.510666666666665,-14.0237,121.8604,1998-06-01,SCOTT_SL4,NOAA,29.719761315989444,1998-Jun,-1.209094649322779,0
27.6541935483871,-14.0237,121.8604,1998-07-01,SCOTT_SL4,NOAA,29.719761315989444,1998-Jul,-2.065567767602346,0
27.733225806451614,-14.0237,121.8604,1998-08-01,SCOTT_SL4,NOAA,29.719761315989444,1998-Aug,-1.9865355095378305,0
28.122,-14.0237,121.8604,1998-09-01,SCOTT_SL4,NOAA,29.719761315989444,1998-Sep,-1.5977613159894446,0
29.33483870967742,-14.0237,121.8604,1998-10-01,SCOTT_SL4,NOAA,29.719761315989444,1998-Oct,-0.38492260631202413,0
30.097666666666665,-14.0237,121.8604,1998-11-01,SCOTT_SL4,NOAA,29.719761315989444,1998-Nov,0.37790535067722075,0.37790535067722075
29.420967741935485,-14.0237,121.8604,1998-12-01,SCOTT_SL4,NOAA,29.719761315989444,1998-Dec,-0.2987935740539598,0
29.822903225806453,-14.0237,121.8604,1999-01-01,SCOTT_SL4,NOAA,29.719761315989444,1999-Jan,0.10314190981700833,0.10314190981700833
29.2775,-14.0237,121.8604,1999-02-01,SCOTT_SL4,NOAA,29.719761315989444,1999-Feb,-0.4422613159894446,0
29.311612903225807,-14.0237,121.8604,1999-03-01,SCOTT_SL4,NOAA,29.719761315989444,1999-Mar,-0.4081484127636372,0
29.229666666666667,-14.0237,121.8604,1999-04-01,SCOTT_SL4,NOAA,29.719761315989444,1999-Apr,-0.4900946493227778,0
28.46290322580645,-14.0237,121.8604,1999-05-01,SCOTT_SL4,NOAA,29.719761315989444,1999-May,-1.2568580901829947,0
28,-14.0237,121.8604,1999-06-01,SCOTT_SL4,NOAA,29.719761315989444,1999-Jun,-1.7197613159894445,0
26.91774193548387,-14.0237,121.8604,1999-07-01,SCOTT_SL4,NOAA,29.719761315989444,1999-Jul,-2.8020193805055733,0
26.49483870967742,-14.0237,121.8604,1999-08-01,SCOTT_SL4,NOAA,29.719761315989444,1999-Aug,-3.224922606312024,0
27.503333333333334,-14.0237,121.8604,1999-09-01,SCOTT_SL4,NOAA,29.719761315989444,1999-Sep,-2.2164279826561106,0
28.801935483870967,-14.0237,121.8604,1999-10-01,SCOTT_SL4,NOAA,29.719761315989444,1999-Oct,-0.9178258321184778,0
29.520666666666667,-14.0237,121.8604,1999-11-01,SCOTT_SL4,NOAA,29.719761315989444,1999-Nov,-0.19909464932277743,0
29.238064516129032,-14.0237,121.8604,1999-12-01,SCOTT_SL4,NOAA,29.719761315989444,1999-Dec,-0.48169679986041203,0
29.08290322580645,-14.0237,121.8604,2000-01-01,SCOTT_SL4,NOAA,29.719761315989444,2000-Jan,-0.6368580901829937,0
29.035862068965518,-14.0237,121.8604,2000-02-01,SCOTT_SL4,NOAA,29.719761315989444,2000-Feb,-0.6838992470239269,0
29.390645161290323,-14.0237,121.8604,2000-03-01,SCOTT_SL4,NOAA,29.719761315989444,2000-Mar,-0.3291161546991219,0
29.303333333333335,-14.0237,121.8604,2000-04-01,SCOTT_SL4,NOAA,29.719761315989444,2000-Apr,-0.4164279826561099,0
28.253548387096775,-14.0237,121.8604,2000-05-01,SCOTT_SL4,NOAA,29.719761315989444,2000-May,-1.46621292889267,0
26.715,-14.0237,121.8604,2000-06-01,SCOTT_SL4,NOAA,29.719761315989444,2000-Jun,-3.0047613159894446,0
26.42451612903226,-14.0237,121.8604,2000-07-01,SCOTT_SL4,NOAA,29.719761315989444,2000-Jul,-3.2952451869571853,0
26.226129032258065,-14.0237,121.8604,2000-08-01,SCOTT_SL4,NOAA,29.719761315989444,2000-Aug,-3.4936322837313796,0
27.186,-14.0237,121.8604,2000-09-01,SCOTT_SL4,NOAA,29.719761315989444,2000-Sep,-2.5337613159894445,0
28.69741935483871,-14.0237,121.8604,2000-10-01,SCOTT_SL4,NOAA,29.719761315989444,2000-Oct,-1.0223419611507332,0
28.939666666666668,-14.0237,121.8604,2000-11-01,SCOTT_SL4,NOAA,29.719761315989444,2000-Nov,-0.780094649322777,0
28.321935483870966,-14.0237,121.8604,2000-12-01,SCOTT_SL4,NOAA,29.719761315989444,2000-Dec,-1.3978258321184782,0
29.91,-14.0237,121.8604,2001-01-01,SCOTT_SL4,NOAA,29.719761315989444,2001-Jan,0.19023868401055566,0.19023868401055566
28.9525,-14.0237,121.8604,2001-02-01,SCOTT_SL4,NOAA,29.719761315989444,2001-Feb,-0.7672613159894439,0
28.637096774193548,-14.0237,121.8604,2001-03-01,SCOTT_SL4,NOAA,29.719761315989444,2001-Mar,-1.0826645417958964,0
29.468666666666667,-14.0237,121.8604,2001-04-01,SCOTT_SL4,NOAA,29.719761315989444,2001-Apr,-0.25109464932277703,0
28.88064516129032,-14.0237,121.8604,2001-05-01,SCOTT_SL4,NOAA,29.719761315989444,2001-May,-0.8391161546991235,0
27.649,-14.0237,121.8604,2001-06-01,SCOTT_SL4,NOAA,29.719761315989444,2001-Jun,-2.0707613159894436,0
26.745483870967742,-14.0237,121.8604,2001-07-01,SCOTT_SL4,NOAA,29.719761315989444,2001-Jul,-2.974277445021702,0
26.338064516129034,-14.0237,121.8604,2001-08-01,SCOTT_SL4,NOAA,29.719761315989444,2001-Aug,-3.3816967998604106,0
27.167,-14.0237,121.8604,2001-09-01,SCOTT_SL4,NOAA,29.719761315989444,2001-Sep,-2.552761315989443,0
28.137096774193548,-14.0237,121.8604,2001-10-01,SCOTT_SL4,NOAA,29.719761315989444,2001-Oct,-1.5826645417958964,0
28.404666666666667,-14.0237,121.8604,2001-11-01,SCOTT_SL4,NOAA,29.719761315989444,2001-Nov,-1.315094649322777,0
29.128709677419355,-14.0237,121.8604,2001-12-01,SCOTT_SL4,NOAA,29.719761315989444,2001-Dec,-0.5910516385700895,0
29.495806451612903,-14.0237,121.8604,2002-01-01,SCOTT_SL4,NOAA,29.719761315989444,2002-Jan,-0.223954864376541,0
29.479642857142856,-14.0237,121.8604,2002-02-01,SCOTT_SL4,NOAA,29.719761315989444,2002-Feb,-0.2401184588465881,0
30.071612903225805,-14.0237,121.8604,2002-03-01,SCOTT_SL4,NOAA,29.719761315989444,2002-Mar,0.3518515872363608,0.3518515872363608
30.365,-14.0237,121.8604,2002-04-01,SCOTT_SL4,NOAA,29.719761315989444,2002-Apr,0.645238684010554,0.9970902712469147
29.72258064516129,-14.0237,121.8604,2002-05-01,SCOTT_SL4,NOAA,29.719761315989444,2002-May,0.002819329171845908,0.9999096004187606
27.916666666666668,-14.0237,121.8604,2002-06-01,SCOTT_SL4,NOAA,29.719761315989444,2002-Jun,-1.8030946493227766,0
26.519032258064517,-14.0237,121.8604,2002-07-01,SCOTT_SL4,NOAA,29.719761315989444,2002-Jul,-3.200729057924928,0
26.017419354838708,-14.0237,121.8604,2002-08-01,SCOTT_SL4,NOAA,29.719761315989444,2002-Aug,-3.7023419611507364,0
26.550666666666668,-14.0237,121.8604,2002-09-01,SCOTT_SL4,NOAA,29.719761315989444,2002-Sep,-3.1690946493227763,0
28.016451612903225,-14.0237,121.8604,2002-10-01,SCOTT_SL4,NOAA,29.719761315989444,2002-Oct,-1.7033097030862194,0
30.068333333333335,-14.0237,121.8604,2002-11-01,SCOTT_SL4,NOAA,29.719761315989444,2002-Nov,0.34857201734389065,0.34857201734389065
30.963548387096775,-14.0237,121.8604,2002-12-01,SCOTT_SL4,NOAA,29.719761315989444,2002-Dec,1.2437870711073309,1.5923590884512215
30.484193548387097,-14.0237,121.8604,2003-01-01,SCOTT_SL4,NOAA,29.719761315989444,2003-Jan,0.7644322323976525,2.356791320848874
30.06892857142857,-14.0237,121.8604,2003-02-01,SCOTT_SL4,NOAA,29.719761315989444,2003-Feb,0.3491672554391272,2.705958576288001
29.384516129032257,-14.0237,121.8604,2003-03-01,SCOTT_SL4,NOAA,29.719761315989444,2003-Mar,-0.33524518695718797,0
29.704333333333334,-14.0237,121.8604,2003-04-01,SCOTT_SL4,NOAA,29.719761315989444,2003-Apr,-0.015427982656110117,0
28.86806451612903,-14.0237,121.8604,2003-05-01,SCOTT_SL4,NOAA,29.719761315989444,2003-May,-0.851696799860413,0
27.589,-14.0237,121.8604,2003-06-01,SCOTT_SL4,NOAA,29.719761315989444,2003-Jun,-2.130761315989446,0
26.86967741935484,-14.0237,121.8604,2003-07-01,SCOTT_SL4,NOAA,29.719761315989444,2003-Jul,-2.8500838966346045,0
26.46548387096774,-14.0237,121.8604,2003-08-01,SCOTT_SL4,NOAA,29.719761315989444,2003-Aug,-3.254277445021703,0
26.853,-14.0237,121.8604,2003-09-01,SCOTT_SL4,NOAA,29.719761315989444,2003-Sep,-2.866761315989443,0
27.945483870967742,-14.0237,121.8604,2003-10-01,SCOTT_SL4,NOAA,29.719761315989444,2003-Oct,-1.7742774450217027,0
29.268333333333334,-14.0237,121.8604,2003-11-01,SCOTT_SL4,NOAA,29.719761315989444,2003-Nov,-0.45142798265611006,0
29.920967741935485,-14.0237,121.8604,2003-12-01,SCOTT_SL4,NOAA,29.719761315989444,2003-Dec,0.2012064259460402,0.2012064259460402
29.15451612903226,-14.0237,121.8604,2004-01-01,SCOTT_SL4,NOAA,29.719761315989444,2004-Jan,-0.5652451869571848,0
29.03206896551724,-14.0237,121.8604,2004-02-01,SCOTT_SL4,NOAA,29.719761315989444,2004-Feb,-0.6876923504722043,0
28.978709677419356,-14.0237,121.8604,2004-03-01,SCOTT_SL4,NOAA,29.719761315989444,2004-Mar,-0.741051638570088,0
29.235666666666667,-14.0237,121.8604,2004-04-01,SCOTT_SL4,NOAA,29.719761315989444,2004-Apr,-0.48409464932277757,0
28.877741935483872,-14.0237,121.8604,2004-05-01,SCOTT_SL4,NOAA,29.719761315989444,2004-May,-0.8420193805055725,0
27.638,-14.0237,121.8604,2004-06-01,SCOTT_SL4,NOAA,29.719761315989444,2004-Jun,-2.081761315989443,0
26.39774193548387,-14.0237,121.8604,2004-07-01,SCOTT_SL4,NOAA,29.719761315989444,2004-Jul,-3.322019380505573,0
26.13967741935484,-14.0237,121.8604,2004-08-01,SCOTT_SL4,NOAA,29.719761315989444,2004-Aug,-3.580083896634605,0
26.612,-14.0237,121.8604,2004-09-01,SCOTT_SL4,NOAA,29.719761315989444,2004-Sep,-3.107761315989446,0
27.983225806451614,-14.0237,121.8604,2004-10-01,SCOTT_SL4,NOAA,29.719761315989444,2004-Oct,-1.7365355095378305,0
29.824666666666666,-14.0237,121.8604,2004-11-01,SCOTT_SL4,NOAA,29.719761315989444,2004-Nov,0.10490535067722107,0.10490535067722107
30.496774193548386,-14.0237,121.8604,2004-12-01,SCOTT_SL4,NOAA,29.719761315989444,2004-Dec,0.777012877558942,0.8819182282361631
29.434516129032257,-14.0237,121.8604,2005-01-01,SCOTT_SL4,NOAA,29.719761315989444,2005-Jan,-0.28524518695718726,0
29.97607142857143,-14.0237,121.8604,2005-02-01,SCOTT_SL4,NOAA,29.719761315989444,2005-Feb,0.25631011258198555,0.25631011258198555
30.124193548387098,-14.0237,121.8604,2005-03-01,SCOTT_SL4,NOAA,29.719761315989444,2005-Mar,0.404432232397653,0.6607423449796386
30.305333333333333,-14.0237,121.8604,2005-04-01,SCOTT_SL4,NOAA,29.719761315989444,2005-Apr,0.585572017343889,1.2463143623235275
29.348387096774193,-14.0237,121.8604,2005-05-01,SCOTT_SL4,NOAA,29.719761315989444,2005-May,-0.3713742192152516,0
27.896,-14.0237,121.8604,2005-06-01,SCOTT_SL4,NOAA,29.719761315989444,2005-Jun,-1.8237613159894437,0
27.170645161290324,-14.0237,121.8604,2005-07-01,SCOTT_SL4,NOAA,29.719761315989444,2005-Jul,-2.549116154699121,0
26.543225806451613,-14.0237,121.8604,2005-08-01,SCOTT_SL4,NOAA,29.719761315989444,2005-Aug,-3.176535509537832,0
27.223,-14.0237,121.8604,2005-09-01,SCOTT_SL4,NOAA,29.719761315989444,2005-Sep,-2.4967613159894455,0
28.516451612903225,-14.0237,121.8604,2005-10-01,SCOTT_SL4,NOAA,29.719761315989444,2005-Oct,-1.2033097030862194,0
29.274,-14.0237,121.8604,2005-11-01,SCOTT_SL4,NOAA,29.719761315989444,2005-Nov,-0.4457613159894436,0
30.313225806451612,-14.0237,121.8604,2005-12-01,SCOTT_SL4,NOAA,29.719761315989444,2005-Dec,0.5934644904621678,0.5934644904621678
28.964193548387097,-14.0237,121.8604,2006-01-01,SCOTT_SL4,NOAA,29.719761315989444,2006-Jan,-0.7555677676023471,0
29.153214285714284,-14.0237,121.8604,2006-02-01,SCOTT_SL4,NOAA,29.719761315989444,2006-Feb,-0.5665470302751601,0
29.471290322580646,-14.0237,121.8604,2006-03-01,SCOTT_SL4,NOAA,29.719761315989444,2006-Mar,-0.24847099340879808,0
29.571666666666665,-14.0237,121.8604,2006-04-01,SCOTT_SL4,NOAA,29.719761315989444,2006-Apr,-0.14809464932277905,0
28.574193548387097,-14.0237,121.8604,2006-05-01,SCOTT_SL4,NOAA,29.719761315989444,2006-May,-1.1455677676023477,0
27.043666666666667,-14.0237,121.8604,2006-06-01,SCOTT_SL4,NOAA,29.719761315989444,2006-Jun,-2.6760946493227777,0
25.892903225806453,-14.0237,121.8604,2006-07-01,SCOTT_SL4,NOAA,29.719761315989444,2006-Jul,-3.8268580901829914,0
25.681290322580644,-14.0237,121.8604,2006-08-01,SCOTT_SL4,NOAA,29.719761315989444,2006-Aug,-4.038470993408801,0
26.561666666666667,-14.0237,121.8604,2006-09-01,SCOTT_SL4,NOAA,29.719761315989444,2006-Sep,-3.158094649322777,0
28.495483870967742,-14.0237,121.8604,2006-10-01,SCOTT_SL4,NOAA,29.719761315989444,2006-Oct,-1.224277445021702,0
29.631333333333334,-14.0237,121.8604,2006-11-01,SCOTT_SL4,NOAA,29.719761315989444,2006-Nov,-0.08842798265611052,0
30.572903225806453,-14.0237,121.8604,2006-12-01,SCOTT_SL4,NOAA,29.719761315989444,2006-Dec,0.8531419098170083,0.8531419098170083
29.280322580645162,-14.0237,121.8604,2007-01-01,SCOTT_SL4,NOAA,29.719761315989444,2007-Jan,-0.43943873534428235,0
30.30392857142857,-14.0237,121.8604,2007-02-01,SCOTT_SL4,NOAA,29.719761315989444,2007-Feb,0.5841672554391266,0.5841672554391266
29.431612903225805,-14.0237,121.8604,2007-03-01,SCOTT_SL4,NOAA,29.719761315989444,2007-Mar,-0.2881484127636398,0
29.508666666666667,-14.0237,121.8604,2007-04-01,SCOTT_SL4,NOAA,29.719761315989444,2007-Apr,-0.21109464932277788,0
29.36032258064516,-14.0237,121.8604,2007-05-01,SCOTT_SL4,NOAA,29.719761315989444,2007-May,-0.35943873534428405,0
27.845,-14.0237,121.8604,2007-06-01,SCOTT_SL4,NOAA,29.719761315989444,2007-Jun,-1.8747613159894456,0
26.521290322580644,-14.0237,121.8604,2007-07-01,SCOTT_SL4,NOAA,29.719761315989444,2007-Jul,-3.198470993408801,0
26.046129032258065,-14.0237,121.8604,2007-08-01,SCOTT_SL4,NOAA,29.719761315989444,2007-Aug,-3.6736322837313793,0
26.901,-14.0237,121.8604,2007-09-01,SCOTT_SL4,NOAA,29.719761315989444,2007-Sep,-2.8187613159894447,0
28.203548387096774,-14.0237,121.8604,2007-10-01,SCOTT_SL4,NOAA,29.719761315989444,2007-Oct,-1.5162129288926707,0
29.298,-14.0237,121.8604,2007-11-01,SCOTT_SL4,NOAA,29.719761315989444,2007-Nov,-0.4217613159894462,0
30.593225806451613,-14.0237,121.8604,2007-12-01,SCOTT_SL4,NOAA,29.719761315989444,2007-Dec,0.8734644904621689,0.8734644904621689
29.614838709677418,-14.0237,121.8604,2008-01-01,SCOTT_SL4,NOAA,29.719761315989444,2008-Jan,-0.10492260631202655,0
29.40344827586207,-14.0237,121.8604,2008-02-01,SCOTT_SL4,NOAA,29.719761315989444,2008-Feb,-0.31631304012737615,0
29.623870967741937,-14.0237,121.8604,2008-03-01,SCOTT_SL4,NOAA,29.719761315989444,2008-Mar,-0.09589034824750797,0
29.806333333333335,-14.0237,121.8604,2008-04-01,SCOTT_SL4,NOAA,29.719761315989444,2008-Apr,0.0865720173438902,0.0865720173438902
28.668709677419354,-14.0237,121.8604,2008-05-01,SCOTT_SL4,NOAA,29.719761315989444,2008-May,-1.0510516385700903,0
27.305666666666667,-14.0237,121.8604,2008-06-01,SCOTT_SL4,NOAA,29.719761315989444,2008-Jun,-2.4140946493227773,0
26.378709677419355,-14.0237,121.8604,2008-07-01,SCOTT_SL4,NOAA,29.719761315989444,2008-Jul,-3.3410516385700895,0
26.116451612903226,-14.0237,121.8604,2008-08-01,SCOTT_SL4,NOAA,29.719761315989444,2008-Aug,-3.603309703086218,0
27.250333333333334,-14.0237,121.8604,2008-09-01,SCOTT_SL4,NOAA,29.719761315989444,2008-Sep,-2.4694279826561107,0
28.939032258064515,-14.0237,121.8604,2008-10-01,SCOTT_SL4,NOAA,29.719761315989444,2008-Oct,-0.7807290579249297,0
30.09733333333333,-14.0237,121.8604,2008-11-01,SCOTT_SL4,NOAA,29.719761315989444,2008-Nov,0.377572017343887,0.377572017343887
30.221290322580646,-14.0237,121.8604,2008-12-01,SCOTT_SL4,NOAA,29.719761315989444,2008-Dec,0.5015290065912019,0.8791010239350889
29.859032258064516,-14.0237,121.8604,2009-01-01,SCOTT_SL4,NOAA,29.719761315989444,2009-Jan,0.13927094207507196,1.018371966010161
29.100357142857142,-14.0237,121.8604,2009-02-01,SCOTT_SL4,NOAA,29.719761315989444,2009-Feb,-0.6194041731323026,0
30.036774193548386,-14.0237,121.8604,2009-03-01,SCOTT_SL4,NOAA,29.719761315989444,2009-Mar,0.31701287755894114,0.31701287755894114
30.456666666666667,-14.0237,121.8604,2009-04-01,SCOTT_SL4,NOAA,29.719761315989444,2009-Apr,0.7369053506772225,1.0539182282361637
29.148387096774194,-14.0237,121.8604,2009-05-01,SCOTT_SL4,NOAA,29.719761315989444,2009-May,-0.5713742192152509,0
28.248,-14.0237,121.8604,2009-06-01,SCOTT_SL4,NOAA,29.719761315989444,2009-Jun,-1.4717613159894434,0
27.528709677419354,-14.0237,121.8604,2009-07-01,SCOTT_SL4,NOAA,29.719761315989444,2009-Jul,-2.191051638570091,0
26.85451612903226,-14.0237,121.8604,2009-08-01,SCOTT_SL4,NOAA,29.719761315989444,2009-Aug,-2.8652451869571856,0
27.672333333333334,-14.0237,121.8604,2009-09-01,SCOTT_SL4,NOAA,29.719761315989444,2009-Sep,-2.04742798265611,0
28.72193548387097,-14.0237,121.8604,2009-10-01,SCOTT_SL4,NOAA,29.719761315989444,2009-Oct,-0.9978258321184761,0
29.999,-14.0237,121.8604,2009-11-01,SCOTT_SL4,NOAA,29.719761315989444,2009-Nov,0.2792386840105543,0.2792386840105543
29.875806451612902,-14.0237,121.8604,2009-12-01,SCOTT_SL4,NOAA,29.719761315989444,2009-Dec,0.156045135623458,0.4352838196340123
29.669677419354837,-14.0237,121.8604,2010-01-01,SCOTT_SL4,NOAA,29.719761315989444,2010-Jan,-0.05008389663460733,0
29.8375,-14.0237,121.8604,2010-02-01,SCOTT_SL4,NOAA,29.719761315989444,2010-Feb,0.1177386840105541,0.1177386840105541
30.835806451612903,-14.0237,121.8604,2010-03-01,SCOTT_SL4,NOAA,29.719761315989444,2010-Mar,1.1160451356234589,1.233783819634013
30.738333333333333,-14.0237,121.8604,2010-04-01,SCOTT_SL4,NOAA,29.719761315989444,2010-Apr,1.0185720173438888,2.2523558369779018
29.548709677419353,-14.0237,121.8604,2010-05-01,SCOTT_SL4,NOAA,29.719761315989444,2010-May,-0.1710516385700913,0
28.204333333333334,-14.0237,121.8604,2010-06-01,SCOTT_SL4,NOAA,29.719761315989444,2010-Jun,-1.5154279826561101,0
27.432903225806452,-14.0237,121.8604,2010-07-01,SCOTT_SL4,NOAA,29.719761315989444,2010-Jul,-2.2868580901829922,0
27.266774193548386,-14.0237,121.8604,2010-08-01,SCOTT_SL4,NOAA,29.719761315989444,2010-Aug,-2.4529871224410584,0
27.962666666666667,-14.0237,121.8604,2010-09-01,SCOTT_SL4,NOAA,29.719761315989444,2010-Sep,-1.7570946493227773,0
29.283870967741937,-14.0237,121.8604,2010-10-01,SCOTT_SL4,NOAA,29.719761315989444,2010-Oct,-0.43589034824750783,0
29.954666666666668,-14.0237,121.8604,2010-11-01,SCOTT_SL4,NOAA,29.719761315989444,2010-Nov,0.23490535067722362,0.23490535067722362
30.51516129032258,-14.0237,121.8604,2010-12-01,SCOTT_SL4,NOAA,29.719761315989444,2010-Dec,0.7953999743331366,1.0303053250103602
29.246129032258064,-14.0237,121.8604,2011-01-01,SCOTT_SL4,NOAA,29.719761315989444,2011-Jan,-0.47363228373138,0
29.048928571428572,-14.0237,121.8604,2011-02-01,SCOTT_SL4,NOAA,29.719761315989444,2011-Feb,-0.6708327445608724,0
28.984516129032258,-14.0237,121.8604,2011-03-01,SCOTT_SL4,NOAA,29.719761315989444,2011-Mar,-0.7352451869571865,0
29.141,-14.0237,121.8604,2011-04-01,SCOTT_SL4,NOAA,29.719761315989444,2011-Apr,-0.5787613159894462,0
28.300967741935484,-14.0237,121.8604,2011-05-01,SCOTT_SL4,NOAA,29.719761315989444,2011-May,-1.4187935740539608,0
26.699666666666666,-14.0237,121.8604,2011-06-01,SCOTT_SL4,NOAA,29.719761315989444,2011-Jun,-3.020094649322779,0
26.158709677419356,-14.0237,121.8604,2011-07-01,SCOTT_SL4,NOAA,29.719761315989444,2011-Jul,-3.5610516385700883,0
26.051935483870967,-14.0237,121.8604,2011-08-01,SCOTT_SL4,NOAA,29.719761315989444,2011-Aug,-3.667825832118478,0
26.255666666666666,-14.0237,121.8604,2011-09-01,SCOTT_SL4,NOAA,29.719761315989444,2011-Sep,-3.464094649322778,0
27.555806451612902,-14.0237,121.8604,2011-10-01,SCOTT_SL4,NOAA,29.719761315989444,2011-Oct,-2.1639548643765423,0
29.783,-14.0237,121.8604,2011-11-01,SCOTT_SL4,NOAA,29.719761315989444,2011-Nov,0.06323868401055677,0.06323868401055677
30.448709677419355,-14.0237,121.8604,2011-12-01,SCOTT_SL4,NOAA,29.719761315989444,2011-Dec,0.7289483614299108,0.7921870454404676
30.140645161290323,-14.0237,121.8604,2012-01-01,SCOTT_SL4,NOAA,29.719761315989444,2012-Jan,0.4208838453008781,1.2130708907413457
30.24310344827586,-14.0237,121.8604,2012-02-01,SCOTT_SL4,NOAA,29.719761315989444,2012-Feb,0.523342132286416,1.7364130230277617
29.67451612903226,-14.0237,121.8604,2012-03-01,SCOTT_SL4,NOAA,29.719761315989444,2012-Mar,-0.04524518695718527,0
29.740666666666666,-14.0237,121.8604,2012-04-01,SCOTT_SL4,NOAA,29.719761315989444,2012-Apr,0.020905350677221435,0.020905350677221435
28.440645161290323,-14.0237,121.8604,2012-05-01,SCOTT_SL4,NOAA,29.719761315989444,2012-May,-1.2791161546991212,0
26.849666666666668,-14.0237,121.8604,2012-06-01,SCOTT_SL4,NOAA,29.719761315989444,2012-Jun,-2.870094649322777,0
25.84967741935484,-14.0237,121.8604,2012-07-01,SCOTT_SL4,NOAA,29.719761315989444,2012-Jul,-3.870083896634604,0
25.506774193548388,-14.0237,121.8604,2012-08-01,SCOTT_SL4,NOAA,29.719761315989444,2012-Aug,-4.2129871224410564,0
27.112666666666666,-14.0237,121.8604,2012-09-01,SCOTT_SL4,NOAA,29.719761315989444,2012-Sep,-2.6070946493227787,0
28.94290322580645,-14.0237,121.8604,2012-10-01,SCOTT_SL4,NOAA,29.719761315989444,2012-Oct,-0.7768580901829942,0
30.394,-14.0237,121.8604,2012-11-01,SCOTT_SL4,NOAA,29.719761315989444,2012-Nov,0.6742386840105539,0.6742386840105539
31.108064516129033,-14.0237,121.8604,2012-12-01,SCOTT_SL4,NOAA,29.719761315989444,2012-Dec,1.388303200139589,2.062541884150143
29.90806451612903,-14.0237,121.8604,2013-01-01,SCOTT_SL4,NOAA,29.719761315989444,2013-Jan,0.18830320013958612,2.250845084289729
30.557142857142857,-14.0237,121.8604,2013-02-01,SCOTT_SL4,NOAA,29.719761315989444,2013-Feb,0.8373815411534125,3.0882266254431414
30.276451612903227,-14.0237,121.8604,2013-03-01,SCOTT_SL4,NOAA,29.719761315989444,2013-Mar,0.5566902969137821,3.6449169223569235
30.411666666666665,-14.0237,121.8604,2013-04-01,SCOTT_SL4,NOAA,29.719761315989444,2013-Apr,0.6919053506772208,4.336822273034144
29.811290322580646,-14.0237,121.8604,2013-05-01,SCOTT_SL4,NOAA,29.719761315989444,2013-May,0.09152900659120178,4.428351279625346
28.290666666666667,-14.0237,121.8604,2013-06-01,SCOTT_SL4,NOAA,29.719761315989444,2013-Jun,-1.4290946493227779,0
27.399677419354838,-14.0237,121.8604,2013-07-01,SCOTT_SL4,NOAA,29.719761315989444,2013-Jul,-2.320083896634607,0
27.07,-14.0237,121.8604,2013-08-01,SCOTT_SL4,NOAA,29.719761315989444,2013-Aug,-2.649761315989444,0
27.367666666666665,-14.0237,121.8604,2013-09-01,SCOTT_SL4,NOAA,29.719761315989444,2013-Sep,-2.3520946493227797,0
28.58741935483871,-14.0237,121.8604,2013-10-01,SCOTT_SL4,NOAA,29.719761315989444,2013-Oct,-1.1323419611507362,0
29.915666666666667,-14.0237,121.8604,2013-11-01,SCOTT_SL4,NOAA,29.719761315989444,2013-Nov,0.19590535067722215,0.19590535067722215
30.264193548387098,-14.0237,121.8604,2013-12-01,SCOTT_SL4,NOAA,29.719761315989444,2013-Dec,0.5444322323976536,0.7403375830748757
29.466451612903224,-14.0237,121.8604,2014-01-01,SCOTT_SL4,NOAA,29.719761315989444,2014-Jan,-0.25330970308622014,0
28.995714285714286,-14.0237,121.8604,2014-02-01,SCOTT_SL4,NOAA,29.719761315989444,2014-Feb,-0.7240470302751589,0
30.425483870967742,-14.0237,121.8604,2014-03-01,SCOTT_SL4,NOAA,29.719761315989444,2014-Mar,0.7057225549782977,0.7057225549782977
30.773666666666667,-14.0237,121.8604,2014-04-01,SCOTT_SL4,NOAA,29.719761315989444,2014-Apr,1.0539053506772227,1.7596279056555204
29.89032258064516,-14.0237,121.8604,2014-05-01,SCOTT_SL4,NOAA,29.719761315989444,2014-May,0.17056126465571708,1.9301891703112375
28.187,-14.0237,121.8604,2014-06-01,SCOTT_SL4,NOAA,29.719761315989444,2014-Jun,-1.5327613159894433,0
26.940967741935484,-14.0237,121.8604,2014-07-01,SCOTT_SL4,NOAA,29.719761315989444,2014-Jul,-2.77879357405396,0
26.518709677419356,-14.0237,121.8604,2014-08-01,SCOTT_SL4,NOAA,29.719761315989444,2014-Aug,-3.201051638570089,0
26.957666666666668,-14.0237,121.8604,2014-09-01,SCOTT_SL4,NOAA,29.719761315989444,2014-Sep,-2.7620946493227763,0
28.33741935483871,-14.0237,121.8604,2014-10-01,SCOTT_SL4,NOAA,29.719761315989444,2014-Oct,-1.3823419611507362,0
30.348333333333333,-14.0237,121.8604,2014-11-01,SCOTT_SL4,NOAA,29.719761315989444,2014-Nov,0.6285720173438882,0.6285720173438882
30.574193548387097,-14.0237,121.8604,2014-12-01,SCOTT_SL4,NOAA,29.719761315989444,2014-Dec,0.8544322323976523,1.4830042497415405
29.59516129032258,-14.0237,121.8604,2015-01-01,SCOTT_SL4,NOAA,29.719761315989444,2015-Jan,-0.12460002566686512,0
30.130714285714287,-14.0237,121.8604,2015-02-01,SCOTT_SL4,NOAA,29.719761315989444,2015-Feb,0.41095296972484263,0.41095296972484263
30.23774193548387,-14.0237,121.8604,2015-03-01,SCOTT_SL4,NOAA,29.719761315989444,2015-Mar,0.517980619494427,0.9289335892192696
30.246333333333332,-14.0237,121.8604,2015-04-01,SCOTT_SL4,NOAA,29.719761315989444,2015-Apr,0.5265720173438879,1.4555056065631575
28.88741935483871,-14.0237,121.8604,2015-05-01,SCOTT_SL4,NOAA,29.719761315989444,2015-May,-0.8323419611507354,0
27.805333333333333,-14.0237,121.8604,2015-06-01,SCOTT_SL4,NOAA,29.719761315989444,2015-Jun,-1.914427982656111,0
27.01483870967742,-14.0237,121.8604,2015-07-01,SCOTT_SL4,NOAA,29.719761315989444,2015-Jul,-2.7049226063120244,0
26.68548387096774,-14.0237,121.8604,2015-08-01,SCOTT_SL4,NOAA,29.719761315989444,2015-Aug,-3.0342774450217043,0
27.411,-14.0237,121.8604,2015-09-01,SCOTT_SL4,NOAA,29.719761315989444,2015-Sep,-2.308761315989443,0
28.879677419354838,-14.0237,121.8604,2015-10-01,SCOTT_SL4,NOAA,29.719761315989444,2015-Oct,-0.8400838966346065,0
30.148,-14.0237,121.8604,2015-11-01,SCOTT_SL4,NOAA,29.719761315989444,2015-Nov,0.4282386840105552,0.4282386840105552
30.37483870967742,-14.0237,121.8604,2015-12-01,SCOTT_SL4,NOAA,29.719761315989444,2015-Dec,0.655077393687975,1.0833160776985302
30.250967741935483,-14.0237,121.8604,2016-01-01,SCOTT_SL4,NOAA,29.719761315989444,2016-Jan,0.5312064259460385,1.6145225036445687
30.500689655172412,-14.0237,121.8604,2016-02-01,SCOTT_SL4,NOAA,29.719761315989444,2016-Feb,0.7809283391829673,2.395450842827536
31.324193548387097,-14.0237,121.8604,2016-03-01,SCOTT_SL4,NOAA,29.719761315989444,2016-Mar,1.6044322323976523,3.9998830752251884
31.421666666666667,-14.0237,121.8604,2016-04-01,SCOTT_SL4,NOAA,29.719761315989444,2016-Apr,1.7019053506772224,5.701788425902411
30.143225806451614,-14.0237,121.8604,2016-05-01,SCOTT_SL4,NOAA,29.719761315989444,2016-May,0.4234644904621696,6.12525291636458
29.218666666666667,-14.0237,121.8604,2016-06-01,SCOTT_SL4,NOAA,29.719761315989444,2016-Jun,-0.501094649322777,0
28.053225806451614,-14.0237,121.8604,2016-07-01,SCOTT_SL4,NOAA,29.719761315989444,2016-Jul,-1.6665355095378303,0
27.68709677419355,-14.0237,121.8604,2016-08-01,SCOTT_SL4,NOAA,29.719761315989444,2016-Aug,-2.0326645417958957,0
28.41,-14.0237,121.8604,2016-09-01,SCOTT_SL4,NOAA,29.719761315989444,2016-Sep,-1.3097613159894443,0
29.73709677419355,-14.0237,121.8604,2016-10-01,SCOTT_SL4,NOAA,29.719761315989444,2016-Oct,0.01733545820410498,0.01733545820410498
30.568,-14.0237,121.8604,2016-11-01,SCOTT_SL4,NOAA,29.719761315989444,2016-Nov,0.8482386840105569,0.8655741422146619
30.621612903225806,-14.0237,121.8604,2016-12-01,SCOTT_SL4,NOAA,29.719761315989444,2016-Dec,0.9018515872363615,1.7674257294510234
29.640645161290323,-14.0237,121.8604,2017-01-01,SCOTT_SL4,NOAA,29.719761315989444,2017-Jan,-0.07911615469912192,0
29.39857142857143,-14.0237,121.8604,2017-02-01,SCOTT_SL4,NOAA,29.719761315989444,2017-Feb,-0.321189887418015,0
29.991612903225807,-14.0237,121.8604,2017-03-01,SCOTT_SL4,NOAA,29.719761315989444,2017-Mar,0.2718515872363625,0.2718515872363625
29.916,-14.0237,121.8604,2017-04-01,SCOTT_SL4,NOAA,29.719761315989444,2017-Apr,0.19623868401055589,0.4680902712469184
28.981935483870966,-14.0237,121.8604,2017-05-01,SCOTT_SL4,NOAA,29.719761315989444,2017-May,-0.7378258321184781,0
27.646333333333335,-14.0237,121.8604,2017-06-01,SCOTT_SL4,NOAA,29.719761315989444,2017-Jun,-2.07342798265611,0
27.135483870967743,-14.0237,121.8604,2017-07-01,SCOTT_SL4,NOAA,29.719761315989444,2017-Jul,-2.5842774450217014,0
27.041290322580643,-14.0237,121.8604,2017-08-01,SCOTT_SL4,NOAA,29.719761315989444,2017-Aug,-2.6784709934088013,0
27.463333333333335,-14.0237,121.8604,2017-09-01,SCOTT_SL4,NOAA,29.719761315989444,2017-Sep,-2.2564279826561098,0
28.683870967741935,-14.0237,121.8604,2017-10-01,SCOTT_SL4,NOAA,29.719761315989444,2017-Oct,-1.0358903482475093,0
30.165333333333333,-14.0237,121.8604,2017-11-01,SCOTT_SL4,NOAA,29.719761315989444,2017-Nov,0.4455720173438884,0.4455720173438884
30.881290322580647,-14.0237,121.8604,2017-12-01,SCOTT_SL4,NOAA,29.719761315989444,2017-Dec,1.161529006591202,1.6071010239350905
30.129677419354838,-14.0237,121.8604,2018-01-01,SCOTT_SL4,NOAA,29.719761315989444,2018-Jan,0.4099161033653935,2.017017127300484
29.367857142857144,-14.0237,121.8604,2018-02-01,SCOTT_SL4,NOAA,29.719761315989444,2018-Feb,-0.3519041731323007,0
30.256451612903227,-14.0237,121.8604,2018-03-01,SCOTT_SL4,NOAA,29.719761315989444,2018-Mar,0.5366902969137826,0.5366902969137826
30.742,-14.0237,121.8604,2018-04-01,SCOTT_SL4,NOAA,29.719761315989444,2018-Apr,1.0222386840105564,1.558928980924339
29.45806451612903,-14.0237,121.8604,2018-05-01,SCOTT_SL4,NOAA,29.719761315989444,2018-May,-0.26169679986041317,0
27.8,-14.0237,121.8604,2018-06-01,SCOTT_SL4,NOAA,29.719761315989444,2018-Jun,-1.9197613159894438,0
27.008064516129032,-14.0237,121.8604,2018-07-01,SCOTT_SL4,NOAA,29.719761315989444,2018-Jul,-2.7116967998604125,0
26.401935483870968,-14.0237,121.8604,2018-08-01,SCOTT_SL4,NOAA,29.719761315989444,2018-Aug,-3.3178258321184764,0
27.091,-14.0237,121.8604,2018-09-01,SCOTT_SL4,NOAA,29.719761315989444,2018-Sep,-2.6287613159894434,0
28.29806451612903,-14.0237,121.8604,2018-10-01,SCOTT_SL4,NOAA,29.719761315989444,2018-Oct,-1.4216967998604133,0
29.294,-14.0237,121.8604,2018-11-01,SCOTT_SL4,NOAA,29.719761315989444,2018-Nov,-0.425761315989444,0
29.20935483870968,-14.0237,121.8604,2018-12-01,SCOTT_SL4,NOAA,29.719761315989444,2018-Dec,-0.5104064772797656,0
29.74774193548387,-14.0237,121.8604,2019-01-01,SCOTT_SL4,NOAA,29.719761315989444,2019-Jan,0.027980619494424985,0.027980619494424985
29.635714285714286,-14.0237,121.8604,2019-02-01,SCOTT_SL4,NOAA,29.719761315989444,2019-Feb,-0.08404703027515836,0
30.313225806451612,-14.0237,121.8604,2019-03-01,SCOTT_SL4,NOAA,29.719761315989444,2019-Mar,0.5934644904621678,0.5934644904621678
29.812666666666665,-14.0237,121.8604,2019-04-01,SCOTT_SL4,NOAA,29.719761315989444,2019-Apr,0.09290535067722061,0.6863698411393884
29.016129032258064,-14.0237,121.8604,2019-05-01,SCOTT_SL4,NOAA,29.719761315989444,2019-May,-0.7036322837313804,0
27.705666666666666,-14.0237,121.8604,2019-06-01,SCOTT_SL4,NOAA,29.719761315989444,2019-Jun,-2.0140946493227787,0
26.833225806451612,-14.0237,121.8604,2019-07-01,SCOTT_SL4,NOAA,29.719761315989444,2019-Jul,-2.8865355095378327,0
26.341612903225805,-14.0237,121.8604,2019-08-01,SCOTT_SL4,NOAA,29.719761315989444,2019-Aug,-3.3781484127636396,0
26.752333333333333,-14.0237,121.8604,2019-09-01,SCOTT_SL4,NOAA,29.719761315989444,2019-Sep,-2.967427982656112,0
28.47806451612903,-14.0237,121.8604,2019-10-01,SCOTT_SL4,NOAA,29.719761315989444,2019-Oct,-1.2416967998604136,0
30.057333333333332,-14.0237,121.8604,2019-11-01,SCOTT_SL4,NOAA,29.719761315989444,2019-Nov,0.33757201734388786,0.33757201734388786
30.879354838709677,-14.0237,121.8604,2019-12-01,SCOTT_SL4,NOAA,29.719761315989444,2019-Dec,1.1595935227202325,1.4971655400641204
29.78516129032258,-14.0237,121.8604,2020-01-01,SCOTT_SL4,NOAA,29.719761315989444,2020-Jan,0.06539997433313616,1.5625655143972565
29.91793103448276,-14.0237,121.8604,2020-02-01,SCOTT_SL4,NOAA,29.719761315989444,2020-Feb,0.19816971849331466,1.7607352328905712
30.523225806451613,-14.0237,121.8604,2020-03-01,SCOTT_SL4,NOAA,29.719761315989444,2020-Mar,0.8034644904621686,2.56419972335274
30.859333333333332,-14.0237,121.8604,2020-04-01,SCOTT_SL4,NOAA,29.719761315989444,2020-Apr,1.1395720173438875,3.7037717406966273
29.569032258064517,-14.0237,121.8604,2020-05-01,SCOTT_SL4,NOAA,29.719761315989444,2020-May,-0.1507290579249272,0
27.996333333333332,-14.0237,121.8604,2020-06-01,SCOTT_SL4,NOAA,29.719761315989444,2020-Jun,-1.723427982656112,0
27.260645161290324,-14.0237,121.8604,2020-07-01,SCOTT_SL4,NOAA,29.719761315989444,2020-Jul,-2.459116154699121,0
27.026774193548388,-14.0237,121.8604,2020-08-01,SCOTT_SL4,NOAA,29.719761315989444,2020-Aug,-2.692987122441057,0
28.239333333333335,-14.0237,121.8604,2020-09-01,SCOTT_SL4,NOAA,29.719761315989444,2020-Sep,-1.48042798265611,0
29.033548387096776,-14.0237,121.8604,2020-10-01,SCOTT_SL4,NOAA,29.719761315989444,2020-Oct,-0.6862129288926688,0
30.302333333333333,-14.0237,121.8604,2020-11-01,SCOTT_SL4,NOAA,29.719761315989444,2020-Nov,0.5825720173438889,0.5825720173438889
30.23516129032258,-14.0237,121.8604,2020-12-01,SCOTT_SL4,NOAA,29.719761315989444,2020-Dec,0.5153999743331354,1.0979719916770243
30.61935483870968,-14.0237,121.8604,2021-01-01,SCOTT_SL4,NOAA,29.719761315989444,2021-Jan,0.8995935227202345,1.9975655143972588
29.939642857142857,-14.0237,121.8604,2021-02-01,SCOTT_SL4,NOAA,29.719761315989444,2021-Feb,0.21988154115341274,2.2174470555506716
30.145806451612902,-14.0237,121.8604,2021-03-01,SCOTT_SL4,NOAA,29.719761315989444,2021-Mar,0.4260451356234576,2.643492191174129
29.714,-14.0237,121.8604,2021-04-01,SCOTT_SL4,NOAA,29.719761315989444,2021-Apr,-0.005761315989445848,0
28.89709677419355,-14.0237,121.8604,2021-05-01,SCOTT_SL4,NOAA,29.719761315989444,2021-May,-0.8226645417958949,0
28.316666666666666,-14.0237,121.8604,2021-06-01,SCOTT_SL4,NOAA,29.719761315989444,2021-Jun,-1.403094649322778,0
