sst_monthly,Latitude,Longitude,monthly_date,Reef_Site,Data_Type,mmm_from_sst,date,anomaly,HAB05B_DHM
21.839354838709678,-28.4609,113.772,1985-01-01,HAB05B,NOAA,23.73871135812817,1985-Jan,-1.8993565194184931,0
24.007142857142856,-28.4609,113.772,1985-02-01,HAB05B,NOAA,23.73871135812817,1985-Feb,0.2684314990146852,0.2684314990146852
24.453548387096774,-28.4609,113.772,1985-03-01,HAB05B,NOAA,23.73871135812817,1985-Mar,0.7148370289686028,0.983268527983288
23.875,-28.4609,113.772,1985-04-01,HAB05B,NOAA,23.73871135812817,1985-Apr,0.13628864187182899,1.119557169855117
23.226129032258065,-28.4609,113.772,1985-05-01,HAB05B,NOAA,23.73871135812817,1985-May,-0.5125823258701061,0
23.028666666666666,-28.4609,113.772,1985-06-01,HAB05B,NOAA,23.73871135812817,1985-Jun,-0.7100446914615048,0
22.090967741935483,-28.4609,113.772,1985-07-01,HAB05B,NOAA,23.73871135812817,1985-Jul,-1.6477436161926882,0
20.09741935483871,-28.4609,113.772,1985-08-01,HAB05B,NOAA,23.73871135812817,1985-Aug,-3.641292003289461,0
20.320333333333334,-28.4609,113.772,1985-09-01,HAB05B,NOAA,23.73871135812817,1985-Sep,-3.418378024794837,0
19.69258064516129,-28.4609,113.772,1985-10-01,HAB05B,NOAA,23.73871135812817,1985-Oct,-4.046130712966882,0
20.028333333333332,-28.4609,113.772,1985-11-01,HAB05B,NOAA,23.73871135812817,1985-Nov,-3.7103780247948386,0
21.53290322580645,-28.4609,113.772,1985-12-01,HAB05B,NOAA,23.73871135812817,1985-Dec,-2.205808132321721,0
22.676129032258064,-28.4609,113.772,1986-01-01,HAB05B,NOAA,23.73871135812817,1986-Jan,-1.0625823258701068,0
22.13714285714286,-28.4609,113.772,1986-02-01,HAB05B,NOAA,23.73871135812817,1986-Feb,-1.6015685009853122,0
23.079354838709676,-28.4609,113.772,1986-03-01,HAB05B,NOAA,23.73871135812817,1986-Mar,-0.6593565194184947,0
22.122666666666667,-28.4609,113.772,1986-04-01,HAB05B,NOAA,23.73871135812817,1986-Apr,-1.6160446914615036,0
21.988709677419354,-28.4609,113.772,1986-05-01,HAB05B,NOAA,23.73871135812817,1986-May,-1.7500016807088166,0
21.4,-28.4609,113.772,1986-06-01,HAB05B,NOAA,23.73871135812817,1986-Jun,-2.3387113581281724,0
20.29,-28.4609,113.772,1986-07-01,HAB05B,NOAA,23.73871135812817,1986-Jul,-3.448711358128172,0
19.803548387096775,-28.4609,113.772,1986-08-01,HAB05B,NOAA,23.73871135812817,1986-Aug,-3.935162971031396,0
19.4,-28.4609,113.772,1986-09-01,HAB05B,NOAA,23.73871135812817,1986-Sep,-4.338711358128172,0
19.47193548387097,-28.4609,113.772,1986-10-01,HAB05B,NOAA,23.73871135812817,1986-Oct,-4.266775874257203,0
19.882,-28.4609,113.772,1986-11-01,HAB05B,NOAA,23.73871135812817,1986-Nov,-3.8567113581281696,0
20.66774193548387,-28.4609,113.772,1986-12-01,HAB05B,NOAA,23.73871135812817,1986-Dec,-3.0709694226443,0
21.52193548387097,-28.4609,113.772,1987-01-01,HAB05B,NOAA,23.73871135812817,1987-Jan,-2.216775874257202,0
22.478214285714287,-28.4609,113.772,1987-02-01,HAB05B,NOAA,23.73871135812817,1987-Feb,-1.2604970724138838,0
23.00258064516129,-28.4609,113.772,1987-03-01,HAB05B,NOAA,23.73871135812817,1987-Mar,-0.7361307129668795,0
22.738,-28.4609,113.772,1987-04-01,HAB05B,NOAA,23.73871135812817,1987-Apr,-1.0007113581281715,0
22.302258064516128,-28.4609,113.772,1987-05-01,HAB05B,NOAA,23.73871135812817,1987-May,-1.4364532936120433,0
22.524,-28.4609,113.772,1987-06-01,HAB05B,NOAA,23.73871135812817,1987-Jun,-1.21471135812817,0
22.019354838709678,-28.4609,113.772,1987-07-01,HAB05B,NOAA,23.73871135812817,1987-Jul,-1.7193565194184934,0
20.63290322580645,-28.4609,113.772,1987-08-01,HAB05B,NOAA,23.73871135812817,1987-Aug,-3.1058081323217195,0
20.41,-28.4609,113.772,1987-09-01,HAB05B,NOAA,23.73871135812817,1987-Sep,-3.328711358128171,0
20.445483870967742,-28.4609,113.772,1987-10-01,HAB05B,NOAA,23.73871135812817,1987-Oct,-3.2932274871604292,0
20.563333333333333,-28.4609,113.772,1987-11-01,HAB05B,NOAA,23.73871135812817,1987-Nov,-3.1753780247948384,0
20.609354838709677,-28.4609,113.772,1987-12-01,HAB05B,NOAA,23.73871135812817,1987-Dec,-3.1293565194184936,0
21.732580645161292,-28.4609,113.772,1988-01-01,HAB05B,NOAA,23.73871135812817,1988-Jan,-2.006130712966879,0
24.00103448275862,-28.4609,113.772,1988-02-01,HAB05B,NOAA,23.73871135812817,1988-Feb,0.2623231246304485,0.2623231246304485
23.955161290322582,-28.4609,113.772,1988-03-01,HAB05B,NOAA,23.73871135812817,1988-Mar,0.21644993219441133,0.4787730568248598
24.196666666666665,-28.4609,113.772,1988-04-01,HAB05B,NOAA,23.73871135812817,1988-Apr,0.4579553085384944,0.9367283653633542
23.01967741935484,-28.4609,113.772,1988-05-01,HAB05B,NOAA,23.73871135812817,1988-May,-0.7190339387733324,0
23.230666666666668,-28.4609,113.772,1988-06-01,HAB05B,NOAA,23.73871135812817,1988-Jun,-0.5080446914615031,0
21.916129032258066,-28.4609,113.772,1988-07-01,HAB05B,NOAA,23.73871135812817,1988-Jul,-1.8225823258701048,0
20.678387096774195,-28.4609,113.772,1988-08-01,HAB05B,NOAA,23.73871135812817,1988-Aug,-3.0603242613539763,0
20.603666666666665,-28.4609,113.772,1988-09-01,HAB05B,NOAA,23.73871135812817,1988-Sep,-3.1350446914615056,0
20.98709677419355,-28.4609,113.772,1988-10-01,HAB05B,NOAA,23.73871135812817,1988-Oct,-2.7516145839346215,0
21.226666666666667,-28.4609,113.772,1988-11-01,HAB05B,NOAA,23.73871135812817,1988-Nov,-2.5120446914615044,0
21.82032258064516,-28.4609,113.772,1988-12-01,HAB05B,NOAA,23.73871135812817,1988-Dec,-1.9183887774830097,0
23.488387096774193,-28.4609,113.772,1989-01-01,HAB05B,NOAA,23.73871135812817,1989-Jan,-0.25032426135397756,0
23.912142857142857,-28.4609,113.772,1989-02-01,HAB05B,NOAA,23.73871135812817,1989-Feb,0.17343149901468635,0.17343149901468635
24.94967741935484,-28.4609,113.772,1989-03-01,HAB05B,NOAA,23.73871135812817,1989-Mar,1.2109660612266673,1.3843975602413536
24.516333333333332,-28.4609,113.772,1989-04-01,HAB05B,NOAA,23.73871135812817,1989-Apr,0.777621975205161,2.1620195354465146
24.226774193548387,-28.4609,113.772,1989-05-01,HAB05B,NOAA,23.73871135812817,1989-May,0.4880628354202159,2.6500823708667305
22.386666666666667,-28.4609,113.772,1989-06-01,HAB05B,NOAA,23.73871135812817,1989-Jun,-1.3520446914615043,0
21.84774193548387,-28.4609,113.772,1989-07-01,HAB05B,NOAA,23.73871135812817,1989-Jul,-1.8909694226443001,0
20.006451612903227,-28.4609,113.772,1989-08-01,HAB05B,NOAA,23.73871135812817,1989-Aug,-3.732259745224944,0
20.523333333333333,-28.4609,113.772,1989-09-01,HAB05B,NOAA,23.73871135812817,1989-Sep,-3.2153780247948376,0
20.04935483870968,-28.4609,113.772,1989-10-01,HAB05B,NOAA,23.73871135812817,1989-Oct,-3.6893565194184923,0
21.047333333333334,-28.4609,113.772,1989-11-01,HAB05B,NOAA,23.73871135812817,1989-Nov,-2.6913780247948367,0
21.579677419354837,-28.4609,113.772,1989-12-01,HAB05B,NOAA,23.73871135812817,1989-Dec,-2.1590339387733337,0
21.68258064516129,-28.4609,113.772,1990-01-01,HAB05B,NOAA,23.73871135812817,1990-Jan,-2.0561307129668798,0
23.43357142857143,-28.4609,113.772,1990-02-01,HAB05B,NOAA,23.73871135812817,1990-Feb,-0.3051399295567414,0
24.570967741935483,-28.4609,113.772,1990-03-01,HAB05B,NOAA,23.73871135812817,1990-Mar,0.8322563838073123,0.8322563838073123
22.697333333333333,-28.4609,113.772,1990-04-01,HAB05B,NOAA,23.73871135812817,1990-Apr,-1.041378024794838,0
22.620645161290323,-28.4609,113.772,1990-05-01,HAB05B,NOAA,23.73871135812817,1990-May,-1.118066196837848,0
21.741,-28.4609,113.772,1990-06-01,HAB05B,NOAA,23.73871135812817,1990-Jun,-1.9977113581281714,0
20.399032258064516,-28.4609,113.772,1990-07-01,HAB05B,NOAA,23.73871135812817,1990-Jul,-3.3396791000636554,0
19.50483870967742,-28.4609,113.772,1990-08-01,HAB05B,NOAA,23.73871135812817,1990-Aug,-4.2338726484507525,0
19.674333333333333,-28.4609,113.772,1990-09-01,HAB05B,NOAA,23.73871135812817,1990-Sep,-4.064378024794838,0
19.305806451612902,-28.4609,113.772,1990-10-01,HAB05B,NOAA,23.73871135812817,1990-Oct,-4.432904906515269,0
20.228666666666665,-28.4609,113.772,1990-11-01,HAB05B,NOAA,23.73871135812817,1990-Nov,-3.5100446914615056,0
20.948064516129033,-28.4609,113.772,1990-12-01,HAB05B,NOAA,23.73871135812817,1990-Dec,-2.7906468419991377,0
21.803225806451614,-28.4609,113.772,1991-01-01,HAB05B,NOAA,23.73871135812817,1991-Jan,-1.9354855516765568,0
21.54607142857143,-28.4609,113.772,1991-02-01,HAB05B,NOAA,23.73871135812817,1991-Feb,-2.1926399295567407,0
22.96516129032258,-28.4609,113.772,1991-03-01,HAB05B,NOAA,23.73871135812817,1991-Mar,-0.7735500678055907,0
23.491666666666667,-28.4609,113.772,1991-04-01,HAB05B,NOAA,23.73871135812817,1991-Apr,-0.24704469146150387,0
23.348064516129032,-28.4609,113.772,1991-05-01,HAB05B,NOAA,23.73871135812817,1991-May,-0.3906468419991391,0
22.36466666666667,-28.4609,113.772,1991-06-01,HAB05B,NOAA,23.73871135812817,1991-Jun,-1.3740446914615028,0
21.230967741935483,-28.4609,113.772,1991-07-01,HAB05B,NOAA,23.73871135812817,1991-Jul,-2.5077436161926876,0
20.08451612903226,-28.4609,113.772,1991-08-01,HAB05B,NOAA,23.73871135812817,1991-Aug,-3.6541952290959117,0
20.066666666666666,-28.4609,113.772,1991-09-01,HAB05B,NOAA,23.73871135812817,1991-Sep,-3.6720446914615046,0
19.294193548387096,-28.4609,113.772,1991-10-01,HAB05B,NOAA,23.73871135812817,1991-Oct,-4.444517809741075,0
20.319333333333333,-28.4609,113.772,1991-11-01,HAB05B,NOAA,23.73871135812817,1991-Nov,-3.419378024794838,0
20.065161290322582,-28.4609,113.772,1991-12-01,HAB05B,NOAA,23.73871135812817,1991-Dec,-3.6735500678055892,0
21.919354838709676,-28.4609,113.772,1992-01-01,HAB05B,NOAA,23.73871135812817,1992-Jan,-1.8193565194184949,0
22.791724137931034,-28.4609,113.772,1992-02-01,HAB05B,NOAA,23.73871135812817,1992-Feb,-0.946987220197137,0
22.90741935483871,-28.4609,113.772,1992-03-01,HAB05B,NOAA,23.73871135812817,1992-Mar,-0.8312920032894624,0
23.095666666666666,-28.4609,113.772,1992-04-01,HAB05B,NOAA,23.73871135812817,1992-Apr,-0.6430446914615047,0
22.354193548387098,-28.4609,113.772,1992-05-01,HAB05B,NOAA,23.73871135812817,1992-May,-1.384517809741073,0
21.533666666666665,-28.4609,113.772,1992-06-01,HAB05B,NOAA,23.73871135812817,1992-Jun,-2.205044691461506,0
21.15290322580645,-28.4609,113.772,1992-07-01,HAB05B,NOAA,23.73871135812817,1992-Jul,-2.58580813232172,0
20.615806451612904,-28.4609,113.772,1992-08-01,HAB05B,NOAA,23.73871135812817,1992-Aug,-3.1229049065152665,0
19.480666666666668,-28.4609,113.772,1992-09-01,HAB05B,NOAA,23.73871135812817,1992-Sep,-4.258044691461503,0
19.24451612903226,-28.4609,113.772,1992-10-01,HAB05B,NOAA,23.73871135812817,1992-Oct,-4.4941952290959115,0
20.117,-28.4609,113.772,1992-11-01,HAB05B,NOAA,23.73871135812817,1992-Nov,-3.62171135812817,0
21.431290322580644,-28.4609,113.772,1992-12-01,HAB05B,NOAA,23.73871135812817,1992-Dec,-2.3074210355475273,0
21.953870967741935,-28.4609,113.772,1993-01-01,HAB05B,NOAA,23.73871135812817,1993-Jan,-1.7848403903862362,0
21.855,-28.4609,113.772,1993-02-01,HAB05B,NOAA,23.73871135812817,1993-Feb,-1.8837113581281706,0
22.15967741935484,-28.4609,113.772,1993-03-01,HAB05B,NOAA,23.73871135812817,1993-Mar,-1.5790339387733319,0
21.818,-28.4609,113.772,1993-04-01,HAB05B,NOAA,23.73871135812817,1993-Apr,-1.9207113581281696,0
21.48677419354839,-28.4609,113.772,1993-05-01,HAB05B,NOAA,23.73871135812817,1993-May,-2.2519371645797825,0
21.059333333333335,-28.4609,113.772,1993-06-01,HAB05B,NOAA,23.73871135812817,1993-Jun,-2.6793780247948362,0
20.695483870967742,-28.4609,113.772,1993-07-01,HAB05B,NOAA,23.73871135812817,1993-Jul,-3.0432274871604292,0
19.964193548387097,-28.4609,113.772,1993-08-01,HAB05B,NOAA,23.73871135812817,1993-Aug,-3.7745178097410736,0
20.169333333333334,-28.4609,113.772,1993-09-01,HAB05B,NOAA,23.73871135812817,1993-Sep,-3.569378024794837,0
19.656129032258065,-28.4609,113.772,1993-10-01,HAB05B,NOAA,23.73871135812817,1993-Oct,-4.082582325870106,0
20.169666666666668,-28.4609,113.772,1993-11-01,HAB05B,NOAA,23.73871135812817,1993-Nov,-3.569044691461503,0
21.13032258064516,-28.4609,113.772,1993-12-01,HAB05B,NOAA,23.73871135812817,1993-Dec,-2.608388777483011,0
21.219032258064516,-28.4609,113.772,1994-01-01,HAB05B,NOAA,23.73871135812817,1994-Jan,-2.519679100063655,0
22.243928571428572,-28.4609,113.772,1994-02-01,HAB05B,NOAA,23.73871135812817,1994-Feb,-1.4947827866995986,0
23.25483870967742,-28.4609,113.772,1994-03-01,HAB05B,NOAA,23.73871135812817,1994-Mar,-0.4838726484507525,0
23.25733333333333,-28.4609,113.772,1994-04-01,HAB05B,NOAA,23.73871135812817,1994-Apr,-0.4813780247948394,0
23.76322580645161,-28.4609,113.772,1994-05-01,HAB05B,NOAA,23.73871135812817,1994-May,0.02451444832344052,0.02451444832344052
22.444,-28.4609,113.772,1994-06-01,HAB05B,NOAA,23.73871135812817,1994-Jun,-1.294711358128172,0
21.787096774193547,-28.4609,113.772,1994-07-01,HAB05B,NOAA,23.73871135812817,1994-Jul,-1.9516145839346244,0
20.978387096774195,-28.4609,113.772,1994-08-01,HAB05B,NOAA,23.73871135812817,1994-Aug,-2.7603242613539756,0
20.030333333333335,-28.4609,113.772,1994-09-01,HAB05B,NOAA,23.73871135812817,1994-Sep,-3.708378024794836,0
19.945483870967742,-28.4609,113.772,1994-10-01,HAB05B,NOAA,23.73871135812817,1994-Oct,-3.7932274871604292,0
20.679666666666666,-28.4609,113.772,1994-11-01,HAB05B,NOAA,23.73871135812817,1994-Nov,-3.059044691461505,0
21.850645161290323,-28.4609,113.772,1994-12-01,HAB05B,NOAA,23.73871135812817,1994-Dec,-1.8880661968378476,0
22.633548387096774,-28.4609,113.772,1995-01-01,HAB05B,NOAA,23.73871135812817,1995-Jan,-1.1051629710313975,0
23.124642857142856,-28.4609,113.772,1995-02-01,HAB05B,NOAA,23.73871135812817,1995-Feb,-0.6140685009853151,0
24.218064516129033,-28.4609,113.772,1995-03-01,HAB05B,NOAA,23.73871135812817,1995-Mar,0.47935315800086187,0.47935315800086187
24.441333333333333,-28.4609,113.772,1995-04-01,HAB05B,NOAA,23.73871135812817,1995-Apr,0.7026219752051617,1.1819751332060235
23.06258064516129,-28.4609,113.772,1995-05-01,HAB05B,NOAA,23.73871135812817,1995-May,-0.6761307129668808,0
21.973333333333333,-28.4609,113.772,1995-06-01,HAB05B,NOAA,23.73871135812817,1995-Jun,-1.7653780247948383,0
21.03451612903226,-28.4609,113.772,1995-07-01,HAB05B,NOAA,23.73871135812817,1995-Jul,-2.7041952290959124,0
20.29,-28.4609,113.772,1995-08-01,HAB05B,NOAA,23.73871135812817,1995-Aug,-3.448711358128172,0
19.813333333333333,-28.4609,113.772,1995-09-01,HAB05B,NOAA,23.73871135812817,1995-Sep,-3.9253780247948384,0
19.843548387096774,-28.4609,113.772,1995-10-01,HAB05B,NOAA,23.73871135812817,1995-Oct,-3.8951629710313966,0
20.936333333333334,-28.4609,113.772,1995-11-01,HAB05B,NOAA,23.73871135812817,1995-Nov,-2.8023780247948373,0
21.753225806451614,-28.4609,113.772,1995-12-01,HAB05B,NOAA,23.73871135812817,1995-Dec,-1.9854855516765575,0
22.731290322580644,-28.4609,113.772,1996-01-01,HAB05B,NOAA,23.73871135812817,1996-Jan,-1.0074210355475266,0
23.88206896551724,-28.4609,113.772,1996-02-01,HAB05B,NOAA,23.73871135812817,1996-Feb,0.14335760738907055,0.14335760738907055
23.76290322580645,-28.4609,113.772,1996-03-01,HAB05B,NOAA,23.73871135812817,1996-Mar,0.02419186767827952,0.16754947506735007
23.080000000000002,-28.4609,113.772,1996-04-01,HAB05B,NOAA,23.73871135812817,1996-Apr,-0.6587113581281692,0
22.52774193548387,-28.4609,113.772,1996-05-01,HAB05B,NOAA,23.73871135812817,1996-May,-1.2109694226443004,0
22.974333333333334,-28.4609,113.772,1996-06-01,HAB05B,NOAA,23.73871135812817,1996-Jun,-0.7643780247948371,0
22.11774193548387,-28.4609,113.772,1996-07-01,HAB05B,NOAA,23.73871135812817,1996-Jul,-1.6209694226443006,0
20.93741935483871,-28.4609,113.772,1996-08-01,HAB05B,NOAA,23.73871135812817,1996-Aug,-2.8012920032894613,0
20.759,-28.4609,113.772,1996-09-01,HAB05B,NOAA,23.73871135812817,1996-Sep,-2.9797113581281707,0
20.31258064516129,-28.4609,113.772,1996-10-01,HAB05B,NOAA,23.73871135812817,1996-Oct,-3.4261307129668808,0
21.36,-28.4609,113.772,1996-11-01,HAB05B,NOAA,23.73871135812817,1996-Nov,-2.3787113581281716,0
21.92451612903226,-28.4609,113.772,1996-12-01,HAB05B,NOAA,23.73871135812817,1996-Dec,-1.8141952290959118,0
23.024193548387096,-28.4609,113.772,1997-01-01,HAB05B,NOAA,23.73871135812817,1997-Jan,-0.7145178097410749,0
23.6125,-28.4609,113.772,1997-02-01,HAB05B,NOAA,23.73871135812817,1997-Feb,-0.1262113581281703,0
23.36967741935484,-28.4609,113.772,1997-03-01,HAB05B,NOAA,23.73871135812817,1997-Mar,-0.369033938773331,0
23.371333333333332,-28.4609,113.772,1997-04-01,HAB05B,NOAA,23.73871135812817,1997-Apr,-0.3673780247948386,0
22.68193548387097,-28.4609,113.772,1997-05-01,HAB05B,NOAA,23.73871135812817,1997-May,-1.0567758742572018,0
22.484333333333332,-28.4609,113.772,1997-06-01,HAB05B,NOAA,23.73871135812817,1997-Jun,-1.254378024794839,0
21.3,-28.4609,113.772,1997-07-01,HAB05B,NOAA,23.73871135812817,1997-Jul,-2.4387113581281703,0
19.96548387096774,-28.4609,113.772,1997-08-01,HAB05B,NOAA,23.73871135812817,1997-Aug,-3.7732274871604297,0
19.886,-28.4609,113.772,1997-09-01,HAB05B,NOAA,23.73871135812817,1997-Sep,-3.852711358128172,0
20.09709677419355,-28.4609,113.772,1997-10-01,HAB05B,NOAA,23.73871135812817,1997-Oct,-3.641614583934622,0
20.516666666666666,-28.4609,113.772,1997-11-01,HAB05B,NOAA,23.73871135812817,1997-Nov,-3.2220446914615053,0
21.518064516129034,-28.4609,113.772,1997-12-01,HAB05B,NOAA,23.73871135812817,1997-Dec,-2.2206468419991374,0
21.977096774193548,-28.4609,113.772,1998-01-01,HAB05B,NOAA,23.73871135812817,1998-Jan,-1.7616145839346231,0
21.93392857142857,-28.4609,113.772,1998-02-01,HAB05B,NOAA,23.73871135812817,1998-Feb,-1.804782786699601,0
22.995483870967742,-28.4609,113.772,1998-03-01,HAB05B,NOAA,23.73871135812817,1998-Mar,-0.7432274871604285,0
23.648666666666667,-28.4609,113.772,1998-04-01,HAB05B,NOAA,23.73871135812817,1998-Apr,-0.09004469146150385,0
24.033870967741937,-28.4609,113.772,1998-05-01,HAB05B,NOAA,23.73871135812817,1998-May,0.29515960961376564,0.29515960961376564
23.316,-28.4609,113.772,1998-06-01,HAB05B,NOAA,23.73871135812817,1998-Jun,-0.42271135812817207,0
21.908387096774195,-28.4609,113.772,1998-07-01,HAB05B,NOAA,23.73871135812817,1998-Jul,-1.8303242613539759,0
21.173548387096773,-28.4609,113.772,1998-08-01,HAB05B,NOAA,23.73871135812817,1998-Aug,-2.5651629710313983,0
20.577666666666666,-28.4609,113.772,1998-09-01,HAB05B,NOAA,23.73871135812817,1998-Sep,-3.1610446914615054,0
20.52774193548387,-28.4609,113.772,1998-10-01,HAB05B,NOAA,23.73871135812817,1998-Oct,-3.2109694226443004,0
20.991666666666667,-28.4609,113.772,1998-11-01,HAB05B,NOAA,23.73871135812817,1998-Nov,-2.747044691461504,0
22.024193548387096,-28.4609,113.772,1998-12-01,HAB05B,NOAA,23.73871135812817,1998-Dec,-1.714517809741075,0
22.281935483870967,-28.4609,113.772,1999-01-01,HAB05B,NOAA,23.73871135812817,1999-Jan,-1.456775874257204,0
23.138571428571428,-28.4609,113.772,1999-02-01,HAB05B,NOAA,23.73871135812817,1999-Feb,-0.6001399295567431,0
23.858709677419355,-28.4609,113.772,1999-03-01,HAB05B,NOAA,23.73871135812817,1999-Mar,0.11999831929118443,0.11999831929118443
25.350333333333335,-28.4609,113.772,1999-04-01,HAB05B,NOAA,23.73871135812817,1999-Apr,1.6116219752051641,1.7316202944963486
24.676774193548386,-28.4609,113.772,1999-05-01,HAB05B,NOAA,23.73871135812817,1999-May,0.9380628354202152,2.6696831299165638
23.405666666666665,-28.4609,113.772,1999-06-01,HAB05B,NOAA,23.73871135812817,1999-Jun,-0.33304469146150595,0
22.081935483870968,-28.4609,113.772,1999-07-01,HAB05B,NOAA,23.73871135812817,1999-Jul,-1.6567758742572032,0
20.288387096774194,-28.4609,113.772,1999-08-01,HAB05B,NOAA,23.73871135812817,1999-Aug,-3.450324261353977,0
20.245666666666665,-28.4609,113.772,1999-09-01,HAB05B,NOAA,23.73871135812817,1999-Sep,-3.493044691461506,0
20.394193548387097,-28.4609,113.772,1999-10-01,HAB05B,NOAA,23.73871135812817,1999-Oct,-3.344517809741074,0
21.025333333333332,-28.4609,113.772,1999-11-01,HAB05B,NOAA,23.73871135812817,1999-Nov,-2.7133780247948387,0
22.850645161290323,-28.4609,113.772,1999-12-01,HAB05B,NOAA,23.73871135812817,1999-Dec,-0.8880661968378476,0
24.781935483870967,-28.4609,113.772,2000-01-01,HAB05B,NOAA,23.73871135812817,2000-Jan,1.043224125742796,1.043224125742796
24.544137931034484,-28.4609,113.772,2000-02-01,HAB05B,NOAA,23.73871135812817,2000-Feb,0.8054265729063133,1.8486506986491094
24.10258064516129,-28.4609,113.772,2000-03-01,HAB05B,NOAA,23.73871135812817,2000-Mar,0.3638692870331184,2.2125199856822277
24.255,-28.4609,113.772,2000-04-01,HAB05B,NOAA,23.73871135812817,2000-Apr,0.516288641871828,2.7288086275540557
23.608064516129033,-28.4609,113.772,2000-05-01,HAB05B,NOAA,23.73871135812817,2000-May,-0.13064684199913756,0
22.687333333333335,-28.4609,113.772,2000-06-01,HAB05B,NOAA,23.73871135812817,2000-Jun,-1.051378024794836,0
21.260322580645163,-28.4609,113.772,2000-07-01,HAB05B,NOAA,23.73871135812817,2000-Jul,-2.4783887774830085,0
20.506129032258066,-28.4609,113.772,2000-08-01,HAB05B,NOAA,23.73871135812817,2000-Aug,-3.232582325870105,0
20.12366666666667,-28.4609,113.772,2000-09-01,HAB05B,NOAA,23.73871135812817,2000-Sep,-3.6150446914615024,0
20.143548387096775,-28.4609,113.772,2000-10-01,HAB05B,NOAA,23.73871135812817,2000-Oct,-3.595162971031396,0
21.030666666666665,-28.4609,113.772,2000-11-01,HAB05B,NOAA,23.73871135812817,2000-Nov,-2.708044691461506,0
21.373225806451615,-28.4609,113.772,2000-12-01,HAB05B,NOAA,23.73871135812817,2000-Dec,-2.3654855516765565,0
22.014193548387098,-28.4609,113.772,2001-01-01,HAB05B,NOAA,23.73871135812817,2001-Jan,-1.724517809741073,0
22.52357142857143,-28.4609,113.772,2001-02-01,HAB05B,NOAA,23.73871135812817,2001-Feb,-1.2151399295567415,0
23.241612903225807,-28.4609,113.772,2001-03-01,HAB05B,NOAA,23.73871135812817,2001-Mar,-0.49709845490236404,0
23.273333333333333,-28.4609,113.772,2001-04-01,HAB05B,NOAA,23.73871135812817,2001-Apr,-0.4653780247948376,0
22.99451612903226,-28.4609,113.772,2001-05-01,HAB05B,NOAA,23.73871135812817,2001-May,-0.7441952290959115,0
22.547,-28.4609,113.772,2001-06-01,HAB05B,NOAA,23.73871135812817,2001-Jun,-1.1917113581281704,0
21.440967741935484,-28.4609,113.772,2001-07-01,HAB05B,NOAA,23.73871135812817,2001-Jul,-2.2977436161926867,0
20.218709677419355,-28.4609,113.772,2001-08-01,HAB05B,NOAA,23.73871135812817,2001-Aug,-3.520001680708816,0
20.099333333333334,-28.4609,113.772,2001-09-01,HAB05B,NOAA,23.73871135812817,2001-Sep,-3.639378024794837,0
19.151612903225807,-28.4609,113.772,2001-10-01,HAB05B,NOAA,23.73871135812817,2001-Oct,-4.587098454902364,0
20.111333333333334,-28.4609,113.772,2001-11-01,HAB05B,NOAA,23.73871135812817,2001-Nov,-3.6273780247948366,0
21.206129032258065,-28.4609,113.772,2001-12-01,HAB05B,NOAA,23.73871135812817,2001-Dec,-2.5325823258701057,0
21.732903225806453,-28.4609,113.772,2002-01-01,HAB05B,NOAA,23.73871135812817,2002-Jan,-2.005808132321718,0
22.975,-28.4609,113.772,2002-02-01,HAB05B,NOAA,23.73871135812817,2002-Feb,-0.7637113581281696,0
22.92516129032258,-28.4609,113.772,2002-03-01,HAB05B,NOAA,23.73871135812817,2002-Mar,-0.8135500678055898,0
23.176666666666666,-28.4609,113.772,2002-04-01,HAB05B,NOAA,23.73871135812817,2002-Apr,-0.5620446914615052,0
23.036129032258064,-28.4609,113.772,2002-05-01,HAB05B,NOAA,23.73871135812817,2002-May,-0.7025823258701074,0
22.842666666666666,-28.4609,113.772,2002-06-01,HAB05B,NOAA,23.73871135812817,2002-Jun,-0.8960446914615048,0
21.650645161290324,-28.4609,113.772,2002-07-01,HAB05B,NOAA,23.73871135812817,2002-Jul,-2.088066196837847,0
20.513548387096776,-28.4609,113.772,2002-08-01,HAB05B,NOAA,23.73871135812817,2002-Aug,-3.225162971031395,0
19.771666666666665,-28.4609,113.772,2002-09-01,HAB05B,NOAA,23.73871135812817,2002-Sep,-3.9670446914615063,0
19.475483870967743,-28.4609,113.772,2002-10-01,HAB05B,NOAA,23.73871135812817,2002-Oct,-4.263227487160428,0
20.123333333333335,-28.4609,113.772,2002-11-01,HAB05B,NOAA,23.73871135812817,2002-Nov,-3.615378024794836,0
21.089032258064517,-28.4609,113.772,2002-12-01,HAB05B,NOAA,23.73871135812817,2002-Dec,-2.649679100063654,0
22.28451612903226,-28.4609,113.772,2003-01-01,HAB05B,NOAA,23.73871135812817,2003-Jan,-1.4541952290959124,0
22.8975,-28.4609,113.772,2003-02-01,HAB05B,NOAA,23.73871135812817,2003-Feb,-0.8412113581281702,0
23.591290322580644,-28.4609,113.772,2003-03-01,HAB05B,NOAA,23.73871135812817,2003-Mar,-0.14742103554752717,0
23.254666666666665,-28.4609,113.772,2003-04-01,HAB05B,NOAA,23.73871135812817,2003-Apr,-0.48404469146150575,0
23.05548387096774,-28.4609,113.772,2003-05-01,HAB05B,NOAA,23.73871135812817,2003-May,-0.6832274871604298,0
21.791999999999998,-28.4609,113.772,2003-06-01,HAB05B,NOAA,23.73871135812817,2003-Jun,-1.946711358128173,0
20.981612903225805,-28.4609,113.772,2003-07-01,HAB05B,NOAA,23.73871135812817,2003-Jul,-2.7570984549023656,0
20.250645161290322,-28.4609,113.772,2003-08-01,HAB05B,NOAA,23.73871135812817,2003-Aug,-3.488066196837849,0
19.539,-28.4609,113.772,2003-09-01,HAB05B,NOAA,23.73871135812817,2003-Sep,-4.1997113581281695,0
19.493870967741934,-28.4609,113.772,2003-10-01,HAB05B,NOAA,23.73871135812817,2003-Oct,-4.244840390386237,0
19.83866666666667,-28.4609,113.772,2003-11-01,HAB05B,NOAA,23.73871135812817,2003-Nov,-3.9000446914615026,0
20.69741935483871,-28.4609,113.772,2003-12-01,HAB05B,NOAA,23.73871135812817,2003-Dec,-3.0412920032894597,0
21.983225806451614,-28.4609,113.772,2004-01-01,HAB05B,NOAA,23.73871135812817,2004-Jan,-1.755485551676557,0
23.013793103448275,-28.4609,113.772,2004-02-01,HAB05B,NOAA,23.73871135812817,2004-Feb,-0.7249182546798956,0
22.198064516129033,-28.4609,113.772,2004-03-01,HAB05B,NOAA,23.73871135812817,2004-Mar,-1.5406468419991377,0
22.425666666666668,-28.4609,113.772,2004-04-01,HAB05B,NOAA,23.73871135812817,2004-Apr,-1.3130446914615028,0
22.87451612903226,-28.4609,113.772,2004-05-01,HAB05B,NOAA,23.73871135812817,2004-May,-0.8641952290959125,0
22.273333333333333,-28.4609,113.772,2004-06-01,HAB05B,NOAA,23.73871135812817,2004-Jun,-1.4653780247948376,0
21.300645161290323,-28.4609,113.772,2004-07-01,HAB05B,NOAA,23.73871135812817,2004-Jul,-2.4380661968378483,0
19.813870967741934,-28.4609,113.772,2004-08-01,HAB05B,NOAA,23.73871135812817,2004-Aug,-3.9248403903862368,0
18.92866666666667,-28.4609,113.772,2004-09-01,HAB05B,NOAA,23.73871135812817,2004-Sep,-4.810044691461503,0
19.799032258064514,-28.4609,113.772,2004-10-01,HAB05B,NOAA,23.73871135812817,2004-Oct,-3.939679100063657,0
20.643333333333334,-28.4609,113.772,2004-11-01,HAB05B,NOAA,23.73871135812817,2004-Nov,-3.0953780247948366,0
21.88741935483871,-28.4609,113.772,2004-12-01,HAB05B,NOAA,23.73871135812817,2004-Dec,-1.851292003289462,0
21.636774193548387,-28.4609,113.772,2005-01-01,HAB05B,NOAA,23.73871135812817,2005-Jan,-2.101937164579784,0
21.855,-28.4609,113.772,2005-02-01,HAB05B,NOAA,23.73871135812817,2005-Feb,-1.8837113581281706,0
23.393548387096775,-28.4609,113.772,2005-03-01,HAB05B,NOAA,23.73871135812817,2005-Mar,-0.3451629710313959,0
22.732333333333333,-28.4609,113.772,2005-04-01,HAB05B,NOAA,23.73871135812817,2005-Apr,-1.006378024794838,0
23.298387096774192,-28.4609,113.772,2005-05-01,HAB05B,NOAA,23.73871135812817,2005-May,-0.44032426135397884,0
22.80666666666667,-28.4609,113.772,2005-06-01,HAB05B,NOAA,23.73871135812817,2005-Jun,-0.9320446914615026,0
21.488387096774193,-28.4609,113.772,2005-07-01,HAB05B,NOAA,23.73871135812817,2005-Jul,-2.2503242613539776,0
20.14709677419355,-28.4609,113.772,2005-08-01,HAB05B,NOAA,23.73871135812817,2005-Aug,-3.5916145839346214,0
19.686333333333334,-28.4609,113.772,2005-09-01,HAB05B,NOAA,23.73871135812817,2005-Sep,-4.052378024794837,0
19.283870967741937,-28.4609,113.772,2005-10-01,HAB05B,NOAA,23.73871135812817,2005-Oct,-4.454840390386234,0
19.844666666666665,-28.4609,113.772,2005-11-01,HAB05B,NOAA,23.73871135812817,2005-Nov,-3.894044691461506,0
20.59516129032258,-28.4609,113.772,2005-12-01,HAB05B,NOAA,23.73871135812817,2005-Dec,-3.1435500678055917,0
21.309354838709677,-28.4609,113.772,2006-01-01,HAB05B,NOAA,23.73871135812817,2006-Jan,-2.4293565194184943,0
22.254285714285714,-28.4609,113.772,2006-02-01,HAB05B,NOAA,23.73871135812817,2006-Feb,-1.4844256438424566,0
23.853870967741937,-28.4609,113.772,2006-03-01,HAB05B,NOAA,23.73871135812817,2006-Mar,0.11515960961376592,0.11515960961376592
22.618666666666666,-28.4609,113.772,2006-04-01,HAB05B,NOAA,23.73871135812817,2006-Apr,-1.120044691461505,0
22.653870967741934,-28.4609,113.772,2006-05-01,HAB05B,NOAA,23.73871135812817,2006-May,-1.084840390386237,0
22.821666666666665,-28.4609,113.772,2006-06-01,HAB05B,NOAA,23.73871135812817,2006-Jun,-0.9170446914615056,0
21.476774193548387,-28.4609,113.772,2006-07-01,HAB05B,NOAA,23.73871135812817,2006-Jul,-2.261937164579784,0
20.864193548387096,-28.4609,113.772,2006-08-01,HAB05B,NOAA,23.73871135812817,2006-Aug,-2.874517809741075,0
20.186333333333334,-28.4609,113.772,2006-09-01,HAB05B,NOAA,23.73871135812817,2006-Sep,-3.5523780247948373,0
20.156451612903226,-28.4609,113.772,2006-10-01,HAB05B,NOAA,23.73871135812817,2006-Oct,-3.5822597452249454,0
21.315666666666665,-28.4609,113.772,2006-11-01,HAB05B,NOAA,23.73871135812817,2006-Nov,-2.423044691461506,0
22.03322580645161,-28.4609,113.772,2006-12-01,HAB05B,NOAA,23.73871135812817,2006-Dec,-1.70548555167656,0
22.573225806451614,-28.4609,113.772,2007-01-01,HAB05B,NOAA,23.73871135812817,2007-Jan,-1.1654855516765572,0
23.076785714285716,-28.4609,113.772,2007-02-01,HAB05B,NOAA,23.73871135812817,2007-Feb,-0.661925643842455,0
23.086774193548386,-28.4609,113.772,2007-03-01,HAB05B,NOAA,23.73871135812817,2007-Mar,-0.6519371645797847,0
22.530333333333335,-28.4609,113.772,2007-04-01,HAB05B,NOAA,23.73871135812817,2007-Apr,-1.2083780247948361,0
22.427419354838708,-28.4609,113.772,2007-05-01,HAB05B,NOAA,23.73871135812817,2007-May,-1.3112920032894628,0
22.189333333333334,-28.4609,113.772,2007-06-01,HAB05B,NOAA,23.73871135812817,2007-Jun,-1.5493780247948372,0
21.686129032258066,-28.4609,113.772,2007-07-01,HAB05B,NOAA,23.73871135812817,2007-Jul,-2.0525823258701053,0
20.981935483870966,-28.4609,113.772,2007-08-01,HAB05B,NOAA,23.73871135812817,2007-Aug,-2.7567758742572046,0
20.610666666666667,-28.4609,113.772,2007-09-01,HAB05B,NOAA,23.73871135812817,2007-Sep,-3.128044691461504,0
20.329032258064515,-28.4609,113.772,2007-10-01,HAB05B,NOAA,23.73871135812817,2007-Oct,-3.4096791000636557,0
20.651333333333334,-28.4609,113.772,2007-11-01,HAB05B,NOAA,23.73871135812817,2007-Nov,-3.0873780247948375,0
21.476129032258065,-28.4609,113.772,2007-12-01,HAB05B,NOAA,23.73871135812817,2007-Dec,-2.262582325870106,0
22.816774193548387,-28.4609,113.772,2008-01-01,HAB05B,NOAA,23.73871135812817,2008-Jan,-0.9219371645797843,0
24.403793103448276,-28.4609,113.772,2008-02-01,HAB05B,NOAA,23.73871135812817,2008-Feb,0.665081745320105,0.665081745320105
24.025483870967744,-28.4609,113.772,2008-03-01,HAB05B,NOAA,23.73871135812817,2008-Mar,0.2867725128395726,0.9518542581596776
24.667333333333332,-28.4609,113.772,2008-04-01,HAB05B,NOAA,23.73871135812817,2008-Apr,0.9286219752051608,1.8804762333648384
24.274193548387096,-28.4609,113.772,2008-05-01,HAB05B,NOAA,23.73871135812817,2008-May,0.5354821902589251,2.4159584236237635
23.159333333333333,-28.4609,113.772,2008-06-01,HAB05B,NOAA,23.73871135812817,2008-Jun,-0.5793780247948384,0
21.25548387096774,-28.4609,113.772,2008-07-01,HAB05B,NOAA,23.73871135812817,2008-Jul,-2.4832274871604305,0
20.136774193548387,-28.4609,113.772,2008-08-01,HAB05B,NOAA,23.73871135812817,2008-Aug,-3.601937164579784,0
20.435666666666666,-28.4609,113.772,2008-09-01,HAB05B,NOAA,23.73871135812817,2008-Sep,-3.303044691461505,0
20.90290322580645,-28.4609,113.772,2008-10-01,HAB05B,NOAA,23.73871135812817,2008-Oct,-2.83580813232172,0
20.672333333333334,-28.4609,113.772,2008-11-01,HAB05B,NOAA,23.73871135812817,2008-Nov,-3.0663780247948367,0
21.48741935483871,-28.4609,113.772,2008-12-01,HAB05B,NOAA,23.73871135812817,2008-Dec,-2.2512920032894606,0
22.548709677419357,-28.4609,113.772,2009-01-01,HAB05B,NOAA,23.73871135812817,2009-Jan,-1.1900016807088143,0
23.473214285714285,-28.4609,113.772,2009-02-01,HAB05B,NOAA,23.73871135812817,2009-Feb,-0.2654970724138863,0
23.651612903225807,-28.4609,113.772,2009-03-01,HAB05B,NOAA,23.73871135812817,2009-Mar,-0.0870984549023639,0
23.243,-28.4609,113.772,2009-04-01,HAB05B,NOAA,23.73871135812817,2009-Apr,-0.49571135812817246,0
23.288064516129033,-28.4609,113.772,2009-05-01,HAB05B,NOAA,23.73871135812817,2009-May,-0.45064684199913785,0
22.40266666666667,-28.4609,113.772,2009-06-01,HAB05B,NOAA,23.73871135812817,2009-Jun,-1.3360446914615025,0
21.326129032258066,-28.4609,113.772,2009-07-01,HAB05B,NOAA,23.73871135812817,2009-Jul,-2.4125823258701047,0
20.70806451612903,-28.4609,113.772,2009-08-01,HAB05B,NOAA,23.73871135812817,2009-Aug,-3.0306468419991397,0
19.832,-28.4609,113.772,2009-09-01,HAB05B,NOAA,23.73871135812817,2009-Sep,-3.9067113581281703,0
19.90290322580645,-28.4609,113.772,2009-10-01,HAB05B,NOAA,23.73871135812817,2009-Oct,-3.83580813232172,0
21.164,-28.4609,113.772,2009-11-01,HAB05B,NOAA,23.73871135812817,2009-Nov,-2.5747113581281695,0
21.98741935483871,-28.4609,113.772,2009-12-01,HAB05B,NOAA,23.73871135812817,2009-Dec,-1.7512920032894606,0
22.68225806451613,-28.4609,113.772,2010-01-01,HAB05B,NOAA,23.73871135812817,2010-Jan,-1.0564532936120408,0
23.076071428571428,-28.4609,113.772,2010-02-01,HAB05B,NOAA,23.73871135812817,2010-Feb,-0.6626399295567431,0
23.151935483870968,-28.4609,113.772,2010-03-01,HAB05B,NOAA,23.73871135812817,2010-Mar,-0.5867758742572029,0
22.338333333333335,-28.4609,113.772,2010-04-01,HAB05B,NOAA,23.73871135812817,2010-Apr,-1.4003780247948363,0
21.981612903225805,-28.4609,113.772,2010-05-01,HAB05B,NOAA,23.73871135812817,2010-May,-1.7570984549023656,0
21.804333333333332,-28.4609,113.772,2010-06-01,HAB05B,NOAA,23.73871135812817,2010-Jun,-1.9343780247948388,0
20.631612903225808,-28.4609,113.772,2010-07-01,HAB05B,NOAA,23.73871135812817,2010-Jul,-3.1070984549023635,0
20.31258064516129,-28.4609,113.772,2010-08-01,HAB05B,NOAA,23.73871135812817,2010-Aug,-3.4261307129668808,0
20.107333333333333,-28.4609,113.772,2010-09-01,HAB05B,NOAA,23.73871135812817,2010-Sep,-3.631378024794838,0
20.598064516129032,-28.4609,113.772,2010-10-01,HAB05B,NOAA,23.73871135812817,2010-Oct,-3.140646841999139,0
21.638666666666666,-28.4609,113.772,2010-11-01,HAB05B,NOAA,23.73871135812817,2010-Nov,-2.1000446914615054,0
22.93774193548387,-28.4609,113.772,2010-12-01,HAB05B,NOAA,23.73871135812817,2010-Dec,-0.8009694226443003,0
24.41258064516129,-28.4609,113.772,2011-01-01,HAB05B,NOAA,23.73871135812817,2011-Jan,0.6738692870331207,0.6738692870331207
26.14785714285714,-28.4609,113.772,2011-02-01,HAB05B,NOAA,23.73871135812817,2011-Feb,2.4091457847289703,3.083015071762091
26.50774193548387,-28.4609,113.772,2011-03-01,HAB05B,NOAA,23.73871135812817,2011-Mar,2.7690305773557,5.852045649117791
25.00733333333333,-28.4609,113.772,2011-04-01,HAB05B,NOAA,23.73871135812817,2011-Apr,1.2686219752051606,7.120667624322952
24.45935483870968,-28.4609,113.772,2011-05-01,HAB05B,NOAA,23.73871135812817,2011-May,0.7206434805815078,7.8413111049044595
23.074666666666666,-28.4609,113.772,2011-06-01,HAB05B,NOAA,23.73871135812817,2011-Jun,-0.6640446914615055,0
21.731290322580644,-28.4609,113.772,2011-07-01,HAB05B,NOAA,23.73871135812817,2011-Jul,-2.0074210355475266,0
21.134516129032257,-28.4609,113.772,2011-08-01,HAB05B,NOAA,23.73871135812817,2011-Aug,-2.6041952290959145,0
20.549666666666667,-28.4609,113.772,2011-09-01,HAB05B,NOAA,23.73871135812817,2011-Sep,-3.189044691461504,0
20.691935483870967,-28.4609,113.772,2011-10-01,HAB05B,NOAA,23.73871135812817,2011-Oct,-3.0467758742572038,0
21.445666666666668,-28.4609,113.772,2011-11-01,HAB05B,NOAA,23.73871135812817,2011-Nov,-2.2930446914615032,0
22.530645161290323,-28.4609,113.772,2011-12-01,HAB05B,NOAA,23.73871135812817,2011-Dec,-1.2080661968378479,0
24.119032258064514,-28.4609,113.772,2012-01-01,HAB05B,NOAA,23.73871135812817,2012-Jan,0.38032089993634344,0.38032089993634344
24.99241379310345,-28.4609,113.772,2012-02-01,HAB05B,NOAA,23.73871135812817,2012-Feb,1.2537024349752777,1.634023334911621
24.782258064516128,-28.4609,113.772,2012-03-01,HAB05B,NOAA,23.73871135812817,2012-Mar,1.043546706387957,2.677570041299578
24.25,-28.4609,113.772,2012-04-01,HAB05B,NOAA,23.73871135812817,2012-Apr,0.511288641871829,3.188858683171407
23.448064516129033,-28.4609,113.772,2012-05-01,HAB05B,NOAA,23.73871135812817,2012-May,-0.2906468419991377,0
22.746333333333332,-28.4609,113.772,2012-06-01,HAB05B,NOAA,23.73871135812817,2012-Jun,-0.9923780247948386,0
20.91483870967742,-28.4609,113.772,2012-07-01,HAB05B,NOAA,23.73871135812817,2012-Jul,-2.8238726484507524,0
20.28322580645161,-28.4609,113.772,2012-08-01,HAB05B,NOAA,23.73871135812817,2012-Aug,-3.45548555167656,0
19.662666666666667,-28.4609,113.772,2012-09-01,HAB05B,NOAA,23.73871135812817,2012-Sep,-4.0760446914615045,0
19.898709677419355,-28.4609,113.772,2012-10-01,HAB05B,NOAA,23.73871135812817,2012-Oct,-3.8400016807088164,0
20.757666666666665,-28.4609,113.772,2012-11-01,HAB05B,NOAA,23.73871135812817,2012-Nov,-2.9810446914615056,0
22.033225806451615,-28.4609,113.772,2012-12-01,HAB05B,NOAA,23.73871135812817,2012-Dec,-1.7054855516765564,0
23.576129032258063,-28.4609,113.772,2013-01-01,HAB05B,NOAA,23.73871135812817,2013-Jan,-0.16258232587010824,0
24.72607142857143,-28.4609,113.772,2013-02-01,HAB05B,NOAA,23.73871135812817,2013-Feb,0.987360070443259,0.987360070443259
24.236129032258063,-28.4609,113.772,2013-03-01,HAB05B,NOAA,23.73871135812817,2013-Mar,0.4974176741298919,1.484777744573151
24.127333333333333,-28.4609,113.772,2013-04-01,HAB05B,NOAA,23.73871135812817,2013-Apr,0.3886219752051616,1.8733997197783125
23.633548387096774,-28.4609,113.772,2013-05-01,HAB05B,NOAA,23.73871135812817,2013-May,-0.10516297103139749,0
22.508333333333333,-28.4609,113.772,2013-06-01,HAB05B,NOAA,23.73871135812817,2013-Jun,-1.2303780247948382,0
21.517741935483873,-28.4609,113.772,2013-07-01,HAB05B,NOAA,23.73871135812817,2013-Jul,-2.2209694226442984,0
20.850967741935484,-28.4609,113.772,2013-08-01,HAB05B,NOAA,23.73871135812817,2013-Aug,-2.8877436161926866,0
20.245333333333335,-28.4609,113.772,2013-09-01,HAB05B,NOAA,23.73871135812817,2013-Sep,-3.4933780247948363,0
20.338709677419356,-28.4609,113.772,2013-10-01,HAB05B,NOAA,23.73871135812817,2013-Oct,-3.400001680708815,0
21.535,-28.4609,113.772,2013-11-01,HAB05B,NOAA,23.73871135812817,2013-Nov,-2.203711358128171,0
22.52774193548387,-28.4609,113.772,2013-12-01,HAB05B,NOAA,23.73871135812817,2013-Dec,-1.2109694226443004,0
23.29741935483871,-28.4609,113.772,2014-01-01,HAB05B,NOAA,23.73871135812817,2014-Jan,-0.44129200328946183,0
23.896071428571428,-28.4609,113.772,2014-02-01,HAB05B,NOAA,23.73871135812817,2014-Feb,0.15736007044325717,0.15736007044325717
23.642258064516128,-28.4609,113.772,2014-03-01,HAB05B,NOAA,23.73871135812817,2014-Mar,-0.09645329361204347,0
23.664333333333335,-28.4609,113.772,2014-04-01,HAB05B,NOAA,23.73871135812817,2014-Apr,-0.0743780247948358,0
22.741935483870968,-28.4609,113.772,2014-05-01,HAB05B,NOAA,23.73871135812817,2014-May,-0.996775874257203,0
22.419,-28.4609,113.772,2014-06-01,HAB05B,NOAA,23.73871135812817,2014-Jun,-1.3197113581281705,0
21.75032258064516,-28.4609,113.772,2014-07-01,HAB05B,NOAA,23.73871135812817,2014-Jul,-1.98838877748301,0
21.358064516129033,-28.4609,113.772,2014-08-01,HAB05B,NOAA,23.73871135812817,2014-Aug,-2.3806468419991376,0
21.356,-28.4609,113.772,2014-09-01,HAB05B,NOAA,23.73871135812817,2014-Sep,-2.3827113581281694,0
20.79967741935484,-28.4609,113.772,2014-10-01,HAB05B,NOAA,23.73871135812817,2014-Oct,-2.9390339387733313,0
21.07,-28.4609,113.772,2014-11-01,HAB05B,NOAA,23.73871135812817,2014-Nov,-2.6687113581281707,0
21.54483870967742,-28.4609,113.772,2014-12-01,HAB05B,NOAA,23.73871135812817,2014-Dec,-2.19387264845075,0
22.61709677419355,-28.4609,113.772,2015-01-01,HAB05B,NOAA,23.73871135812817,2015-Jan,-1.1216145839346225,0
23.66392857142857,-28.4609,113.772,2015-02-01,HAB05B,NOAA,23.73871135812817,2015-Feb,-0.07478278669960048,0
23.86064516129032,-28.4609,113.772,2015-03-01,HAB05B,NOAA,23.73871135812817,2015-Mar,0.12193380316215041,0.12193380316215041
23.687,-28.4609,113.772,2015-04-01,HAB05B,NOAA,23.73871135812817,2015-Apr,-0.05171135812816985,0
22.78258064516129,-28.4609,113.772,2015-05-01,HAB05B,NOAA,23.73871135812817,2015-May,-0.9561307129668819,0
22.203333333333333,-28.4609,113.772,2015-06-01,HAB05B,NOAA,23.73871135812817,2015-Jun,-1.5353780247948379,0
21.384838709677418,-28.4609,113.772,2015-07-01,HAB05B,NOAA,23.73871135812817,2015-Jul,-2.3538726484507535,0
20.35322580645161,-28.4609,113.772,2015-08-01,HAB05B,NOAA,23.73871135812817,2015-Aug,-3.3854855516765596,0
20.155333333333335,-28.4609,113.772,2015-09-01,HAB05B,NOAA,23.73871135812817,2015-Sep,-3.583378024794836,0
20.559354838709677,-28.4609,113.772,2015-10-01,HAB05B,NOAA,23.73871135812817,2015-Oct,-3.1793565194184943,0
21.476333333333333,-28.4609,113.772,2015-11-01,HAB05B,NOAA,23.73871135812817,2015-Nov,-2.262378024794838,0
21.459032258064518,-28.4609,113.772,2015-12-01,HAB05B,NOAA,23.73871135812817,2015-Dec,-2.279679100063653,0
23.098709677419354,-28.4609,113.772,2016-01-01,HAB05B,NOAA,23.73871135812817,2016-Jan,-0.6400016807088171,0
23.389655172413793,-28.4609,113.772,2016-02-01,HAB05B,NOAA,23.73871135812817,2016-Feb,-0.34905618571437813,0
23.335806451612903,-28.4609,113.772,2016-03-01,HAB05B,NOAA,23.73871135812817,2016-Mar,-0.40290490651526767,0
23.003666666666668,-28.4609,113.772,2016-04-01,HAB05B,NOAA,23.73871135812817,2016-Apr,-0.7350446914615034,0
22.13774193548387,-28.4609,113.772,2016-05-01,HAB05B,NOAA,23.73871135812817,2016-May,-1.600969422644301,0
21.342,-28.4609,113.772,2016-06-01,HAB05B,NOAA,23.73871135812817,2016-Jun,-2.3967113581281723,0
20.919032258064515,-28.4609,113.772,2016-07-01,HAB05B,NOAA,23.73871135812817,2016-Jul,-2.819679100063656,0
20.186451612903227,-28.4609,113.772,2016-08-01,HAB05B,NOAA,23.73871135812817,2016-Aug,-3.5522597452249443,0
19.43466666666667,-28.4609,113.772,2016-09-01,HAB05B,NOAA,23.73871135812817,2016-Sep,-4.3040446914615025,0
19.980967741935483,-28.4609,113.772,2016-10-01,HAB05B,NOAA,23.73871135812817,2016-Oct,-3.7577436161926876,0
20.725333333333335,-28.4609,113.772,2016-11-01,HAB05B,NOAA,23.73871135812817,2016-Nov,-3.013378024794836,0
21.725161290322582,-28.4609,113.772,2016-12-01,HAB05B,NOAA,23.73871135812817,2016-Dec,-2.013550067805589,0
22.342903225806452,-28.4609,113.772,2017-01-01,HAB05B,NOAA,23.73871135812817,2017-Jan,-1.3958081323217186,0
23.387142857142855,-28.4609,113.772,2017-02-01,HAB05B,NOAA,23.73871135812817,2017-Feb,-0.3515685009853158,0
23.865161290322582,-28.4609,113.772,2017-03-01,HAB05B,NOAA,23.73871135812817,2017-Mar,0.12644993219441147,0.12644993219441147
23.183666666666667,-28.4609,113.772,2017-04-01,HAB05B,NOAA,23.73871135812817,2017-Apr,-0.5550446914615037,0
23.739354838709676,-28.4609,113.772,2017-05-01,HAB05B,NOAA,23.73871135812817,2017-May,6.43480581505429e-4,6.43480581505429e-4
22.844,-28.4609,113.772,2017-06-01,HAB05B,NOAA,23.73871135812817,2017-Jun,-0.8947113581281698,0
21.491612903225807,-28.4609,113.772,2017-07-01,HAB05B,NOAA,23.73871135812817,2017-Jul,-2.247098454902364,0
20.280645161290323,-28.4609,113.772,2017-08-01,HAB05B,NOAA,23.73871135812817,2017-Aug,-3.458066196837848,0
20.153,-28.4609,113.772,2017-09-01,HAB05B,NOAA,23.73871135812817,2017-Sep,-3.5857113581281723,0
20.07,-28.4609,113.772,2017-10-01,HAB05B,NOAA,23.73871135812817,2017-Oct,-3.6687113581281707,0
21.269,-28.4609,113.772,2017-11-01,HAB05B,NOAA,23.73871135812817,2017-Nov,-2.4697113581281727,0
22.229032258064517,-28.4609,113.772,2017-12-01,HAB05B,NOAA,23.73871135812817,2017-Dec,-1.5096791000636536,0
22.81935483870968,-28.4609,113.772,2018-01-01,HAB05B,NOAA,23.73871135812817,2018-Jan,-0.9193565194184927,0
23.16,-28.4609,113.772,2018-02-01,HAB05B,NOAA,23.73871135812817,2018-Feb,-0.5787113581281709,0
23.781612903225806,-28.4609,113.772,2018-03-01,HAB05B,NOAA,23.73871135812817,2018-Mar,0.04290154509763511,0.04290154509763511
23.384,-28.4609,113.772,2018-04-01,HAB05B,NOAA,23.73871135812817,2018-Apr,-0.3547113581281707,0
23.08451612903226,-28.4609,113.772,2018-05-01,HAB05B,NOAA,23.73871135812817,2018-May,-0.6541952290959117,0
22.999333333333333,-28.4609,113.772,2018-06-01,HAB05B,NOAA,23.73871135812817,2018-Jun,-0.7393780247948385,0
21.763870967741937,-28.4609,113.772,2018-07-01,HAB05B,NOAA,23.73871135812817,2018-Jul,-1.974840390386234,0
20.26322580645161,-28.4609,113.772,2018-08-01,HAB05B,NOAA,23.73871135812817,2018-Aug,-3.4754855516765595,0
19.727,-28.4609,113.772,2018-09-01,HAB05B,NOAA,23.73871135812817,2018-Sep,-4.011711358128171,0
20.22032258064516,-28.4609,113.772,2018-10-01,HAB05B,NOAA,23.73871135812817,2018-Oct,-3.518388777483011,0
19.991666666666667,-28.4609,113.772,2018-11-01,HAB05B,NOAA,23.73871135812817,2018-Nov,-3.747044691461504,0
20.78451612903226,-28.4609,113.772,2018-12-01,HAB05B,NOAA,23.73871135812817,2018-Dec,-2.9541952290959124,0
21.59741935483871,-28.4609,113.772,2019-01-01,HAB05B,NOAA,23.73871135812817,2019-Jan,-2.141292003289461,0
22.509285714285713,-28.4609,113.772,2019-02-01,HAB05B,NOAA,23.73871135812817,2019-Feb,-1.2294256438424576,0
23.119032258064514,-28.4609,113.772,2019-03-01,HAB05B,NOAA,23.73871135812817,2019-Mar,-0.6196791000636566,0
22.759333333333334,-28.4609,113.772,2019-04-01,HAB05B,NOAA,23.73871135812817,2019-Apr,-0.9793780247948369,0
22.16516129032258,-28.4609,113.772,2019-05-01,HAB05B,NOAA,23.73871135812817,2019-May,-1.5735500678055914,0
22.283333333333335,-28.4609,113.772,2019-06-01,HAB05B,NOAA,23.73871135812817,2019-Jun,-1.455378024794836,0
21.224516129032256,-28.4609,113.772,2019-07-01,HAB05B,NOAA,23.73871135812817,2019-Jul,-2.5141952290959146,0
20.524838709677418,-28.4609,113.772,2019-08-01,HAB05B,NOAA,23.73871135812817,2019-Aug,-3.213872648450753,0
20.481666666666666,-28.4609,113.772,2019-09-01,HAB05B,NOAA,23.73871135812817,2019-Sep,-3.2570446914615054,0
20.634193548387096,-28.4609,113.772,2019-10-01,HAB05B,NOAA,23.73871135812817,2019-Oct,-3.1045178097410755,0
21.178333333333335,-28.4609,113.772,2019-11-01,HAB05B,NOAA,23.73871135812817,2019-Nov,-2.5603780247948364,0
22.89774193548387,-28.4609,113.772,2019-12-01,HAB05B,NOAA,23.73871135812817,2019-Dec,-0.8409694226442994,0
22.81838709677419,-28.4609,113.772,2020-01-01,HAB05B,NOAA,23.73871135812817,2020-Jan,-0.9203242613539793,0
23.811379310344826,-28.4609,113.772,2020-02-01,HAB05B,NOAA,23.73871135812817,2020-Feb,0.0726679522166549,0.0726679522166549
24.53290322580645,-28.4609,113.772,2020-03-01,HAB05B,NOAA,23.73871135812817,2020-Mar,0.7941918676782791,0.866859819894934
24.515,-28.4609,113.772,2020-04-01,HAB05B,NOAA,23.73871135812817,2020-Apr,0.7762886418718296,1.6431484617667635
23.031935483870967,-28.4609,113.772,2020-05-01,HAB05B,NOAA,23.73871135812817,2020-May,-0.7067758742572039,0
23.439666666666668,-28.4609,113.772,2020-06-01,HAB05B,NOAA,23.73871135812817,2020-Jun,-0.2990446914615035,0
22.26451612903226,-28.4609,113.772,2020-07-01,HAB05B,NOAA,23.73871135812817,2020-Jul,-1.474195229095912,0
20.795161290322582,-28.4609,113.772,2020-08-01,HAB05B,NOAA,23.73871135812817,2020-Aug,-2.943550067805589,0
20.243,-28.4609,113.772,2020-09-01,HAB05B,NOAA,23.73871135812817,2020-Sep,-3.4957113581281725,0
20.46290322580645,-28.4609,113.772,2020-10-01,HAB05B,NOAA,23.73871135812817,2020-Oct,-3.275808132321721,0
21.565666666666665,-28.4609,113.772,2020-11-01,HAB05B,NOAA,23.73871135812817,2020-Nov,-2.173044691461506,0
22.246129032258064,-28.4609,113.772,2020-12-01,HAB05B,NOAA,23.73871135812817,2020-Dec,-1.4925823258701065,0
24.339354838709678,-28.4609,113.772,2021-01-01,HAB05B,NOAA,23.73871135812817,2021-Jan,0.60064348058150685,0.60064348058150685
23.956071428571427,-28.4609,113.772,2021-02-01,HAB05B,NOAA,23.73871135812817,2021-Feb,0.2173600704432559,0.8180035510247627
24.677741935483873,-28.4609,113.772,2021-03-01,HAB05B,NOAA,23.73871135812817,2021-Mar,0.9390305773557017,1.7570341283804645
24.449333333333332,-28.4609,113.772,2021-04-01,HAB05B,NOAA,23.73871135812817,2021-Apr,0.7106219752051608,2.4676561035856253
24.073225806451614,-28.4609,113.772,2021-05-01,HAB05B,NOAA,23.73871135812817,2021-May,0.3345144483234428,2.802170551909068
23.26,-28.4609,113.772,2021-06-01,HAB05B,NOAA,23.73871135812817,2021-Jun,-0.47871135812816945,0
