sst_monthly,Latitude,Longitude,monthly_date,Reef_Site,Data_Type,mmm_from_sst,date,anomaly,BRS05_DHM
29.289354838709677,-14.105,123.5356924,1985-01-01,BRS05,NOAA,29.68694444444445,1985-Jan,-0.39758960573477253,0
29.241785714285715,-14.105,123.5356924,1985-02-01,BRS05,NOAA,29.68694444444445,1985-Feb,-0.44515873015873453,0
29.29806451612903,-14.105,123.5356924,1985-03-01,BRS05,NOAA,29.68694444444445,1985-Mar,-0.3888799283154185,0
29.823666666666668,-14.105,123.5356924,1985-04-01,BRS05,NOAA,29.68694444444445,1985-Apr,0.1367222222222182,0.1367222222222182
29.454516129032257,-14.105,123.5356924,1985-05-01,BRS05,NOAA,29.68694444444445,1985-May,-0.2324283154121929,0
28.198999999999998,-14.105,123.5356924,1985-06-01,BRS05,NOAA,29.68694444444445,1985-Jun,-1.4879444444444516,0
26.699354838709677,-14.105,123.5356924,1985-07-01,BRS05,NOAA,29.68694444444445,1985-Jul,-2.9875896057347724,0
25.96677419354839,-14.105,123.5356924,1985-08-01,BRS05,NOAA,29.68694444444445,1985-Aug,-3.720170250896061,0
27.316666666666666,-14.105,123.5356924,1985-09-01,BRS05,NOAA,29.68694444444445,1985-Sep,-2.3702777777777833,0
27.858064516129033,-14.105,123.5356924,1985-10-01,BRS05,NOAA,29.68694444444445,1985-Oct,-1.8288799283154162,0
28.582,-14.105,123.5356924,1985-11-01,BRS05,NOAA,29.68694444444445,1985-Nov,-1.104944444444449,0
28.554193548387097,-14.105,123.5356924,1985-12-01,BRS05,NOAA,29.68694444444445,1985-Dec,-1.1327508960573525,0
29.446451612903225,-14.105,123.5356924,1986-01-01,BRS05,NOAA,29.68694444444445,1986-Jan,-0.24049283154122492,0
29.6625,-14.105,123.5356924,1986-02-01,BRS05,NOAA,29.68694444444445,1986-Feb,-0.024444444444448266,0
29.448064516129033,-14.105,123.5356924,1986-03-01,BRS05,NOAA,29.68694444444445,1986-Mar,-0.23887992831541638,0
29.907333333333334,-14.105,123.5356924,1986-04-01,BRS05,NOAA,29.68694444444445,1986-Apr,0.22038888888888408,0.22038888888888408
29.676129032258064,-14.105,123.5356924,1986-05-01,BRS05,NOAA,29.68694444444445,1986-May,-0.010815412186385487,0
27.936333333333334,-14.105,123.5356924,1986-06-01,BRS05,NOAA,29.68694444444445,1986-Jun,-1.750611111111116,0
27.034193548387098,-14.105,123.5356924,1986-07-01,BRS05,NOAA,29.68694444444445,1986-Jul,-2.652750896057352,0
25.754516129032258,-14.105,123.5356924,1986-08-01,BRS05,NOAA,29.68694444444445,1986-Aug,-3.932428315412192,0
26.657666666666668,-14.105,123.5356924,1986-09-01,BRS05,NOAA,29.68694444444445,1986-Sep,-3.029277777777782,0
26.92516129032258,-14.105,123.5356924,1986-10-01,BRS05,NOAA,29.68694444444445,1986-Oct,-2.7617831541218685,0
28.761,-14.105,123.5356924,1986-11-01,BRS05,NOAA,29.68694444444445,1986-Nov,-0.9259444444444505,0
29.346129032258066,-14.105,123.5356924,1986-12-01,BRS05,NOAA,29.68694444444445,1986-Dec,-0.3408154121863838,0
29.894516129032258,-14.105,123.5356924,1987-01-01,BRS05,NOAA,29.68694444444445,1987-Jan,0.2075716845878084,0.2075716845878084
28.01607142857143,-14.105,123.5356924,1987-02-01,BRS05,NOAA,29.68694444444445,1987-Feb,-1.6708730158730205,0
28.389032258064518,-14.105,123.5356924,1987-03-01,BRS05,NOAA,29.68694444444445,1987-Mar,-1.297912186379932,0
28.699666666666666,-14.105,123.5356924,1987-04-01,BRS05,NOAA,29.68694444444445,1987-Apr,-0.9872777777777841,0
28.826451612903227,-14.105,123.5356924,1987-05-01,BRS05,NOAA,29.68694444444445,1987-May,-0.8604928315412224,0
28.507333333333335,-14.105,123.5356924,1987-06-01,BRS05,NOAA,29.68694444444445,1987-Jun,-1.1796111111111145,0
26.999032258064517,-14.105,123.5356924,1987-07-01,BRS05,NOAA,29.68694444444445,1987-Jul,-2.6879121863799327,0
26.34032258064516,-14.105,123.5356924,1987-08-01,BRS05,NOAA,29.68694444444445,1987-Aug,-3.346621863799289,0
26.66133333333333,-14.105,123.5356924,1987-09-01,BRS05,NOAA,29.68694444444445,1987-Sep,-3.025611111111118,0
27.37483870967742,-14.105,123.5356924,1987-10-01,BRS05,NOAA,29.68694444444445,1987-Oct,-2.31210573476703,0
28.559666666666665,-14.105,123.5356924,1987-11-01,BRS05,NOAA,29.68694444444445,1987-Nov,-1.1272777777777847,0
28.89774193548387,-14.105,123.5356924,1987-12-01,BRS05,NOAA,29.68694444444445,1987-Dec,-0.7892025089605781,0
29.234193548387097,-14.105,123.5356924,1988-01-01,BRS05,NOAA,29.68694444444445,1988-Jan,-0.45275089605735275,0
29.700689655172415,-14.105,123.5356924,1988-02-01,BRS05,NOAA,29.68694444444445,1988-Feb,0.013745210727964974,0.013745210727964974
30.19,-14.105,123.5356924,1988-03-01,BRS05,NOAA,29.68694444444445,1988-Mar,0.5030555555555516,0.5168007662835166
29.736333333333334,-14.105,123.5356924,1988-04-01,BRS05,NOAA,29.68694444444445,1988-Apr,0.04938888888888471,0.5661896551724013
30.016451612903225,-14.105,123.5356924,1988-05-01,BRS05,NOAA,29.68694444444445,1988-May,0.32950716845877537,0.8956968236311766
28.217,-14.105,123.5356924,1988-06-01,BRS05,NOAA,29.68694444444445,1988-Jun,-1.469944444444451,0
26.9,-14.105,123.5356924,1988-07-01,BRS05,NOAA,29.68694444444445,1988-Jul,-2.786944444444451,0
26.96483870967742,-14.105,123.5356924,1988-08-01,BRS05,NOAA,29.68694444444445,1988-Aug,-2.7221057347670303,0
27.195,-14.105,123.5356924,1988-09-01,BRS05,NOAA,29.68694444444445,1988-Sep,-2.4919444444444494,0
29.509354838709676,-14.105,123.5356924,1988-10-01,BRS05,NOAA,29.68694444444445,1988-Oct,-0.17758960573477367,0
29.64966666666667,-14.105,123.5356924,1988-11-01,BRS05,NOAA,29.68694444444445,1988-Nov,-0.037277777777781296,0
28.626451612903224,-14.105,123.5356924,1988-12-01,BRS05,NOAA,29.68694444444445,1988-Dec,-1.0604928315412252,0
30.115806451612904,-14.105,123.5356924,1989-01-01,BRS05,NOAA,29.68694444444445,1989-Jan,0.4288620071684548,0.4288620071684548
30.288214285714286,-14.105,123.5356924,1989-02-01,BRS05,NOAA,29.68694444444445,1989-Feb,0.6012698412698363,1.030131848438291
28.975161290322582,-14.105,123.5356924,1989-03-01,BRS05,NOAA,29.68694444444445,1989-Mar,-0.7117831541218678,0
29.567666666666668,-14.105,123.5356924,1989-04-01,BRS05,NOAA,29.68694444444445,1989-Apr,-0.11927777777778203,0
28.953225806451613,-14.105,123.5356924,1989-05-01,BRS05,NOAA,29.68694444444445,1989-May,-0.7337186379928369,0
28.573,-14.105,123.5356924,1989-06-01,BRS05,NOAA,29.68694444444445,1989-Jun,-1.1139444444444493,0
26.990645161290324,-14.105,123.5356924,1989-07-01,BRS05,NOAA,29.68694444444445,1989-Jul,-2.6962992831541257,0
26.753225806451614,-14.105,123.5356924,1989-08-01,BRS05,NOAA,29.68694444444445,1989-Aug,-2.933718637992836,0
27.325,-14.105,123.5356924,1989-09-01,BRS05,NOAA,29.68694444444445,1989-Sep,-2.3619444444444504,0
28.461612903225806,-14.105,123.5356924,1989-10-01,BRS05,NOAA,29.68694444444445,1989-Oct,-1.2253315412186438,0
28.723333333333333,-14.105,123.5356924,1989-11-01,BRS05,NOAA,29.68694444444445,1989-Nov,-0.963611111111117,0
28.81258064516129,-14.105,123.5356924,1989-12-01,BRS05,NOAA,29.68694444444445,1989-Dec,-0.8743637992831594,0
29.137096774193548,-14.105,123.5356924,1990-01-01,BRS05,NOAA,29.68694444444445,1990-Jan,-0.5498476702509016,0
30.019642857142856,-14.105,123.5356924,1990-02-01,BRS05,NOAA,29.68694444444445,1990-Feb,0.33269841269840583,0.33269841269840583
29.756129032258066,-14.105,123.5356924,1990-03-01,BRS05,NOAA,29.68694444444445,1990-Mar,0.06918458781361636,0.4018830005120222
30.387,-14.105,123.5356924,1990-04-01,BRS05,NOAA,29.68694444444445,1990-Apr,0.7000555555555508,1.101938556067573
29.039677419354838,-14.105,123.5356924,1990-05-01,BRS05,NOAA,29.68694444444445,1990-May,-0.6472670250896115,0
27.535,-14.105,123.5356924,1990-06-01,BRS05,NOAA,29.68694444444445,1990-Jun,-2.1519444444444495,0
26.884516129032257,-14.105,123.5356924,1990-07-01,BRS05,NOAA,29.68694444444445,1990-Jul,-2.802428315412193,0
26.726129032258065,-14.105,123.5356924,1990-08-01,BRS05,NOAA,29.68694444444445,1990-Aug,-2.9608154121863848,0
27.231333333333332,-14.105,123.5356924,1990-09-01,BRS05,NOAA,29.68694444444445,1990-Sep,-2.455611111111118,0
28.386129032258065,-14.105,123.5356924,1990-10-01,BRS05,NOAA,29.68694444444445,1990-Oct,-1.3008154121863846,0
31.683666666666667,-14.105,123.5356924,1990-11-01,BRS05,NOAA,29.68694444444445,1990-Nov,1.9967222222222176,1.9967222222222176
30.238387096774193,-14.105,123.5356924,1990-12-01,BRS05,NOAA,29.68694444444445,1990-Dec,0.5514426523297438,2.5481648745519614
29.82483870967742,-14.105,123.5356924,1991-01-01,BRS05,NOAA,29.68694444444445,1991-Jan,0.1378942652329691,2.6860591397849305
28.158571428571427,-14.105,123.5356924,1991-02-01,BRS05,NOAA,29.68694444444445,1991-Feb,-1.5283730158730222,0
29.398064516129033,-14.105,123.5356924,1991-03-01,BRS05,NOAA,29.68694444444445,1991-Mar,-0.2888799283154171,0
29.361666666666668,-14.105,123.5356924,1991-04-01,BRS05,NOAA,29.68694444444445,1991-Apr,-0.32527777777778155,0
28.071612903225805,-14.105,123.5356924,1991-05-01,BRS05,NOAA,29.68694444444445,1991-May,-1.6153315412186444,0
27.788333333333334,-14.105,123.5356924,1991-06-01,BRS05,NOAA,29.68694444444445,1991-Jun,-1.8986111111111157,0
26.522903225806452,-14.105,123.5356924,1991-07-01,BRS05,NOAA,29.68694444444445,1991-Jul,-3.1640412186379976,0
26.28258064516129,-14.105,123.5356924,1991-08-01,BRS05,NOAA,29.68694444444445,1991-Aug,-3.4043637992831606,0
26.675666666666668,-14.105,123.5356924,1991-09-01,BRS05,NOAA,29.68694444444445,1991-Sep,-3.0112777777777815,0
28.093548387096774,-14.105,123.5356924,1991-10-01,BRS05,NOAA,29.68694444444445,1991-Oct,-1.5933960573476753,0
28.628666666666668,-14.105,123.5356924,1991-11-01,BRS05,NOAA,29.68694444444445,1991-Nov,-1.058277777777782,0
29.218387096774194,-14.105,123.5356924,1991-12-01,BRS05,NOAA,29.68694444444445,1991-Dec,-0.4685573476702558,0
29.289677419354838,-14.105,123.5356924,1992-01-01,BRS05,NOAA,29.68694444444445,1992-Jan,-0.39726702508961154,0
29.75896551724138,-14.105,123.5356924,1992-02-01,BRS05,NOAA,29.68694444444445,1992-Feb,0.07202107279692882,0.07202107279692882
30.43516129032258,-14.105,123.5356924,1992-03-01,BRS05,NOAA,29.68694444444445,1992-Mar,0.7482168458781295,0.8202379186750584
30.341,-14.105,123.5356924,1992-04-01,BRS05,NOAA,29.68694444444445,1992-Apr,0.6540555555555514,1.4742934742306097
30.091935483870966,-14.105,123.5356924,1992-05-01,BRS05,NOAA,29.68694444444445,1992-May,0.40499103942651615,1.879284513657126
28.386333333333333,-14.105,123.5356924,1992-06-01,BRS05,NOAA,29.68694444444445,1992-Jun,-1.3006111111111167,0
27.244193548387095,-14.105,123.5356924,1992-07-01,BRS05,NOAA,29.68694444444445,1992-Jul,-2.4427508960573547,0
26.74451612903226,-14.105,123.5356924,1992-08-01,BRS05,NOAA,29.68694444444445,1992-Aug,-2.94242831541219,0
27.173333333333332,-14.105,123.5356924,1992-09-01,BRS05,NOAA,29.68694444444445,1992-Sep,-2.5136111111111177,0
28.217741935483872,-14.105,123.5356924,1992-10-01,BRS05,NOAA,29.68694444444445,1992-Oct,-1.4692025089605778,0
29.401333333333334,-14.105,123.5356924,1992-11-01,BRS05,NOAA,29.68694444444445,1992-Nov,-0.28561111111111614,0
28.952903225806452,-14.105,123.5356924,1992-12-01,BRS05,NOAA,29.68694444444445,1992-Dec,-0.7340412186379979,0
29.368387096774192,-14.105,123.5356924,1993-01-01,BRS05,NOAA,29.68694444444445,1993-Jan,-0.31855734767025723,0
27.8675,-14.105,123.5356924,1993-02-01,BRS05,NOAA,29.68694444444445,1993-Feb,-1.81944444444445,0
28.98548387096774,-14.105,123.5356924,1993-03-01,BRS05,NOAA,29.68694444444445,1993-Mar,-0.7014605734767088,0
29.366666666666667,-14.105,123.5356924,1993-04-01,BRS05,NOAA,29.68694444444445,1993-Apr,-0.32027777777778255,0
28.851290322580645,-14.105,123.5356924,1993-05-01,BRS05,NOAA,29.68694444444445,1993-May,-0.8356541218638043,0
27.794333333333334,-14.105,123.5356924,1993-06-01,BRS05,NOAA,29.68694444444445,1993-Jun,-1.8926111111111155,0
26.60290322580645,-14.105,123.5356924,1993-07-01,BRS05,NOAA,29.68694444444445,1993-Jul,-3.0840412186379993,0
26.398709677419355,-14.105,123.5356924,1993-08-01,BRS05,NOAA,29.68694444444445,1993-Aug,-3.288234767025095,0
26.85033333333333,-14.105,123.5356924,1993-09-01,BRS05,NOAA,29.68694444444445,1993-Sep,-2.836611111111118,0
27.92967741935484,-14.105,123.5356924,1993-10-01,BRS05,NOAA,29.68694444444445,1993-Oct,-1.757267025089611,0
29.024333333333335,-14.105,123.5356924,1993-11-01,BRS05,NOAA,29.68694444444445,1993-Nov,-0.662611111111115,0
29.446774193548386,-14.105,123.5356924,1993-12-01,BRS05,NOAA,29.68694444444445,1993-Dec,-0.24017025089606392,0
29.778709677419354,-14.105,123.5356924,1994-01-01,BRS05,NOAA,29.68694444444445,1994-Jan,0.09176523297490391,0.09176523297490391
30.08535714285714,-14.105,123.5356924,1994-02-01,BRS05,NOAA,29.68694444444445,1994-Feb,0.39841269841269167,0.4901779313875956
29.044193548387096,-14.105,123.5356924,1994-03-01,BRS05,NOAA,29.68694444444445,1994-Mar,-0.642750896057354,0
29.060333333333332,-14.105,123.5356924,1994-04-01,BRS05,NOAA,29.68694444444445,1994-Apr,-0.6266111111111172,0
28.23,-14.105,123.5356924,1994-05-01,BRS05,NOAA,29.68694444444445,1994-May,-1.4569444444444493,0
27.370333333333335,-14.105,123.5356924,1994-06-01,BRS05,NOAA,29.68694444444445,1994-Jun,-2.316611111111115,0
26.108064516129033,-14.105,123.5356924,1994-07-01,BRS05,NOAA,29.68694444444445,1994-Jul,-3.5788799283154162,0
25.320645161290322,-14.105,123.5356924,1994-08-01,BRS05,NOAA,29.68694444444445,1994-Aug,-4.366299283154127,0
26.80666666666667,-14.105,123.5356924,1994-09-01,BRS05,NOAA,29.68694444444445,1994-Sep,-2.8802777777777813,0
27.857419354838708,-14.105,123.5356924,1994-10-01,BRS05,NOAA,29.68694444444445,1994-Oct,-1.8295250896057418,0
29.116666666666667,-14.105,123.5356924,1994-11-01,BRS05,NOAA,29.68694444444445,1994-Nov,-0.5702777777777825,0
29.769032258064517,-14.105,123.5356924,1994-12-01,BRS05,NOAA,29.68694444444445,1994-Dec,0.0820878136200669,0.0820878136200669
29.548709677419357,-14.105,123.5356924,1995-01-01,BRS05,NOAA,29.68694444444445,1995-Jan,-0.13823476702509296,0
29.415,-14.105,123.5356924,1995-02-01,BRS05,NOAA,29.68694444444445,1995-Feb,-0.27194444444445054,0
28.940645161290323,-14.105,123.5356924,1995-03-01,BRS05,NOAA,29.68694444444445,1995-Mar,-0.7462992831541264,0
29.436333333333334,-14.105,123.5356924,1995-04-01,BRS05,NOAA,29.68694444444445,1995-Apr,-0.250611111111116,0
29.09516129032258,-14.105,123.5356924,1995-05-01,BRS05,NOAA,29.68694444444445,1995-May,-0.5917831541218703,0
27.257333333333335,-14.105,123.5356924,1995-06-01,BRS05,NOAA,29.68694444444445,1995-Jun,-2.4296111111111145,0
26.165806451612905,-14.105,123.5356924,1995-07-01,BRS05,NOAA,29.68694444444445,1995-Jul,-3.5211379928315445,0
25.88193548387097,-14.105,123.5356924,1995-08-01,BRS05,NOAA,29.68694444444445,1995-Aug,-3.805008960573481,0
26.976666666666667,-14.105,123.5356924,1995-09-01,BRS05,NOAA,29.68694444444445,1995-Sep,-2.710277777777783,0
27.618709677419353,-14.105,123.5356924,1995-10-01,BRS05,NOAA,29.68694444444445,1995-Oct,-2.0682347670250962,0
29.193333333333335,-14.105,123.5356924,1995-11-01,BRS05,NOAA,29.68694444444445,1995-Nov,-0.49361111111111455,0
28.85,-14.105,123.5356924,1995-12-01,BRS05,NOAA,29.68694444444445,1995-Dec,-0.8369444444444483,0
29.12258064516129,-14.105,123.5356924,1996-01-01,BRS05,NOAA,29.68694444444445,1996-Jan,-0.5643637992831607,0
29.68689655172414,-14.105,123.5356924,1996-02-01,BRS05,NOAA,29.68694444444445,1996-Feb,-4.789272031047176e-5,0
29.306774193548385,-14.105,123.5356924,1996-03-01,BRS05,NOAA,29.68694444444445,1996-Mar,-0.3801702508960645,0
29.335,-14.105,123.5356924,1996-04-01,BRS05,NOAA,29.68694444444445,1996-Apr,-0.35194444444444883,0
28.745483870967742,-14.105,123.5356924,1996-05-01,BRS05,NOAA,29.68694444444445,1996-May,-0.9414605734767072,0
27.579666666666668,-14.105,123.5356924,1996-06-01,BRS05,NOAA,29.68694444444445,1996-Jun,-2.1072777777777816,0
27.060967741935485,-14.105,123.5356924,1996-07-01,BRS05,NOAA,29.68694444444445,1996-Jul,-2.6259767025089644,0
26.848064516129032,-14.105,123.5356924,1996-08-01,BRS05,NOAA,29.68694444444445,1996-Aug,-2.838879928315418,0
27.34,-14.105,123.5356924,1996-09-01,BRS05,NOAA,29.68694444444445,1996-Sep,-2.34694444444445,0
28.524516129032257,-14.105,123.5356924,1996-10-01,BRS05,NOAA,29.68694444444445,1996-Oct,-1.1624283154121926,0
29.382,-14.105,123.5356924,1996-11-01,BRS05,NOAA,29.68694444444445,1996-Nov,-0.30494444444444824,0
29.248387096774195,-14.105,123.5356924,1996-12-01,BRS05,NOAA,29.68694444444445,1996-Dec,-0.43855734767025467,0
28.629677419354838,-14.105,123.5356924,1997-01-01,BRS05,NOAA,29.68694444444445,1997-Jan,-1.0572670250896117,0
28.070714285714285,-14.105,123.5356924,1997-02-01,BRS05,NOAA,29.68694444444445,1997-Feb,-1.6162301587301648,0
28.900967741935485,-14.105,123.5356924,1997-03-01,BRS05,NOAA,29.68694444444445,1997-Mar,-0.7859767025089646,0
29.747666666666667,-14.105,123.5356924,1997-04-01,BRS05,NOAA,29.68694444444445,1997-Apr,0.06072222222221768,0.06072222222221768
28.938709677419354,-14.105,123.5356924,1997-05-01,BRS05,NOAA,29.68694444444445,1997-May,-0.748234767025096,0
27.696,-14.105,123.5356924,1997-06-01,BRS05,NOAA,29.68694444444445,1997-Jun,-1.9909444444444482,0
26.25,-14.105,123.5356924,1997-07-01,BRS05,NOAA,29.68694444444445,1997-Jul,-3.4369444444444497,0
26.240645161290324,-14.105,123.5356924,1997-08-01,BRS05,NOAA,29.68694444444445,1997-Aug,-3.4462992831541257,0
26.888666666666666,-14.105,123.5356924,1997-09-01,BRS05,NOAA,29.68694444444445,1997-Sep,-2.798277777777784,0
28.074193548387097,-14.105,123.5356924,1997-10-01,BRS05,NOAA,29.68694444444445,1997-Oct,-1.612750896057353,0
29.117333333333335,-14.105,123.5356924,1997-11-01,BRS05,NOAA,29.68694444444445,1997-Nov,-0.5696111111111151,0
29.913870967741936,-14.105,123.5356924,1997-12-01,BRS05,NOAA,29.68694444444445,1997-Dec,0.22692652329748597,0.22692652329748597
29.479032258064517,-14.105,123.5356924,1998-01-01,BRS05,NOAA,29.68694444444445,1998-Jan,-0.20791218637993225,0
29.399285714285714,-14.105,123.5356924,1998-02-01,BRS05,NOAA,29.68694444444445,1998-Feb,-0.28765873015873566,0
30.57677419354839,-14.105,123.5356924,1998-03-01,BRS05,NOAA,29.68694444444445,1998-Mar,0.8898297491039386,0.8898297491039386
30.683333333333334,-14.105,123.5356924,1998-04-01,BRS05,NOAA,29.68694444444445,1998-Apr,0.9963888888888839,1.8862186379928225
29.151290322580646,-14.105,123.5356924,1998-05-01,BRS05,NOAA,29.68694444444445,1998-May,-0.5356541218638036,0
28.439,-14.105,123.5356924,1998-06-01,BRS05,NOAA,29.68694444444445,1998-Jun,-1.2479444444444496,0
27.69451612903226,-14.105,123.5356924,1998-07-01,BRS05,NOAA,29.68694444444445,1998-Jul,-1.992428315412191,0
27.680967741935483,-14.105,123.5356924,1998-08-01,BRS05,NOAA,29.68694444444445,1998-Aug,-2.005976702508967,0
28.113,-14.105,123.5356924,1998-09-01,BRS05,NOAA,29.68694444444445,1998-Sep,-1.5739444444444501,0
29.278387096774193,-14.105,123.5356924,1998-10-01,BRS05,NOAA,29.68694444444445,1998-Oct,-0.4085573476702571,0
29.966,-14.105,123.5356924,1998-11-01,BRS05,NOAA,29.68694444444445,1998-Nov,0.2790555555555514,0.2790555555555514
29.455806451612904,-14.105,123.5356924,1998-12-01,BRS05,NOAA,29.68694444444445,1998-Dec,-0.23113799283154535,0
29.401612903225807,-14.105,123.5356924,1999-01-01,BRS05,NOAA,29.68694444444445,1999-Jan,-0.28533154121864257,0
28.8425,-14.105,123.5356924,1999-02-01,BRS05,NOAA,29.68694444444445,1999-Feb,-0.8444444444444485,0
28.91258064516129,-14.105,123.5356924,1999-03-01,BRS05,NOAA,29.68694444444445,1999-Mar,-0.774363799283158,0
29.284333333333333,-14.105,123.5356924,1999-04-01,BRS05,NOAA,29.68694444444445,1999-Apr,-0.402611111111117,0
28.469032258064516,-14.105,123.5356924,1999-05-01,BRS05,NOAA,29.68694444444445,1999-May,-1.2179121863799338,0
27.903666666666666,-14.105,123.5356924,1999-06-01,BRS05,NOAA,29.68694444444445,1999-Jun,-1.7832777777777835,0
26.804516129032258,-14.105,123.5356924,1999-07-01,BRS05,NOAA,29.68694444444445,1999-Jul,-2.8824283154121915,0
26.626129032258063,-14.105,123.5356924,1999-08-01,BRS05,NOAA,29.68694444444445,1999-Aug,-3.060815412186386,0
27.508333333333333,-14.105,123.5356924,1999-09-01,BRS05,NOAA,29.68694444444445,1999-Sep,-2.178611111111117,0
29.00741935483871,-14.105,123.5356924,1999-10-01,BRS05,NOAA,29.68694444444445,1999-Oct,-0.6795250896057397,0
29.769666666666666,-14.105,123.5356924,1999-11-01,BRS05,NOAA,29.68694444444445,1999-Nov,0.08272222222221615,0.08272222222221615
29.624193548387098,-14.105,123.5356924,1999-12-01,BRS05,NOAA,29.68694444444445,1999-Dec,-0.06275089605735218,0
29.33741935483871,-14.105,123.5356924,2000-01-01,BRS05,NOAA,29.68694444444445,2000-Jan,-0.34952508960574136,0
28.810689655172414,-14.105,123.5356924,2000-02-01,BRS05,NOAA,29.68694444444445,2000-Feb,-0.8762547892720356,0
29.182903225806452,-14.105,123.5356924,2000-03-01,BRS05,NOAA,29.68694444444445,2000-Mar,-0.5040412186379974,0
29.197666666666667,-14.105,123.5356924,2000-04-01,BRS05,NOAA,29.68694444444445,2000-Apr,-0.48927777777778303,0
28.364516129032257,-14.105,123.5356924,2000-05-01,BRS05,NOAA,29.68694444444445,2000-May,-1.3224283154121927,0
26.704333333333334,-14.105,123.5356924,2000-06-01,BRS05,NOAA,29.68694444444445,2000-Jun,-2.9826111111111153,0
26.31451612903226,-14.105,123.5356924,2000-07-01,BRS05,NOAA,29.68694444444445,2000-Jul,-3.37242831541219,0
26.329677419354837,-14.105,123.5356924,2000-08-01,BRS05,NOAA,29.68694444444445,2000-Aug,-3.3572670250896124,0
27.276,-14.105,123.5356924,2000-09-01,BRS05,NOAA,29.68694444444445,2000-Sep,-2.41094444444445,0
28.66709677419355,-14.105,123.5356924,2000-10-01,BRS05,NOAA,29.68694444444445,2000-Oct,-1.0198476702509005,0
28.820333333333334,-14.105,123.5356924,2000-11-01,BRS05,NOAA,29.68694444444445,2000-Nov,-0.8666111111111157,0
27.95967741935484,-14.105,123.5356924,2000-12-01,BRS05,NOAA,29.68694444444445,2000-Dec,-1.7272670250896098,0
29.498064516129034,-14.105,123.5356924,2001-01-01,BRS05,NOAA,29.68694444444445,2001-Jan,-0.18887992831541567,0
28.9325,-14.105,123.5356924,2001-02-01,BRS05,NOAA,29.68694444444445,2001-Feb,-0.7544444444444487,0
28.83258064516129,-14.105,123.5356924,2001-03-01,BRS05,NOAA,29.68694444444445,2001-Mar,-0.8543637992831599,0
29.282333333333334,-14.105,123.5356924,2001-04-01,BRS05,NOAA,29.68694444444445,2001-Apr,-0.4046111111111159,0
28.880967741935486,-14.105,123.5356924,2001-05-01,BRS05,NOAA,29.68694444444445,2001-May,-0.8059767025089641,0
27.518333333333334,-14.105,123.5356924,2001-06-01,BRS05,NOAA,29.68694444444445,2001-Jun,-2.1686111111111153,0
26.676774193548386,-14.105,123.5356924,2001-07-01,BRS05,NOAA,29.68694444444445,2001-Jul,-3.0101702508960635,0
26.28516129032258,-14.105,123.5356924,2001-08-01,BRS05,NOAA,29.68694444444445,2001-Aug,-3.401783154121869,0
27.293666666666667,-14.105,123.5356924,2001-09-01,BRS05,NOAA,29.68694444444445,2001-Sep,-2.393277777777783,0
28.30548387096774,-14.105,123.5356924,2001-10-01,BRS05,NOAA,29.68694444444445,2001-Oct,-1.3814605734767085,0
28.581,-14.105,123.5356924,2001-11-01,BRS05,NOAA,29.68694444444445,2001-Nov,-1.1059444444444502,0
29.29225806451613,-14.105,123.5356924,2001-12-01,BRS05,NOAA,29.68694444444445,2001-Dec,-0.39468637992832,0
29.31451612903226,-14.105,123.5356924,2002-01-01,BRS05,NOAA,29.68694444444445,2002-Jan,-0.3724283154121899,0
29.1825,-14.105,123.5356924,2002-02-01,BRS05,NOAA,29.68694444444445,2002-Feb,-0.5044444444444487,0
29.878709677419355,-14.105,123.5356924,2002-03-01,BRS05,NOAA,29.68694444444445,2002-Mar,0.19176523297490533,0.19176523297490533
30.365000000000002,-14.105,123.5356924,2002-04-01,BRS05,NOAA,29.68694444444445,2002-Apr,0.6780555555555523,0.8698207885304576
29.79967741935484,-14.105,123.5356924,2002-05-01,BRS05,NOAA,29.68694444444445,2002-May,0.11273297491039003,0.9825537634408477
27.693666666666665,-14.105,123.5356924,2002-06-01,BRS05,NOAA,29.68694444444445,2002-Jun,-1.9932777777777844,0
26.373548387096776,-14.105,123.5356924,2002-07-01,BRS05,NOAA,29.68694444444445,2002-Jul,-3.313396057347674,0
26.10516129032258,-14.105,123.5356924,2002-08-01,BRS05,NOAA,29.68694444444445,2002-Aug,-3.5817831541218688,0
26.726,-14.105,123.5356924,2002-09-01,BRS05,NOAA,29.68694444444445,2002-Sep,-2.9609444444444506,0
28.050645161290323,-14.105,123.5356924,2002-10-01,BRS05,NOAA,29.68694444444445,2002-Oct,-1.636299283154127,0
29.794333333333334,-14.105,123.5356924,2002-11-01,BRS05,NOAA,29.68694444444445,2002-Nov,0.10738888888888454,0.10738888888888454
30.800967741935484,-14.105,123.5356924,2002-12-01,BRS05,NOAA,29.68694444444445,2002-Dec,1.114023297491034,1.2214121863799186
30.15225806451613,-14.105,123.5356924,2003-01-01,BRS05,NOAA,29.68694444444445,2003-Jan,0.4653136200716794,1.686725806451598
30.124642857142856,-14.105,123.5356924,2003-02-01,BRS05,NOAA,29.68694444444445,2003-Feb,0.43769841269840626,2.1244242191500042
29.398709677419355,-14.105,123.5356924,2003-03-01,BRS05,NOAA,29.68694444444445,2003-Mar,-0.2882347670250951,0
29.93166666666667,-14.105,123.5356924,2003-04-01,BRS05,NOAA,29.68694444444445,2003-Apr,0.24472222222221873,0.24472222222221873
28.84774193548387,-14.105,123.5356924,2003-05-01,BRS05,NOAA,29.68694444444445,2003-May,-0.8392025089605788,0
27.796666666666667,-14.105,123.5356924,2003-06-01,BRS05,NOAA,29.68694444444445,2003-Jun,-1.8902777777777828,0
27.01322580645161,-14.105,123.5356924,2003-07-01,BRS05,NOAA,29.68694444444445,2003-Jul,-2.673718637992838,0
26.698387096774194,-14.105,123.5356924,2003-08-01,BRS05,NOAA,29.68694444444445,2003-Aug,-2.9885573476702554,0
26.972333333333335,-14.105,123.5356924,2003-09-01,BRS05,NOAA,29.68694444444445,2003-Sep,-2.7146111111111146,0
27.675483870967742,-14.105,123.5356924,2003-10-01,BRS05,NOAA,29.68694444444445,2003-Oct,-2.0114605734767075,0
29.200666666666667,-14.105,123.5356924,2003-11-01,BRS05,NOAA,29.68694444444445,2003-Nov,-0.4862777777777829,0
30.031290322580645,-14.105,123.5356924,2003-12-01,BRS05,NOAA,29.68694444444445,2003-Dec,0.34434587813619544,0.34434587813619544
29.29064516129032,-14.105,123.5356924,2004-01-01,BRS05,NOAA,29.68694444444445,2004-Jan,-0.39629928315412855,0
28.93689655172414,-14.105,123.5356924,2004-02-01,BRS05,NOAA,29.68694444444445,2004-Feb,-0.7500478927203105,0
29.061612903225807,-14.105,123.5356924,2004-03-01,BRS05,NOAA,29.68694444444445,2004-Mar,-0.6253315412186424,0
29.398333333333333,-14.105,123.5356924,2004-04-01,BRS05,NOAA,29.68694444444445,2004-Apr,-0.28861111111111626,0
29.074193548387097,-14.105,123.5356924,2004-05-01,BRS05,NOAA,29.68694444444445,2004-May,-0.6127508960573529,0
27.761333333333333,-14.105,123.5356924,2004-06-01,BRS05,NOAA,29.68694444444445,2004-Jun,-1.9256111111111167,0
26.493870967741934,-14.105,123.5356924,2004-07-01,BRS05,NOAA,29.68694444444445,2004-Jul,-3.1930734767025157,0
26.429354838709678,-14.105,123.5356924,2004-08-01,BRS05,NOAA,29.68694444444445,2004-Aug,-3.257589605734772,0
26.884333333333334,-14.105,123.5356924,2004-09-01,BRS05,NOAA,29.68694444444445,2004-Sep,-2.8026111111111156,0
28.16483870967742,-14.105,123.5356924,2004-10-01,BRS05,NOAA,29.68694444444445,2004-Oct,-1.522105734767031,0
29.761,-14.105,123.5356924,2004-11-01,BRS05,NOAA,29.68694444444445,2004-Nov,0.07405555555554955,0.07405555555554955
30.270967741935483,-14.105,123.5356924,2004-12-01,BRS05,NOAA,29.68694444444445,2004-Dec,0.5840232974910329,0.6580788530465824
29.548709677419353,-14.105,123.5356924,2005-01-01,BRS05,NOAA,29.68694444444445,2005-Jan,-0.13823476702509652,0
29.736428571428572,-14.105,123.5356924,2005-02-01,BRS05,NOAA,29.68694444444445,2005-Feb,0.04948412698412241,0.04948412698412241
30.212258064516128,-14.105,123.5356924,2005-03-01,BRS05,NOAA,29.68694444444445,2005-Mar,0.5253136200716781,0.5747977470558006
30.457333333333334,-14.105,123.5356924,2005-04-01,BRS05,NOAA,29.68694444444445,2005-Apr,0.7703888888888848,1.3451866359446853
29.565483870967743,-14.105,123.5356924,2005-05-01,BRS05,NOAA,29.68694444444445,2005-May,-0.12146057347670691,0
27.967,-14.105,123.5356924,2005-06-01,BRS05,NOAA,29.68694444444445,2005-Jun,-1.719944444444451,0
27.181612903225805,-14.105,123.5356924,2005-07-01,BRS05,NOAA,29.68694444444445,2005-Jul,-2.505331541218645,0
26.816451612903226,-14.105,123.5356924,2005-08-01,BRS05,NOAA,29.68694444444445,2005-Aug,-2.870492831541224,0
27.402,-14.105,123.5356924,2005-09-01,BRS05,NOAA,29.68694444444445,2005-Sep,-2.2849444444444487,0
28.34774193548387,-14.105,123.5356924,2005-10-01,BRS05,NOAA,29.68694444444445,2005-Oct,-1.3392025089605788,0
29.358666666666668,-14.105,123.5356924,2005-11-01,BRS05,NOAA,29.68694444444445,2005-Nov,-0.32827777777778167,0
30.574193548387097,-14.105,123.5356924,2005-12-01,BRS05,NOAA,29.68694444444445,2005-Dec,0.8872491039426471,0.8872491039426471
29.239354838709676,-14.105,123.5356924,2006-01-01,BRS05,NOAA,29.68694444444445,2006-Jan,-0.44758960573477324,0
29.15642857142857,-14.105,123.5356924,2006-02-01,BRS05,NOAA,29.68694444444445,2006-Feb,-0.5305158730158794,0
29.342903225806452,-14.105,123.5356924,2006-03-01,BRS05,NOAA,29.68694444444445,2006-Mar,-0.3440412186379973,0
29.480666666666668,-14.105,123.5356924,2006-04-01,BRS05,NOAA,29.68694444444445,2006-Apr,-0.20627777777778178,0
28.41709677419355,-14.105,123.5356924,2006-05-01,BRS05,NOAA,29.68694444444445,2006-May,-1.2698476702509005,0
27.031666666666666,-14.105,123.5356924,2006-06-01,BRS05,NOAA,29.68694444444445,2006-Jun,-2.6552777777777834,0
25.82548387096774,-14.105,123.5356924,2006-07-01,BRS05,NOAA,29.68694444444445,2006-Jul,-3.861460573476709,0
25.59516129032258,-14.105,123.5356924,2006-08-01,BRS05,NOAA,29.68694444444445,2006-Aug,-4.09178315412187,0
26.597,-14.105,123.5356924,2006-09-01,BRS05,NOAA,29.68694444444445,2006-Sep,-3.0899444444444484,0
28.551935483870967,-14.105,123.5356924,2006-10-01,BRS05,NOAA,29.68694444444445,2006-Oct,-1.135008960573483,0
30.039,-14.105,123.5356924,2006-11-01,BRS05,NOAA,29.68694444444445,2006-Nov,0.3520555555555518,0.3520555555555518
30.543225806451613,-14.105,123.5356924,2006-12-01,BRS05,NOAA,29.68694444444445,2006-Dec,0.856281362007163,1.2083369175627148
29.466774193548385,-14.105,123.5356924,2007-01-01,BRS05,NOAA,29.68694444444445,2007-Jan,-0.22017025089606435,0
30.237857142857145,-14.105,123.5356924,2007-02-01,BRS05,NOAA,29.68694444444445,2007-Feb,0.5509126984126951,0.5509126984126951
29.38935483870968,-14.105,123.5356924,2007-03-01,BRS05,NOAA,29.68694444444445,2007-Mar,-0.2975896057347711,0
29.552,-14.105,123.5356924,2007-04-01,BRS05,NOAA,29.68694444444445,2007-Apr,-0.13494444444445008,0
29.55032258064516,-14.105,123.5356924,2007-05-01,BRS05,NOAA,29.68694444444445,2007-May,-0.13662186379928798,0
27.927,-14.105,123.5356924,2007-06-01,BRS05,NOAA,29.68694444444445,2007-Jun,-1.75994444444445,0
26.578387096774193,-14.105,123.5356924,2007-07-01,BRS05,NOAA,29.68694444444445,2007-Jul,-3.1085573476702564,0
26.030322580645162,-14.105,123.5356924,2007-08-01,BRS05,NOAA,29.68694444444445,2007-Aug,-3.6566218637992876,0
26.904666666666667,-14.105,123.5356924,2007-09-01,BRS05,NOAA,29.68694444444445,2007-Sep,-2.7822777777777823,0
28.226774193548387,-14.105,123.5356924,2007-10-01,BRS05,NOAA,29.68694444444445,2007-Oct,-1.4601702508960628,0
29.248666666666665,-14.105,123.5356924,2007-11-01,BRS05,NOAA,29.68694444444445,2007-Nov,-0.43827777777778465,0
30.34,-14.105,123.5356924,2007-12-01,BRS05,NOAA,29.68694444444445,2007-Dec,0.6530555555555502,0.6530555555555502
29.44,-14.105,123.5356924,2008-01-01,BRS05,NOAA,29.68694444444445,2008-Jan,-0.2469444444444484,0
29.458275862068966,-14.105,123.5356924,2008-02-01,BRS05,NOAA,29.68694444444445,2008-Feb,-0.2286685823754837,0
29.62258064516129,-14.105,123.5356924,2008-03-01,BRS05,NOAA,29.68694444444445,2008-Mar,-0.06436379928316072,0
29.892666666666667,-14.105,123.5356924,2008-04-01,BRS05,NOAA,29.68694444444445,2008-Apr,0.20572222222221725,0.20572222222221725
28.741290322580646,-14.105,123.5356924,2008-05-01,BRS05,NOAA,29.68694444444445,2008-May,-0.9456541218638037,0
27.438666666666666,-14.105,123.5356924,2008-06-01,BRS05,NOAA,29.68694444444445,2008-Jun,-2.2482777777777834,0
26.410967741935483,-14.105,123.5356924,2008-07-01,BRS05,NOAA,29.68694444444445,2008-Jul,-3.2759767025089666,0
26.045483870967743,-14.105,123.5356924,2008-08-01,BRS05,NOAA,29.68694444444445,2008-Aug,-3.6414605734767065,0
27.235333333333333,-14.105,123.5356924,2008-09-01,BRS05,NOAA,29.68694444444445,2008-Sep,-2.4516111111111165,0
28.68774193548387,-14.105,123.5356924,2008-10-01,BRS05,NOAA,29.68694444444445,2008-Oct,-0.9992025089605789,0
30.255,-14.105,123.5356924,2008-11-01,BRS05,NOAA,29.68694444444445,2008-Nov,0.5680555555555493,0.5680555555555493
30.00193548387097,-14.105,123.5356924,2008-12-01,BRS05,NOAA,29.68694444444445,2008-Dec,0.31499103942651985,0.8830465949820692
29.67322580645161,-14.105,123.5356924,2009-01-01,BRS05,NOAA,29.68694444444445,2009-Jan,-0.013718637992838012,0
28.95285714285714,-14.105,123.5356924,2009-02-01,BRS05,NOAA,29.68694444444445,2009-Feb,-0.7340873015873086,0
29.946129032258064,-14.105,123.5356924,2009-03-01,BRS05,NOAA,29.68694444444445,2009-Mar,0.2591845878136141,0.2591845878136141
30.594333333333335,-14.105,123.5356924,2009-04-01,BRS05,NOAA,29.68694444444445,2009-Apr,0.9073888888888852,1.1665734767024993
29.096774193548388,-14.105,123.5356924,2009-05-01,BRS05,NOAA,29.68694444444445,2009-May,-0.5901702508960618,0
28.427333333333333,-14.105,123.5356924,2009-06-01,BRS05,NOAA,29.68694444444445,2009-Jun,-1.2596111111111163,0
27.733225806451614,-14.105,123.5356924,2009-07-01,BRS05,NOAA,29.68694444444445,2009-Jul,-1.9537186379928357,0
27.141290322580645,-14.105,123.5356924,2009-08-01,BRS05,NOAA,29.68694444444445,2009-Aug,-2.545654121863805,0
27.917666666666666,-14.105,123.5356924,2009-09-01,BRS05,NOAA,29.68694444444445,2009-Sep,-1.7692777777777842,0
28.871290322580645,-14.105,123.5356924,2009-10-01,BRS05,NOAA,29.68694444444445,2009-Oct,-0.8156541218638047,0
30.108,-14.105,123.5356924,2009-11-01,BRS05,NOAA,29.68694444444445,2009-Nov,0.42105555555555085,0.42105555555555085
29.81741935483871,-14.105,123.5356924,2009-12-01,BRS05,NOAA,29.68694444444445,2009-Dec,0.13047491039425907,0.5515304659498099
29.483225806451614,-14.105,123.5356924,2010-01-01,BRS05,NOAA,29.68694444444445,2010-Jan,-0.20371863799283574,0
29.710714285714285,-14.105,123.5356924,2010-02-01,BRS05,NOAA,29.68694444444445,2010-Feb,0.023769841269835723,0.023769841269835723
30.668709677419354,-14.105,123.5356924,2010-03-01,BRS05,NOAA,29.68694444444445,2010-Mar,0.9817652329749045,1.0055350742447402
30.43733333333333,-14.105,123.5356924,2010-04-01,BRS05,NOAA,29.68694444444445,2010-Apr,0.7503888888888817,1.7559239631336219
29.462903225806453,-14.105,123.5356924,2010-05-01,BRS05,NOAA,29.68694444444445,2010-May,-0.2240412186379963,0
28.187333333333335,-14.105,123.5356924,2010-06-01,BRS05,NOAA,29.68694444444445,2010-Jun,-1.4996111111111148,0
27.43935483870968,-14.105,123.5356924,2010-07-01,BRS05,NOAA,29.68694444444445,2010-Jul,-2.2475896057347704,0
27.314516129032256,-14.105,123.5356924,2010-08-01,BRS05,NOAA,29.68694444444445,2010-Aug,-2.3724283154121935,0
28.216333333333335,-14.105,123.5356924,2010-09-01,BRS05,NOAA,29.68694444444445,2010-Sep,-1.4706111111111149,0
29.287096774193547,-14.105,123.5356924,2010-10-01,BRS05,NOAA,29.68694444444445,2010-Oct,-0.39984767025090306,0
29.780666666666665,-14.105,123.5356924,2010-11-01,BRS05,NOAA,29.68694444444445,2010-Nov,0.09372222222221538,0.09372222222221538
30.549032258064518,-14.105,123.5356924,2010-12-01,BRS05,NOAA,29.68694444444445,2010-Dec,0.862087813620068,0.9558100358422834
29.14677419354839,-14.105,123.5356924,2011-01-01,BRS05,NOAA,29.68694444444445,2011-Jan,-0.5401702508960611,0
28.81142857142857,-14.105,123.5356924,2011-02-01,BRS05,NOAA,29.68694444444445,2011-Feb,-0.8755158730158783,0
28.83,-14.105,123.5356924,2011-03-01,BRS05,NOAA,29.68694444444445,2011-Mar,-0.8569444444444514,0
28.810666666666666,-14.105,123.5356924,2011-04-01,BRS05,NOAA,29.68694444444445,2011-Apr,-0.8762777777777835,0
27.856129032258064,-14.105,123.5356924,2011-05-01,BRS05,NOAA,29.68694444444445,2011-May,-1.8308154121863858,0
26.582666666666668,-14.105,123.5356924,2011-06-01,BRS05,NOAA,29.68694444444445,2011-Jun,-3.1042777777777815,0
26.078709677419354,-14.105,123.5356924,2011-07-01,BRS05,NOAA,29.68694444444445,2011-Jul,-3.6082347670250954,0
25.920967741935485,-14.105,123.5356924,2011-08-01,BRS05,NOAA,29.68694444444445,2011-Aug,-3.765976702508965,0
26.318,-14.105,123.5356924,2011-09-01,BRS05,NOAA,29.68694444444445,2011-Sep,-3.3689444444444483,0
27.642258064516128,-14.105,123.5356924,2011-10-01,BRS05,NOAA,29.68694444444445,2011-Oct,-2.044686379928322,0
29.624666666666666,-14.105,123.5356924,2011-11-01,BRS05,NOAA,29.68694444444445,2011-Nov,-0.06227777777778343,0
30.37451612903226,-14.105,123.5356924,2011-12-01,BRS05,NOAA,29.68694444444445,2011-Dec,0.6875716845878088,0.6875716845878088
30.22,-14.105,123.5356924,2012-01-01,BRS05,NOAA,29.68694444444445,2012-Jan,0.5330555555555492,1.220627240143358
29.814482758620688,-14.105,123.5356924,2012-02-01,BRS05,NOAA,29.68694444444445,2012-Feb,0.1275383141762383,1.3481655543195963
29.259999999999998,-14.105,123.5356924,2012-03-01,BRS05,NOAA,29.68694444444445,2012-Mar,-0.4269444444444517,0
29.622,-14.105,123.5356924,2012-04-01,BRS05,NOAA,29.68694444444445,2012-Apr,-0.0649444444444498,0
28.151935483870968,-14.105,123.5356924,2012-05-01,BRS05,NOAA,29.68694444444445,2012-May,-1.5350089605734816,0
26.645333333333333,-14.105,123.5356924,2012-06-01,BRS05,NOAA,29.68694444444445,2012-Jun,-3.0416111111111164,0
25.82709677419355,-14.105,123.5356924,2012-07-01,BRS05,NOAA,29.68694444444445,2012-Jul,-3.8598476702509004,0
25.456451612903226,-14.105,123.5356924,2012-08-01,BRS05,NOAA,29.68694444444445,2012-Aug,-4.230492831541223,0
27.087,-14.105,123.5356924,2012-09-01,BRS05,NOAA,29.68694444444445,2012-Sep,-2.59994444444445,0
29.06225806451613,-14.105,123.5356924,2012-10-01,BRS05,NOAA,29.68694444444445,2012-Oct,-0.6246863799283204,0
30.661333333333335,-14.105,123.5356924,2012-11-01,BRS05,NOAA,29.68694444444445,2012-Nov,0.9743888888888854,0.9743888888888854
31.017096774193547,-14.105,123.5356924,2012-12-01,BRS05,NOAA,29.68694444444445,2012-Dec,1.3301523297490974,2.304541218637983
30.150645161290324,-14.105,123.5356924,2013-01-01,BRS05,NOAA,29.68694444444445,2013-Jan,0.46370071684587444,2.768241935483857
30.389285714285712,-14.105,123.5356924,2013-02-01,BRS05,NOAA,29.68694444444445,2013-Feb,0.7023412698412628,3.47058320532512
30.170967741935485,-14.105,123.5356924,2013-03-01,BRS05,NOAA,29.68694444444445,2013-Mar,0.484023297491035,3.954606502816155
30.216333333333335,-14.105,123.5356924,2013-04-01,BRS05,NOAA,29.68694444444445,2013-Apr,0.5293888888888851,4.48399539170504
29.78516129032258,-14.105,123.5356924,2013-05-01,BRS05,NOAA,29.68694444444445,2013-May,0.09821684587813095,4.582212237583171
28.36466666666667,-14.105,123.5356924,2013-06-01,BRS05,NOAA,29.68694444444445,2013-Jun,-1.3222777777777814,0
27.416451612903227,-14.105,123.5356924,2013-07-01,BRS05,NOAA,29.68694444444445,2013-Jul,-2.2704928315412225,0
26.998064516129034,-14.105,123.5356924,2013-08-01,BRS05,NOAA,29.68694444444445,2013-Aug,-2.6888799283154157,0
27.581,-14.105,123.5356924,2013-09-01,BRS05,NOAA,29.68694444444445,2013-Sep,-2.10594444444445,0
28.72,-14.105,123.5356924,2013-10-01,BRS05,NOAA,29.68694444444445,2013-Oct,-0.9669444444444508,0
29.795666666666666,-14.105,123.5356924,2013-11-01,BRS05,NOAA,29.68694444444445,2013-Nov,0.10872222222221595,0.10872222222221595
30.02193548387097,-14.105,123.5356924,2013-12-01,BRS05,NOAA,29.68694444444445,2013-Dec,0.3349910394265194,0.44371326164873537
29.358709677419355,-14.105,123.5356924,2014-01-01,BRS05,NOAA,29.68694444444445,2014-Jan,-0.32823476702509424,0
28.901071428571427,-14.105,123.5356924,2014-02-01,BRS05,NOAA,29.68694444444445,2014-Feb,-0.7858730158730225,0
30.350645161290323,-14.105,123.5356924,2014-03-01,BRS05,NOAA,29.68694444444445,2014-Mar,0.6637007168458737,0.6637007168458737
30.689333333333334,-14.105,123.5356924,2014-04-01,BRS05,NOAA,29.68694444444445,2014-Apr,1.0023888888888841,1.6660896057347578
29.838709677419356,-14.105,123.5356924,2014-05-01,BRS05,NOAA,29.68694444444445,2014-May,0.15176523297490618,1.817854838709664
28.256666666666668,-14.105,123.5356924,2014-06-01,BRS05,NOAA,29.68694444444445,2014-Jun,-1.430277777777782,0
27.032258064516128,-14.105,123.5356924,2014-07-01,BRS05,NOAA,29.68694444444445,2014-Jul,-2.6546863799283216,0
26.460322580645162,-14.105,123.5356924,2014-08-01,BRS05,NOAA,29.68694444444445,2014-Aug,-3.226621863799288,0
27.153,-14.105,123.5356924,2014-09-01,BRS05,NOAA,29.68694444444445,2014-Sep,-2.533944444444451,0
28.455806451612904,-14.105,123.5356924,2014-10-01,BRS05,NOAA,29.68694444444445,2014-Oct,-1.2311379928315453,0
30.235666666666667,-14.105,123.5356924,2014-11-01,BRS05,NOAA,29.68694444444445,2014-Nov,0.5487222222222172,0.5487222222222172
30.53,-14.105,123.5356924,2014-12-01,BRS05,NOAA,29.68694444444445,2014-Dec,0.8430555555555515,1.3917777777777687
29.420322580645163,-14.105,123.5356924,2015-01-01,BRS05,NOAA,29.68694444444445,2015-Jan,-0.266621863799287,0
29.820357142857144,-14.105,123.5356924,2015-02-01,BRS05,NOAA,29.68694444444445,2015-Feb,0.13341269841269465,0.13341269841269465
30.04774193548387,-14.105,123.5356924,2015-03-01,BRS05,NOAA,29.68694444444445,2015-Mar,0.3607974910394205,0.49421018945211515
30.226,-14.105,123.5356924,2015-04-01,BRS05,NOAA,29.68694444444445,2015-Apr,0.5390555555555494,1.0332657450076645
28.808387096774194,-14.105,123.5356924,2015-05-01,BRS05,NOAA,29.68694444444445,2015-May,-0.878557347670256,0
27.924333333333333,-14.105,123.5356924,2015-06-01,BRS05,NOAA,29.68694444444445,2015-Jun,-1.7626111111111165,0
27.045806451612904,-14.105,123.5356924,2015-07-01,BRS05,NOAA,29.68694444444445,2015-Jul,-2.6411379928315455,0
26.706129032258065,-14.105,123.5356924,2015-08-01,BRS05,NOAA,29.68694444444445,2015-Aug,-2.9808154121863843,0
27.369333333333334,-14.105,123.5356924,2015-09-01,BRS05,NOAA,29.68694444444445,2015-Sep,-2.317611111111116,0
28.89516129032258,-14.105,123.5356924,2015-10-01,BRS05,NOAA,29.68694444444445,2015-Oct,-0.7917831541218696,0
30.456,-14.105,123.5356924,2015-11-01,BRS05,NOAA,29.68694444444445,2015-Nov,0.7690555555555498,0.7690555555555498
30.36258064516129,-14.105,123.5356924,2015-12-01,BRS05,NOAA,29.68694444444445,2015-Dec,0.6756362007168413,1.444691756272391
30.19483870967742,-14.105,123.5356924,2016-01-01,BRS05,NOAA,29.68694444444445,2016-Jan,0.5078942652329701,1.9525860215053612
30.080344827586206,-14.105,123.5356924,2016-02-01,BRS05,NOAA,29.68694444444445,2016-Feb,0.3934003831417563,2.3459864046471175
31.00032258064516,-14.105,123.5356924,2016-03-01,BRS05,NOAA,29.68694444444445,2016-Mar,1.3133781362007113,3.659364540847829
31.295666666666666,-14.105,123.5356924,2016-04-01,BRS05,NOAA,29.68694444444445,2016-Apr,1.608722222222216,5.268086763070045
30.206451612903226,-14.105,123.5356924,2016-05-01,BRS05,NOAA,29.68694444444445,2016-May,0.5195071684587766,5.787593931528821
29.536,-14.105,123.5356924,2016-06-01,BRS05,NOAA,29.68694444444445,2016-Jun,-0.15094444444444832,0
28.418387096774193,-14.105,123.5356924,2016-07-01,BRS05,NOAA,29.68694444444445,2016-Jul,-1.2685573476702565,0
27.822580645161292,-14.105,123.5356924,2016-08-01,BRS05,NOAA,29.68694444444445,2016-Aug,-1.8643637992831579,0
28.517,-14.105,123.5356924,2016-09-01,BRS05,NOAA,29.68694444444445,2016-Sep,-1.1699444444444502,0
29.79,-14.105,123.5356924,2016-10-01,BRS05,NOAA,29.68694444444445,2016-Oct,0.10305555555554946,0.10305555555554946
30.495333333333335,-14.105,123.5356924,2016-11-01,BRS05,NOAA,29.68694444444445,2016-Nov,0.808388888888885,0.9114444444444345
30.508709677419354,-14.105,123.5356924,2016-12-01,BRS05,NOAA,29.68694444444445,2016-Dec,0.8217652329749043,1.7332096774193388
29.410967741935483,-14.105,123.5356924,2017-01-01,BRS05,NOAA,29.68694444444445,2017-Jan,-0.27597670250896655,0
29.159642857142856,-14.105,123.5356924,2017-02-01,BRS05,NOAA,29.68694444444445,2017-Feb,-0.5273015873015936,0
29.90451612903226,-14.105,123.5356924,2017-03-01,BRS05,NOAA,29.68694444444445,2017-Mar,0.21757168458780995,0.21757168458780995
29.878666666666668,-14.105,123.5356924,2017-04-01,BRS05,NOAA,29.68694444444445,2017-Apr,0.1917222222222179,0.40929390681002786
28.871935483870967,-14.105,123.5356924,2017-05-01,BRS05,NOAA,29.68694444444445,2017-May,-0.8150089605734827,0
27.678,-14.105,123.5356924,2017-06-01,BRS05,NOAA,29.68694444444445,2017-Jun,-2.008944444444449,0
27.313225806451612,-14.105,123.5356924,2017-07-01,BRS05,NOAA,29.68694444444445,2017-Jul,-2.3737186379928374,0
27.217096774193546,-14.105,123.5356924,2017-08-01,BRS05,NOAA,29.68694444444445,2017-Aug,-2.4698476702509033,0
27.509666666666668,-14.105,123.5356924,2017-09-01,BRS05,NOAA,29.68694444444445,2017-Sep,-2.177277777777782,0
28.68774193548387,-14.105,123.5356924,2017-10-01,BRS05,NOAA,29.68694444444445,2017-Oct,-0.9992025089605789,0
30.187,-14.105,123.5356924,2017-11-01,BRS05,NOAA,29.68694444444445,2017-Nov,0.5000555555555515,0.5000555555555515
30.95774193548387,-14.105,123.5356924,2017-12-01,BRS05,NOAA,29.68694444444445,2017-Dec,1.2707974910394206,1.7708530465949721
30.260967741935485,-14.105,123.5356924,2018-01-01,BRS05,NOAA,29.68694444444445,2018-Jan,0.5740232974910349,2.344876344086007
29.302142857142858,-14.105,123.5356924,2018-02-01,BRS05,NOAA,29.68694444444445,2018-Feb,-0.38480158730159175,0
30.036451612903225,-14.105,123.5356924,2018-03-01,BRS05,NOAA,29.68694444444445,2018-Mar,0.34950716845877494,0.34950716845877494
30.676666666666666,-14.105,123.5356924,2018-04-01,BRS05,NOAA,29.68694444444445,2018-Apr,0.9897222222222162,1.3392293906809911
29.31838709677419,-14.105,123.5356924,2018-05-01,BRS05,NOAA,29.68694444444445,2018-May,-0.36855734767025794,0
27.786666666666665,-14.105,123.5356924,2018-06-01,BRS05,NOAA,29.68694444444445,2018-Jun,-1.9002777777777844,0
27.008064516129032,-14.105,123.5356924,2018-07-01,BRS05,NOAA,29.68694444444445,2018-Jul,-2.6788799283154177,0
26.49225806451613,-14.105,123.5356924,2018-08-01,BRS05,NOAA,29.68694444444445,2018-Aug,-3.1946863799283207,0
27.217,-14.105,123.5356924,2018-09-01,BRS05,NOAA,29.68694444444445,2018-Sep,-2.469944444444451,0
28.50741935483871,-14.105,123.5356924,2018-10-01,BRS05,NOAA,29.68694444444445,2018-Oct,-1.1795250896057397,0
29.273,-14.105,123.5356924,2018-11-01,BRS05,NOAA,29.68694444444445,2018-Nov,-0.41394444444445,0
28.945806451612903,-14.105,123.5356924,2018-12-01,BRS05,NOAA,29.68694444444445,2018-Dec,-0.7411379928315469,0
29.405806451612904,-14.105,123.5356924,2019-01-01,BRS05,NOAA,29.68694444444445,2019-Jan,-0.28113799283154606,0
29.497142857142858,-14.105,123.5356924,2019-02-01,BRS05,NOAA,29.68694444444445,2019-Feb,-0.18980158730159147,0
30.29032258064516,-14.105,123.5356924,2019-03-01,BRS05,NOAA,29.68694444444445,2019-Mar,0.6033781362007105,0.6033781362007105
29.912,-14.105,123.5356924,2019-04-01,BRS05,NOAA,29.68694444444445,2019-Apr,0.22505555555554935,0.8284336917562598
28.943870967741937,-14.105,123.5356924,2019-05-01,BRS05,NOAA,29.68694444444445,2019-May,-0.7430734767025129,0
27.626,-14.105,123.5356924,2019-06-01,BRS05,NOAA,29.68694444444445,2019-Jun,-2.0609444444444485,0
26.793225806451613,-14.105,123.5356924,2019-07-01,BRS05,NOAA,29.68694444444445,2019-Jul,-2.893718637992837,0
26.47741935483871,-14.105,123.5356924,2019-08-01,BRS05,NOAA,29.68694444444445,2019-Aug,-3.209525089605741,0
26.796333333333333,-14.105,123.5356924,2019-09-01,BRS05,NOAA,29.68694444444445,2019-Sep,-2.8906111111111166,0
28.4,-14.105,123.5356924,2019-10-01,BRS05,NOAA,29.68694444444445,2019-Oct,-1.286944444444451,0
29.520333333333333,-14.105,123.5356924,2019-11-01,BRS05,NOAA,29.68694444444445,2019-Nov,-0.16661111111111637,0
30.87677419354839,-14.105,123.5356924,2019-12-01,BRS05,NOAA,29.68694444444445,2019-Dec,1.1898297491039393,1.1898297491039393
29.72225806451613,-14.105,123.5356924,2020-01-01,BRS05,NOAA,29.68694444444445,2020-Jan,0.03531362007167971,1.225143369175619
29.778965517241378,-14.105,123.5356924,2020-02-01,BRS05,NOAA,29.68694444444445,2020-Feb,0.0920210727969284,1.3171644419725475
30.401612903225807,-14.105,123.5356924,2020-03-01,BRS05,NOAA,29.68694444444445,2020-Mar,0.7146684587813574,2.031832900753905
30.776333333333334,-14.105,123.5356924,2020-04-01,BRS05,NOAA,29.68694444444445,2020-Apr,1.0893888888888839,3.1212217896427887
29.252903225806453,-14.105,123.5356924,2020-05-01,BRS05,NOAA,29.68694444444445,2020-May,-0.43404121863799716,0
27.881333333333334,-14.105,123.5356924,2020-06-01,BRS05,NOAA,29.68694444444445,2020-Jun,-1.8056111111111157,0
27.210322580645162,-14.105,123.5356924,2020-07-01,BRS05,NOAA,29.68694444444445,2020-Jul,-2.476621863799288,0
26.961290322580645,-14.105,123.5356924,2020-08-01,BRS05,NOAA,29.68694444444445,2020-Aug,-2.725654121863805,0
28.121666666666666,-14.105,123.5356924,2020-09-01,BRS05,NOAA,29.68694444444445,2020-Sep,-1.5652777777777835,0
28.780645161290323,-14.105,123.5356924,2020-10-01,BRS05,NOAA,29.68694444444445,2020-Oct,-0.9062992831541266,0
30.049666666666667,-14.105,123.5356924,2020-11-01,BRS05,NOAA,29.68694444444445,2020-Nov,0.3627222222222173,0.3627222222222173
30.047096774193548,-14.105,123.5356924,2020-12-01,BRS05,NOAA,29.68694444444445,2020-Dec,0.3601523297490985,0.7228745519713158
30.34193548387097,-14.105,123.5356924,2021-01-01,BRS05,NOAA,29.68694444444445,2021-Jan,0.6549910394265197,1.3778655913978355
29.7175,-14.105,123.5356924,2021-02-01,BRS05,NOAA,29.68694444444445,2021-Feb,0.03055555555555145,1.408421146953387
30.017419354838708,-14.105,123.5356924,2021-03-01,BRS05,NOAA,29.68694444444445,2021-Mar,0.33047491039425836,1.7388960573476453
29.515333333333334,-14.105,123.5356924,2021-04-01,BRS05,NOAA,29.68694444444445,2021-Apr,-0.17161111111111538,0
29.00741935483871,-14.105,123.5356924,2021-05-01,BRS05,NOAA,29.68694444444445,2021-May,-0.6795250896057397,0
28.53,-14.105,123.5356924,2021-06-01,BRS05,NOAA,29.68694444444445,2021-Jun,-1.1569444444444485,0
