sst_monthly,Latitude,Longitude,monthly_date,Reef_Site,Data_Type,mmm_from_sst,date,anomaly,SCOTTSL1_DHM
29.38346153846154,-14.0793,121.948,1985-01-01,SCOTTSL1,NOAA,29.778587675765095,1985-Jan,-0.3951261373035564,0
29.508928571428573,-14.0793,121.948,1985-02-01,SCOTTSL1,NOAA,29.778587675765095,1985-Feb,-0.2696591043365224,0
29.00548387096774,-14.0793,121.948,1985-03-01,SCOTTSL1,NOAA,29.778587675765095,1985-Mar,-0.7731038047973549,0
29.593333333333334,-14.0793,121.948,1985-04-01,SCOTTSL1,NOAA,29.778587675765095,1985-Apr,-0.18525434243176164,0
29.634193548387096,-14.0793,121.948,1985-05-01,SCOTTSL1,NOAA,29.778587675765095,1985-May,-0.14439412737799984,0
28.259333333333334,-14.0793,121.948,1985-06-01,SCOTTSL1,NOAA,29.778587675765095,1985-Jun,-1.5192543424317613,0
26.633870967741935,-14.0793,121.948,1985-07-01,SCOTTSL1,NOAA,29.778587675765095,1985-Jul,-3.144716708023161,0
25.94322580645161,-14.0793,121.948,1985-08-01,SCOTTSL1,NOAA,29.778587675765095,1985-Aug,-3.835361869313484,0
27.183666666666667,-14.0793,121.948,1985-09-01,SCOTTSL1,NOAA,29.778587675765095,1985-Sep,-2.594921009098428,0
27.886774193548387,-14.0793,121.948,1985-10-01,SCOTTSL1,NOAA,29.778587675765095,1985-Oct,-1.8918134822167083,0
28.720666666666666,-14.0793,121.948,1985-11-01,SCOTTSL1,NOAA,29.778587675765095,1985-Nov,-1.057921009098429,0
28.79193548387097,-14.0793,121.948,1985-12-01,SCOTTSL1,NOAA,29.778587675765095,1985-Dec,-0.9866521918941267,0
30.093548387096774,-14.0793,121.948,1986-01-01,SCOTTSL1,NOAA,29.778587675765095,1986-Jan,0.314960711331679,0.314960711331679
29.754285714285714,-14.0793,121.948,1986-02-01,SCOTTSL1,NOAA,29.778587675765095,1986-Feb,-0.024301961479380907,0
30.016451612903225,-14.0793,121.948,1986-03-01,SCOTTSL1,NOAA,29.778587675765095,1986-Mar,0.2378639371381297,0.2378639371381297
30.255666666666666,-14.0793,121.948,1986-04-01,SCOTTSL1,NOAA,29.778587675765095,1986-Apr,0.47707899090157113,0.7149429280397008
29.42225806451613,-14.0793,121.948,1986-05-01,SCOTTSL1,NOAA,29.778587675765095,1986-May,-0.35632961124896667,0
27.551666666666666,-14.0793,121.948,1986-06-01,SCOTTSL1,NOAA,29.778587675765095,1986-Jun,-2.2269210090984295,0
26.684838709677418,-14.0793,121.948,1986-07-01,SCOTTSL1,NOAA,29.778587675765095,1986-Jul,-3.093748966087677,0
25.539032258064516,-14.0793,121.948,1986-08-01,SCOTTSL1,NOAA,29.778587675765095,1986-Aug,-4.239555417700579,0
26.941666666666666,-14.0793,121.948,1986-09-01,SCOTTSL1,NOAA,29.778587675765095,1986-Sep,-2.836921009098429,0
27.081612903225807,-14.0793,121.948,1986-10-01,SCOTTSL1,NOAA,29.778587675765095,1986-Oct,-2.6969747725392885,0
28.950333333333333,-14.0793,121.948,1986-11-01,SCOTTSL1,NOAA,29.778587675765095,1986-Nov,-0.8282543424317623,0
29.601935483870967,-14.0793,121.948,1986-12-01,SCOTTSL1,NOAA,29.778587675765095,1986-Dec,-0.17665219189412795,0
29.980967741935483,-14.0793,121.948,1987-01-01,SCOTTSL1,NOAA,29.778587675765095,1987-Jan,0.20238006617038806,0.20238006617038806
27.984285714285715,-14.0793,121.948,1987-02-01,SCOTTSL1,NOAA,29.778587675765095,1987-Feb,-1.7943019614793805,0
29.11,-14.0793,121.948,1987-03-01,SCOTTSL1,NOAA,29.778587675765095,1987-Mar,-0.6685876757650959,0
28.933333333333334,-14.0793,121.948,1987-04-01,SCOTTSL1,NOAA,29.778587675765095,1987-Apr,-0.8452543424317618,0
28.70258064516129,-14.0793,121.948,1987-05-01,SCOTTSL1,NOAA,29.778587675765095,1987-May,-1.0760070306038045,0
28.250333333333334,-14.0793,121.948,1987-06-01,SCOTTSL1,NOAA,29.778587675765095,1987-Jun,-1.5282543424317616,0
26.88967741935484,-14.0793,121.948,1987-07-01,SCOTTSL1,NOAA,29.778587675765095,1987-Jul,-2.888910256410256,0
26.231612903225805,-14.0793,121.948,1987-08-01,SCOTTSL1,NOAA,29.778587675765095,1987-Aug,-3.54697477253929,0
26.49266666666667,-14.0793,121.948,1987-09-01,SCOTTSL1,NOAA,29.778587675765095,1987-Sep,-3.285921009098427,0
27.016774193548386,-14.0793,121.948,1987-10-01,SCOTTSL1,NOAA,29.778587675765095,1987-Oct,-2.7618134822167093,0
28.63533333333333,-14.0793,121.948,1987-11-01,SCOTTSL1,NOAA,29.778587675765095,1987-Nov,-1.1432543424317636,0
28.809032258064516,-14.0793,121.948,1987-12-01,SCOTTSL1,NOAA,29.778587675765095,1987-Dec,-0.9695554177005796,0
29.49032258064516,-14.0793,121.948,1988-01-01,SCOTTSL1,NOAA,29.778587675765095,1988-Jan,-0.2882650951199359,0
29.70551724137931,-14.0793,121.948,1988-02-01,SCOTTSL1,NOAA,29.778587675765095,1988-Feb,-0.07307043438578376,0
30.670645161290324,-14.0793,121.948,1988-03-01,SCOTTSL1,NOAA,29.778587675765095,1988-Mar,0.8920574855252283,0.8920574855252283
29.561666666666667,-14.0793,121.948,1988-04-01,SCOTTSL1,NOAA,29.778587675765095,1988-Apr,-0.21692100909842793,0
29.808709677419355,-14.0793,121.948,1988-05-01,SCOTTSL1,NOAA,29.778587675765095,1988-May,0.030122001654259378,0.030122001654259378
28.226666666666667,-14.0793,121.948,1988-06-01,SCOTTSL1,NOAA,29.778587675765095,1988-Jun,-1.5519210090984288,0
27.024516129032257,-14.0793,121.948,1988-07-01,SCOTTSL1,NOAA,29.778587675765095,1988-Jul,-2.7540715467328383,0
26.921935483870968,-14.0793,121.948,1988-08-01,SCOTTSL1,NOAA,29.778587675765095,1988-Aug,-2.8566521918941277,0
26.956333333333333,-14.0793,121.948,1988-09-01,SCOTTSL1,NOAA,29.778587675765095,1988-Sep,-2.822254342431762,0
29.620322580645162,-14.0793,121.948,1988-10-01,SCOTTSL1,NOAA,29.778587675765095,1988-Oct,-0.15826509511993336,0
29.666,-14.0793,121.948,1988-11-01,SCOTTSL1,NOAA,29.778587675765095,1988-Nov,-0.11258767576509499,0
28.675483870967742,-14.0793,121.948,1988-12-01,SCOTTSL1,NOAA,29.778587675765095,1988-Dec,-1.1031038047973531,0
30.19225806451613,-14.0793,121.948,1989-01-01,SCOTTSL1,NOAA,29.778587675765095,1989-Jan,0.4136703887510329,0.4136703887510329
30.360714285714284,-14.0793,121.948,1989-02-01,SCOTTSL1,NOAA,29.778587675765095,1989-Feb,0.5821266099491886,0.9957969987002215
28.803870967741936,-14.0793,121.948,1989-03-01,SCOTTSL1,NOAA,29.778587675765095,1989-Mar,-0.9747167080231591,0
29.628333333333334,-14.0793,121.948,1989-04-01,SCOTTSL1,NOAA,29.778587675765095,1989-Apr,-0.1502543424317615,0
28.72064516129032,-14.0793,121.948,1989-05-01,SCOTTSL1,NOAA,29.778587675765095,1989-May,-1.0579425144747745,0
28.23,-14.0793,121.948,1989-06-01,SCOTTSL1,NOAA,29.778587675765095,1989-Jun,-1.548587675765095,0
26.85451612903226,-14.0793,121.948,1989-07-01,SCOTTSL1,NOAA,29.778587675765095,1989-Jul,-2.9240715467328364,0
26.660645161290322,-14.0793,121.948,1989-08-01,SCOTTSL1,NOAA,29.778587675765095,1989-Aug,-3.117942514474773,0
27.407666666666668,-14.0793,121.948,1989-09-01,SCOTTSL1,NOAA,29.778587675765095,1989-Sep,-2.370921009098428,0
28.701612903225808,-14.0793,121.948,1989-10-01,SCOTTSL1,NOAA,29.778587675765095,1989-Oct,-1.0769747725392875,0
29.179666666666666,-14.0793,121.948,1989-11-01,SCOTTSL1,NOAA,29.778587675765095,1989-Nov,-0.5989210090984294,0
29.333870967741937,-14.0793,121.948,1989-12-01,SCOTTSL1,NOAA,29.778587675765095,1989-Dec,-0.444716708023158,0
29.530967741935484,-14.0793,121.948,1990-01-01,SCOTTSL1,NOAA,29.778587675765095,1990-Jan,-0.24761993382961123,0
29.721785714285716,-14.0793,121.948,1990-02-01,SCOTTSL1,NOAA,29.778587675765095,1990-Feb,-0.05680196147937977,0
29.881290322580647,-14.0793,121.948,1990-03-01,SCOTTSL1,NOAA,29.778587675765095,1990-Mar,0.10270264681555119,0.10270264681555119
30.499333333333333,-14.0793,121.948,1990-04-01,SCOTTSL1,NOAA,29.778587675765095,1990-Apr,0.7207456575682372,0.8234483043837884
29.038387096774194,-14.0793,121.948,1990-05-01,SCOTTSL1,NOAA,29.778587675765095,1990-May,-0.7402005789909012,0
27.563333333333333,-14.0793,121.948,1990-06-01,SCOTTSL1,NOAA,29.778587675765095,1990-Jun,-2.215254342431763,0
26.79064516129032,-14.0793,121.948,1990-07-01,SCOTTSL1,NOAA,29.778587675765095,1990-Jul,-2.987942514474774,0
26.670645161290324,-14.0793,121.948,1990-08-01,SCOTTSL1,NOAA,29.778587675765095,1990-Aug,-3.1079425144747717,0
27.426666666666666,-14.0793,121.948,1990-09-01,SCOTTSL1,NOAA,29.778587675765095,1990-Sep,-2.3519210090984295,0
28.516774193548386,-14.0793,121.948,1990-10-01,SCOTTSL1,NOAA,29.778587675765095,1990-Oct,-1.2618134822167093,0
31.397333333333332,-14.0793,121.948,1990-11-01,SCOTTSL1,NOAA,29.778587675765095,1990-Nov,1.6187456575682369,1.6187456575682369
30.12709677419355,-14.0793,121.948,1990-12-01,SCOTTSL1,NOAA,29.778587675765095,1990-Dec,0.3485090984284547,1.9672547559966915
29.981612903225805,-14.0793,121.948,1991-01-01,SCOTTSL1,NOAA,29.778587675765095,1991-Jan,0.20302522746071006,2.1702799834574016
28.222142857142856,-14.0793,121.948,1991-02-01,SCOTTSL1,NOAA,29.778587675765095,1991-Feb,-1.5564448186222393,0
29.525806451612905,-14.0793,121.948,1991-03-01,SCOTTSL1,NOAA,29.778587675765095,1991-Mar,-0.25278122415219073,0
29.01033333333333,-14.0793,121.948,1991-04-01,SCOTTSL1,NOAA,29.778587675765095,1991-Apr,-0.7682543424317636,0
27.946451612903225,-14.0793,121.948,1991-05-01,SCOTTSL1,NOAA,29.778587675765095,1991-May,-1.8321360628618706,0
27.750333333333334,-14.0793,121.948,1991-06-01,SCOTTSL1,NOAA,29.778587675765095,1991-Jun,-2.0282543424317616,0
26.47774193548387,-14.0793,121.948,1991-07-01,SCOTTSL1,NOAA,29.778587675765095,1991-Jul,-3.3008457402812255,0
26.249354838709678,-14.0793,121.948,1991-08-01,SCOTTSL1,NOAA,29.778587675765095,1991-Aug,-3.5292328370554173,0
26.551666666666666,-14.0793,121.948,1991-09-01,SCOTTSL1,NOAA,29.778587675765095,1991-Sep,-3.2269210090984295,0
28.099677419354837,-14.0793,121.948,1991-10-01,SCOTTSL1,NOAA,29.778587675765095,1991-Oct,-1.6789102564102585,0
28.483999999999998,-14.0793,121.948,1991-11-01,SCOTTSL1,NOAA,29.778587675765095,1991-Nov,-1.2945876757650971,0
29.061290322580646,-14.0793,121.948,1991-12-01,SCOTTSL1,NOAA,29.778587675765095,1991-Dec,-0.7172973531844491,0
29.575806451612902,-14.0793,121.948,1992-01-01,SCOTTSL1,NOAA,29.778587675765095,1992-Jan,-0.20278122415219357,0
30.028965517241378,-14.0793,121.948,1992-02-01,SCOTTSL1,NOAA,29.778587675765095,1992-Feb,0.2503778414762827,0.2503778414762827
30.50741935483871,-14.0793,121.948,1992-03-01,SCOTTSL1,NOAA,29.778587675765095,1992-Mar,0.7288316790736147,0.9792095205498974
30.683,-14.0793,121.948,1992-04-01,SCOTTSL1,NOAA,29.778587675765095,1992-Apr,0.9044123242349045,1.8836218447848019
30.059032258064516,-14.0793,121.948,1992-05-01,SCOTTSL1,NOAA,29.778587675765095,1992-May,0.2804445822994204,2.1640664270842223
28.264,-14.0793,121.948,1992-06-01,SCOTTSL1,NOAA,29.778587675765095,1992-Jun,-1.514587675765096,0
27.170645161290324,-14.0793,121.948,1992-07-01,SCOTTSL1,NOAA,29.778587675765095,1992-Jul,-2.6079425144747717,0
26.58967741935484,-14.0793,121.948,1992-08-01,SCOTTSL1,NOAA,29.778587675765095,1992-Aug,-3.1889102564102565,0
26.957666666666668,-14.0793,121.948,1992-09-01,SCOTTSL1,NOAA,29.778587675765095,1992-Sep,-2.820921009098427,0
28.356451612903225,-14.0793,121.948,1992-10-01,SCOTTSL1,NOAA,29.778587675765095,1992-Oct,-1.4221360628618704,0
29.506666666666668,-14.0793,121.948,1992-11-01,SCOTTSL1,NOAA,29.778587675765095,1992-Nov,-0.27192100909842765,0
28.990645161290324,-14.0793,121.948,1992-12-01,SCOTTSL1,NOAA,29.778587675765095,1992-Dec,-0.7879425144747714,0
29.288709677419355,-14.0793,121.948,1993-01-01,SCOTTSL1,NOAA,29.778587675765095,1993-Jan,-0.4898779983457402,0
28.046071428571427,-14.0793,121.948,1993-02-01,SCOTTSL1,NOAA,29.778587675765095,1993-Feb,-1.7325162471936686,0
29.357741935483872,-14.0793,121.948,1993-03-01,SCOTTSL1,NOAA,29.778587675765095,1993-Mar,-0.4208457402812229,0
29.445333333333334,-14.0793,121.948,1993-04-01,SCOTTSL1,NOAA,29.778587675765095,1993-Apr,-0.33325434243176133,0
28.730967741935483,-14.0793,121.948,1993-05-01,SCOTTSL1,NOAA,29.778587675765095,1993-May,-1.047619933829612,0
27.508333333333333,-14.0793,121.948,1993-06-01,SCOTTSL1,NOAA,29.778587675765095,1993-Jun,-2.2702543424317625,0
26.504193548387097,-14.0793,121.948,1993-07-01,SCOTTSL1,NOAA,29.778587675765095,1993-Jul,-3.274394127377999,0
26.359354838709677,-14.0793,121.948,1993-08-01,SCOTTSL1,NOAA,29.778587675765095,1993-Aug,-3.419232837055418,0
26.884666666666668,-14.0793,121.948,1993-09-01,SCOTTSL1,NOAA,29.778587675765095,1993-Sep,-2.8939210090984275,0
27.85258064516129,-14.0793,121.948,1993-10-01,SCOTTSL1,NOAA,29.778587675765095,1993-Oct,-1.926007030603806,0
28.873333333333335,-14.0793,121.948,1993-11-01,SCOTTSL1,NOAA,29.778587675765095,1993-Nov,-0.9052543424317605,0
29.725483870967743,-14.0793,121.948,1993-12-01,SCOTTSL1,NOAA,29.778587675765095,1993-Dec,-0.05310380479735244,0
30.119032258064518,-14.0793,121.948,1994-01-01,SCOTTSL1,NOAA,29.778587675765095,1994-Jan,0.34044458229942265,0.34044458229942265
30.383214285714285,-14.0793,121.948,1994-02-01,SCOTTSL1,NOAA,29.778587675765095,1994-Feb,0.6046266099491895,0.9450711922486121
29.276451612903227,-14.0793,121.948,1994-03-01,SCOTTSL1,NOAA,29.778587675765095,1994-Mar,-0.5021360628618687,0
29.233,-14.0793,121.948,1994-04-01,SCOTTSL1,NOAA,29.778587675765095,1994-Apr,-0.5455876757650948,0
28.213548387096775,-14.0793,121.948,1994-05-01,SCOTTSL1,NOAA,29.778587675765095,1994-May,-1.56503928866832,0
27.334,-14.0793,121.948,1994-06-01,SCOTTSL1,NOAA,29.778587675765095,1994-Jun,-2.4445876757650957,0
26.022903225806452,-14.0793,121.948,1994-07-01,SCOTTSL1,NOAA,29.778587675765095,1994-Jul,-3.7556844499586433,0
25.296774193548387,-14.0793,121.948,1994-08-01,SCOTTSL1,NOAA,29.778587675765095,1994-Aug,-4.481813482216708,0
26.784,-14.0793,121.948,1994-09-01,SCOTTSL1,NOAA,29.778587675765095,1994-Sep,-2.9945876757650964,0
27.75741935483871,-14.0793,121.948,1994-10-01,SCOTTSL1,NOAA,29.778587675765095,1994-Oct,-2.0211683209263853,0
29.322,-14.0793,121.948,1994-11-01,SCOTTSL1,NOAA,29.778587675765095,1994-Nov,-0.4565876757650962,0
30.23258064516129,-14.0793,121.948,1994-12-01,SCOTTSL1,NOAA,29.778587675765095,1994-Dec,0.45399296939619305,0.45399296939619305
29.75548387096774,-14.0793,121.948,1995-01-01,SCOTTSL1,NOAA,29.778587675765095,1995-Jan,-0.023103804797354854,0
29.317857142857143,-14.0793,121.948,1995-02-01,SCOTTSL1,NOAA,29.778587675765095,1995-Feb,-0.4607305329079523,0
29.124193548387098,-14.0793,121.948,1995-03-01,SCOTTSL1,NOAA,29.778587675765095,1995-Mar,-0.6543941273779978,0
29.845333333333333,-14.0793,121.948,1995-04-01,SCOTTSL1,NOAA,29.778587675765095,1995-Apr,0.06674565756823725,0.06674565756823725
29.100967741935484,-14.0793,121.948,1995-05-01,SCOTTSL1,NOAA,29.778587675765095,1995-May,-0.6776199338296109,0
27.199333333333332,-14.0793,121.948,1995-06-01,SCOTTSL1,NOAA,29.778587675765095,1995-Jun,-2.5792543424317635,0
26.050645161290323,-14.0793,121.948,1995-07-01,SCOTTSL1,NOAA,29.778587675765095,1995-Jul,-3.7279425144747727,0
25.85516129032258,-14.0793,121.948,1995-08-01,SCOTTSL1,NOAA,29.778587675765095,1995-Aug,-3.9234263854425144,0
27.110333333333333,-14.0793,121.948,1995-09-01,SCOTTSL1,NOAA,29.778587675765095,1995-Sep,-2.668254342431762,0
27.879354838709677,-14.0793,121.948,1995-10-01,SCOTTSL1,NOAA,29.778587675765095,1995-Oct,-1.8992328370554183,0
29.351666666666667,-14.0793,121.948,1995-11-01,SCOTTSL1,NOAA,29.778587675765095,1995-Nov,-0.4269210090984288,0
28.733548387096775,-14.0793,121.948,1995-12-01,SCOTTSL1,NOAA,29.778587675765095,1995-Dec,-1.0450392886683204,0
29.045806451612904,-14.0793,121.948,1996-01-01,SCOTTSL1,NOAA,29.778587675765095,1996-Jan,-0.7327812241521912,0
29.525172413793104,-14.0793,121.948,1996-02-01,SCOTTSL1,NOAA,29.778587675765095,1996-Feb,-0.25341526197199116,0
29.246774193548386,-14.0793,121.948,1996-03-01,SCOTTSL1,NOAA,29.778587675765095,1996-Mar,-0.5318134822167089,0
29.333666666666666,-14.0793,121.948,1996-04-01,SCOTTSL1,NOAA,29.778587675765095,1996-Apr,-0.44492100909842947,0
28.62709677419355,-14.0793,121.948,1996-05-01,SCOTTSL1,NOAA,29.778587675765095,1996-May,-1.1514909015715453,0
27.692333333333334,-14.0793,121.948,1996-06-01,SCOTTSL1,NOAA,29.778587675765095,1996-Jun,-2.0862543424317614,0
27.02806451612903,-14.0793,121.948,1996-07-01,SCOTTSL1,NOAA,29.778587675765095,1996-Jul,-2.7505231596360638,0
26.806451612903224,-14.0793,121.948,1996-08-01,SCOTTSL1,NOAA,29.778587675765095,1996-Aug,-2.972136062861871,0
27.362666666666666,-14.0793,121.948,1996-09-01,SCOTTSL1,NOAA,29.778587675765095,1996-Sep,-2.4159210090984296,0
28.626129032258063,-14.0793,121.948,1996-10-01,SCOTTSL1,NOAA,29.778587675765095,1996-Oct,-1.1524586435070319,0
29.774,-14.0793,121.948,1996-11-01,SCOTTSL1,NOAA,29.778587675765095,1996-Nov,-0.0045876757650944455,0
29.295806451612904,-14.0793,121.948,1996-12-01,SCOTTSL1,NOAA,29.778587675765095,1996-Dec,-0.48278122415219116,0
28.745483870967742,-14.0793,121.948,1997-01-01,SCOTTSL1,NOAA,29.778587675765095,1997-Jan,-1.0331038047973529,0
28.479285714285716,-14.0793,121.948,1997-02-01,SCOTTSL1,NOAA,29.778587675765095,1997-Feb,-1.2993019614793795,0
29.081612903225807,-14.0793,121.948,1997-03-01,SCOTTSL1,NOAA,29.778587675765095,1997-Mar,-0.6969747725392885,0
29.826999999999998,-14.0793,121.948,1997-04-01,SCOTTSL1,NOAA,29.778587675765095,1997-Apr,0.048412324234902826,0.048412324234902826
28.756451612903227,-14.0793,121.948,1997-05-01,SCOTTSL1,NOAA,29.778587675765095,1997-May,-1.0221360628618683,0
27.767333333333333,-14.0793,121.948,1997-06-01,SCOTTSL1,NOAA,29.778587675765095,1997-Jun,-2.011254342431762,0
26.366774193548387,-14.0793,121.948,1997-07-01,SCOTTSL1,NOAA,29.778587675765095,1997-Jul,-3.411813482216708,0
26.230645161290322,-14.0793,121.948,1997-08-01,SCOTTSL1,NOAA,29.778587675765095,1997-Aug,-3.547942514474773,0
26.72533333333333,-14.0793,121.948,1997-09-01,SCOTTSL1,NOAA,29.778587675765095,1997-Sep,-3.0532543424317637,0
27.873870967741937,-14.0793,121.948,1997-10-01,SCOTTSL1,NOAA,29.778587675765095,1997-Oct,-1.9047167080231588,0
29.141,-14.0793,121.948,1997-11-01,SCOTTSL1,NOAA,29.778587675765095,1997-Nov,-0.6375876757650971,0
30.15967741935484,-14.0793,121.948,1997-12-01,SCOTTSL1,NOAA,29.778587675765095,1997-Dec,0.3810897435897438,0.3810897435897438
29.40838709677419,-14.0793,121.948,1998-01-01,SCOTTSL1,NOAA,29.778587675765095,1998-Jan,-0.37020057899090375,0
29.910714285714285,-14.0793,121.948,1998-02-01,SCOTTSL1,NOAA,29.778587675765095,1998-Feb,0.13212660994918934,0.13212660994918934
30.94451612903226,-14.0793,121.948,1998-03-01,SCOTTSL1,NOAA,29.778587675765095,1998-Mar,1.1659284532671634,1.2980550632163528
30.887666666666668,-14.0793,121.948,1998-04-01,SCOTTSL1,NOAA,29.778587675765095,1998-Apr,1.1090789909015726,2.4071340541179254
29.588709677419356,-14.0793,121.948,1998-05-01,SCOTTSL1,NOAA,29.778587675765095,1998-May,-0.18987799834573948,0
28.518333333333334,-14.0793,121.948,1998-06-01,SCOTTSL1,NOAA,29.778587675765095,1998-Jun,-1.260254342431761,0
27.64741935483871,-14.0793,121.948,1998-07-01,SCOTTSL1,NOAA,29.778587675765095,1998-Jul,-2.1311683209263848,0
27.735806451612902,-14.0793,121.948,1998-08-01,SCOTTSL1,NOAA,29.778587675765095,1998-Aug,-2.0427812241521934,0
28.121,-14.0793,121.948,1998-09-01,SCOTTSL1,NOAA,29.778587675765095,1998-Sep,-1.6575876757650967,0
29.322580645161292,-14.0793,121.948,1998-10-01,SCOTTSL1,NOAA,29.778587675765095,1998-Oct,-0.45600703060380354,0
30.095333333333333,-14.0793,121.948,1998-11-01,SCOTTSL1,NOAA,29.778587675765095,1998-Nov,0.31674565756823725,0.31674565756823725
29.434838709677418,-14.0793,121.948,1998-12-01,SCOTTSL1,NOAA,29.778587675765095,1998-Dec,-0.34374896608767713,0
29.798709677419353,-14.0793,121.948,1999-01-01,SCOTTSL1,NOAA,29.778587675765095,1999-Jan,0.020122001654257815,0.020122001654257815
29.270714285714284,-14.0793,121.948,1999-02-01,SCOTTSL1,NOAA,29.778587675765095,1999-Feb,-0.5078733900508112,0
29.329677419354837,-14.0793,121.948,1999-03-01,SCOTTSL1,NOAA,29.778587675765095,1999-Mar,-0.44891025641025806,0
29.237666666666666,-14.0793,121.948,1999-04-01,SCOTTSL1,NOAA,29.778587675765095,1999-Apr,-0.5409210090984296,0
28.482903225806453,-14.0793,121.948,1999-05-01,SCOTTSL1,NOAA,29.778587675765095,1999-May,-1.2956844499586424,0
28.026333333333334,-14.0793,121.948,1999-06-01,SCOTTSL1,NOAA,29.778587675765095,1999-Jun,-1.7522543424317618,0
26.919677419354837,-14.0793,121.948,1999-07-01,SCOTTSL1,NOAA,29.778587675765095,1999-Jul,-2.858910256410258,0
26.50483870967742,-14.0793,121.948,1999-08-01,SCOTTSL1,NOAA,29.778587675765095,1999-Aug,-3.273748966087677,0
27.501,-14.0793,121.948,1999-09-01,SCOTTSL1,NOAA,29.778587675765095,1999-Sep,-2.277587675765094,0
28.822903225806453,-14.0793,121.948,1999-10-01,SCOTTSL1,NOAA,29.778587675765095,1999-Oct,-0.9556844499586425,0
29.519333333333332,-14.0793,121.948,1999-11-01,SCOTTSL1,NOAA,29.778587675765095,1999-Nov,-0.25925434243176326,0
29.249354838709678,-14.0793,121.948,1999-12-01,SCOTTSL1,NOAA,29.778587675765095,1999-Dec,-0.5292328370554173,0
29.07774193548387,-14.0793,121.948,2000-01-01,SCOTTSL1,NOAA,29.778587675765095,2000-Jan,-0.700845740281224,0
29.01241379310345,-14.0793,121.948,2000-02-01,SCOTTSL1,NOAA,29.778587675765095,2000-Feb,-0.7661738826616471,0
29.393548387096775,-14.0793,121.948,2000-03-01,SCOTTSL1,NOAA,29.778587675765095,2000-Mar,-0.38503928866832027,0
29.28,-14.0793,121.948,2000-04-01,SCOTTSL1,NOAA,29.778587675765095,2000-Apr,-0.4985876757650942,0
28.26451612903226,-14.0793,121.948,2000-05-01,SCOTTSL1,NOAA,29.778587675765095,2000-May,-1.5140715467328363,0
26.729333333333333,-14.0793,121.948,2000-06-01,SCOTTSL1,NOAA,29.778587675765095,2000-Jun,-3.0492543424317624,0
26.423870967741934,-14.0793,121.948,2000-07-01,SCOTTSL1,NOAA,29.778587675765095,2000-Jul,-3.3547167080231617,0
26.213870967741936,-14.0793,121.948,2000-08-01,SCOTTSL1,NOAA,29.778587675765095,2000-Aug,-3.564716708023159,0
27.160333333333334,-14.0793,121.948,2000-09-01,SCOTTSL1,NOAA,29.778587675765095,2000-Sep,-2.6182543424317615,0
28.698709677419355,-14.0793,121.948,2000-10-01,SCOTTSL1,NOAA,29.778587675765095,2000-Oct,-1.07987799834574,0
28.914,-14.0793,121.948,2000-11-01,SCOTTSL1,NOAA,29.778587675765095,2000-Nov,-0.8645876757650939,0
28.272903225806452,-14.0793,121.948,2000-12-01,SCOTTSL1,NOAA,29.778587675765095,2000-Dec,-1.5056844499586433,0
29.88935483870968,-14.0793,121.948,2001-01-01,SCOTTSL1,NOAA,29.778587675765095,2001-Jan,0.11076716294458322,0.11076716294458322
28.947142857142858,-14.0793,121.948,2001-02-01,SCOTTSL1,NOAA,29.778587675765095,2001-Feb,-0.8314448186222378,0
28.68161290322581,-14.0793,121.948,2001-03-01,SCOTTSL1,NOAA,29.778587675765095,2001-Mar,-1.096974772539287,0
29.470666666666666,-14.0793,121.948,2001-04-01,SCOTTSL1,NOAA,29.778587675765095,2001-Apr,-0.307921009098429,0
28.901935483870968,-14.0793,121.948,2001-05-01,SCOTTSL1,NOAA,29.778587675765095,2001-May,-0.8766521918941272,0
27.65566666666667,-14.0793,121.948,2001-06-01,SCOTTSL1,NOAA,29.778587675765095,2001-Jun,-2.1229210090984267,0
26.736451612903227,-14.0793,121.948,2001-07-01,SCOTTSL1,NOAA,29.778587675765095,2001-Jul,-3.042136062861868,0
26.338387096774195,-14.0793,121.948,2001-08-01,SCOTTSL1,NOAA,29.778587675765095,2001-Aug,-3.4402005789909005,0
27.171666666666667,-14.0793,121.948,2001-09-01,SCOTTSL1,NOAA,29.778587675765095,2001-Sep,-2.6069210090984285,0
28.118709677419353,-14.0793,121.948,2001-10-01,SCOTTSL1,NOAA,29.778587675765095,2001-Oct,-1.659877998345742,0
28.412666666666667,-14.0793,121.948,2001-11-01,SCOTTSL1,NOAA,29.778587675765095,2001-Nov,-1.3659210090984288,0
29.091935483870966,-14.0793,121.948,2001-12-01,SCOTTSL1,NOAA,29.778587675765095,2001-Dec,-0.6866521918941295,0
29.48548387096774,-14.0793,121.948,2002-01-01,SCOTTSL1,NOAA,29.778587675765095,2002-Jan,-0.29310380479735443,0
29.501428571428573,-14.0793,121.948,2002-02-01,SCOTTSL1,NOAA,29.778587675765095,2002-Feb,-0.2771591043365227,0
30.072580645161292,-14.0793,121.948,2002-03-01,SCOTTSL1,NOAA,29.778587675765095,2002-Mar,0.29399296939619646,0.29399296939619646
30.337333333333333,-14.0793,121.948,2002-04-01,SCOTTSL1,NOAA,29.778587675765095,2002-Apr,0.5587456575682381,0.8527386269644346
29.739354838709676,-14.0793,121.948,2002-05-01,SCOTTSL1,NOAA,29.778587675765095,2002-May,-0.03923283705541891,0
27.932666666666666,-14.0793,121.948,2002-06-01,SCOTTSL1,NOAA,29.778587675765095,2002-Jun,-1.8459210090984293,0
26.52225806451613,-14.0793,121.948,2002-07-01,SCOTTSL1,NOAA,29.778587675765095,2002-Jul,-3.2563296112489653,0
26.011612903225807,-14.0793,121.948,2002-08-01,SCOTTSL1,NOAA,29.778587675765095,2002-Aug,-3.766974772539289,0
26.546,-14.0793,121.948,2002-09-01,SCOTTSL1,NOAA,29.778587675765095,2002-Sep,-3.232587675765096,0
27.98677419354839,-14.0793,121.948,2002-10-01,SCOTTSL1,NOAA,29.778587675765095,2002-Oct,-1.7918134822167069,0
30.040333333333333,-14.0793,121.948,2002-11-01,SCOTTSL1,NOAA,29.778587675765095,2002-Nov,0.26174565756823753,0.26174565756823753
30.95,-14.0793,121.948,2002-12-01,SCOTTSL1,NOAA,29.778587675765095,2002-Dec,1.171412324234904,1.4331579818031415
30.46258064516129,-14.0793,121.948,2003-01-01,SCOTTSL1,NOAA,29.778587675765095,2003-Jan,0.6839929693961935,2.117150951199335
30.056785714285713,-14.0793,121.948,2003-02-01,SCOTTSL1,NOAA,29.778587675765095,2003-Feb,0.27819803852061753,2.3953489897199525
29.38193548387097,-14.0793,121.948,2003-03-01,SCOTTSL1,NOAA,29.778587675765095,2003-Mar,-0.3966521918941268,0
29.732333333333333,-14.0793,121.948,2003-04-01,SCOTTSL1,NOAA,29.778587675765095,2003-Apr,-0.046254342431762296,0
28.920967741935485,-14.0793,121.948,2003-05-01,SCOTTSL1,NOAA,29.778587675765095,2003-May,-0.8576199338296107,0
27.637333333333334,-14.0793,121.948,2003-06-01,SCOTTSL1,NOAA,29.778587675765095,2003-Jun,-2.141254342431761,0
26.870967741935484,-14.0793,121.948,2003-07-01,SCOTTSL1,NOAA,29.778587675765095,2003-Jul,-2.9076199338296114,0
26.484516129032258,-14.0793,121.948,2003-08-01,SCOTTSL1,NOAA,29.778587675765095,2003-Aug,-3.2940715467328374,0
26.846,-14.0793,121.948,2003-09-01,SCOTTSL1,NOAA,29.778587675765095,2003-Sep,-2.9325876757650953,0
27.901935483870968,-14.0793,121.948,2003-10-01,SCOTTSL1,NOAA,29.778587675765095,2003-Oct,-1.8766521918941272,0
29.251333333333335,-14.0793,121.948,2003-11-01,SCOTTSL1,NOAA,29.778587675765095,2003-Nov,-0.5272543424317604,0
29.91258064516129,-14.0793,121.948,2003-12-01,SCOTTSL1,NOAA,29.778587675765095,2003-Dec,0.13399296939619632,0.13399296939619632
29.160967741935483,-14.0793,121.948,2004-01-01,SCOTTSL1,NOAA,29.778587675765095,2004-Jan,-0.6176199338296122,0
29.076206896551724,-14.0793,121.948,2004-02-01,SCOTTSL1,NOAA,29.778587675765095,2004-Feb,-0.7023807792133709,0
29.011612903225807,-14.0793,121.948,2004-03-01,SCOTTSL1,NOAA,29.778587675765095,2004-Mar,-0.7669747725392888,0
29.210333333333335,-14.0793,121.948,2004-04-01,SCOTTSL1,NOAA,29.778587675765095,2004-Apr,-0.5682543424317608,0
28.90064516129032,-14.0793,121.948,2004-05-01,SCOTTSL1,NOAA,29.778587675765095,2004-May,-0.8779425144747748,0
27.678333333333335,-14.0793,121.948,2004-06-01,SCOTTSL1,NOAA,29.778587675765095,2004-Jun,-2.100254342431761,0
26.426451612903225,-14.0793,121.948,2004-07-01,SCOTTSL1,NOAA,29.778587675765095,2004-Jul,-3.35213606286187,0
26.158709677419356,-14.0793,121.948,2004-08-01,SCOTTSL1,NOAA,29.778587675765095,2004-Aug,-3.619877998345739,0
26.611333333333334,-14.0793,121.948,2004-09-01,SCOTTSL1,NOAA,29.778587675765095,2004-Sep,-3.167254342431761,0
28.025806451612905,-14.0793,121.948,2004-10-01,SCOTTSL1,NOAA,29.778587675765095,2004-Oct,-1.7527812241521907,0
29.842,-14.0793,121.948,2004-11-01,SCOTTSL1,NOAA,29.778587675765095,2004-Nov,0.0634123242349034,0.0634123242349034
30.49516129032258,-14.0793,121.948,2004-12-01,SCOTTSL1,NOAA,29.778587675765095,2004-Dec,0.7165736145574861,0.7799859387923895
29.451290322580647,-14.0793,121.948,2005-01-01,SCOTTSL1,NOAA,29.778587675765095,2005-Jan,-0.3272973531844485,0
29.97714285714286,-14.0793,121.948,2005-02-01,SCOTTSL1,NOAA,29.778587675765095,2005-Feb,0.1985551813777633,0.1985551813777633
30.12516129032258,-14.0793,121.948,2005-03-01,SCOTTSL1,NOAA,29.778587675765095,2005-Mar,0.34657361455748514,0.5451287959352484
30.334,-14.0793,121.948,2005-04-01,SCOTTSL1,NOAA,29.778587675765095,2005-Apr,0.5554123242349043,1.1005411201701527
29.419677419354837,-14.0793,121.948,2005-05-01,SCOTTSL1,NOAA,29.778587675765095,2005-May,-0.3589102564102582,0
27.935666666666666,-14.0793,121.948,2005-06-01,SCOTTSL1,NOAA,29.778587675765095,2005-Jun,-1.8429210090984292,0
27.198064516129033,-14.0793,121.948,2005-07-01,SCOTTSL1,NOAA,29.778587675765095,2005-Jul,-2.580523159636062,0
26.56193548387097,-14.0793,121.948,2005-08-01,SCOTTSL1,NOAA,29.778587675765095,2005-Aug,-3.216652191894127,0
27.234333333333332,-14.0793,121.948,2005-09-01,SCOTTSL1,NOAA,29.778587675765095,2005-Sep,-2.5442543424317634,0
28.52,-14.0793,121.948,2005-10-01,SCOTTSL1,NOAA,29.778587675765095,2005-Oct,-1.2585876757650958,0
29.231,-14.0793,121.948,2005-11-01,SCOTTSL1,NOAA,29.778587675765095,2005-Nov,-0.5475876757650937,0
30.31935483870968,-14.0793,121.948,2005-12-01,SCOTTSL1,NOAA,29.778587675765095,2005-Dec,0.5407671629445829,0.5407671629445829
28.938709677419354,-14.0793,121.948,2006-01-01,SCOTTSL1,NOAA,29.778587675765095,2006-Jan,-0.8398779983457416,0
29.16892857142857,-14.0793,121.948,2006-02-01,SCOTTSL1,NOAA,29.778587675765095,2006-Feb,-0.6096591043365258,0
29.480645161290322,-14.0793,121.948,2006-03-01,SCOTTSL1,NOAA,29.778587675765095,2006-Mar,-0.29794251447477293,0
29.585,-14.0793,121.948,2006-04-01,SCOTTSL1,NOAA,29.778587675765095,2006-Apr,-0.1935876757650945,0
28.57548387096774,-14.0793,121.948,2006-05-01,SCOTTSL1,NOAA,29.778587675765095,2006-May,-1.2031038047973546,0
27.073333333333334,-14.0793,121.948,2006-06-01,SCOTTSL1,NOAA,29.778587675765095,2006-Jun,-2.705254342431761,0
25.911612903225805,-14.0793,121.948,2006-07-01,SCOTTSL1,NOAA,29.778587675765095,2006-Jul,-3.8669747725392902,0
25.68741935483871,-14.0793,121.948,2006-08-01,SCOTTSL1,NOAA,29.778587675765095,2006-Aug,-4.091168320926386,0
26.566,-14.0793,121.948,2006-09-01,SCOTTSL1,NOAA,29.778587675765095,2006-Sep,-3.2125876757650964,0
28.49967741935484,-14.0793,121.948,2006-10-01,SCOTTSL1,NOAA,29.778587675765095,2006-Oct,-1.2789102564102564,0
29.665,-14.0793,121.948,2006-11-01,SCOTTSL1,NOAA,29.778587675765095,2006-Nov,-0.11358767576509621,0
30.54774193548387,-14.0793,121.948,2006-12-01,SCOTTSL1,NOAA,29.778587675765095,2006-Dec,0.7691542597187748,0.7691542597187748
29.306451612903224,-14.0793,121.948,2007-01-01,SCOTTSL1,NOAA,29.778587675765095,2007-Jan,-0.47213606286187115,0
30.325714285714284,-14.0793,121.948,2007-02-01,SCOTTSL1,NOAA,29.778587675765095,2007-Feb,0.5471266099491885,0.5471266099491885
29.418387096774193,-14.0793,121.948,2007-03-01,SCOTTSL1,NOAA,29.778587675765095,2007-Mar,-0.3602005789909022,0
29.517,-14.0793,121.948,2007-04-01,SCOTTSL1,NOAA,29.778587675765095,2007-Apr,-0.2615876757650959,0
29.39,-14.0793,121.948,2007-05-01,SCOTTSL1,NOAA,29.778587675765095,2007-May,-0.3885876757650948,0
27.894333333333332,-14.0793,121.948,2007-06-01,SCOTTSL1,NOAA,29.778587675765095,2007-Jun,-1.8842543424317633,0
26.554516129032258,-14.0793,121.948,2007-07-01,SCOTTSL1,NOAA,29.778587675765095,2007-Jul,-3.224071546732837,0
26.058387096774194,-14.0793,121.948,2007-08-01,SCOTTSL1,NOAA,29.778587675765095,2007-Aug,-3.7202005789909016,0
26.893,-14.0793,121.948,2007-09-01,SCOTTSL1,NOAA,29.778587675765095,2007-Sep,-2.8855876757650947,0
28.188387096774193,-14.0793,121.948,2007-10-01,SCOTTSL1,NOAA,29.778587675765095,2007-Oct,-1.5902005789909026,0
29.31533333333333,-14.0793,121.948,2007-11-01,SCOTTSL1,NOAA,29.778587675765095,2007-Nov,-0.4632543424317639,0
30.561290322580646,-14.0793,121.948,2007-12-01,SCOTTSL1,NOAA,29.778587675765095,2007-Dec,0.7827026468155509,0.7827026468155509
29.606774193548386,-14.0793,121.948,2008-01-01,SCOTTSL1,NOAA,29.778587675765095,2008-Jan,-0.17181348221670945,0
29.407241379310346,-14.0793,121.948,2008-02-01,SCOTTSL1,NOAA,29.778587675765095,2008-Feb,-0.3713462964547496,0
29.650967741935485,-14.0793,121.948,2008-03-01,SCOTTSL1,NOAA,29.778587675765095,2008-Mar,-0.12761993382961023,0
29.830666666666666,-14.0793,121.948,2008-04-01,SCOTTSL1,NOAA,29.778587675765095,2008-Apr,0.05207899090157042,0.05207899090157042
28.706451612903226,-14.0793,121.948,2008-05-01,SCOTTSL1,NOAA,29.778587675765095,2008-May,-1.072136062861869,0
27.343666666666667,-14.0793,121.948,2008-06-01,SCOTTSL1,NOAA,29.778587675765095,2008-Jun,-2.434921009098428,0
26.41483870967742,-14.0793,121.948,2008-07-01,SCOTTSL1,NOAA,29.778587675765095,2008-Jul,-3.3637489660876767,0
26.134516129032257,-14.0793,121.948,2008-08-01,SCOTTSL1,NOAA,29.778587675765095,2008-Aug,-3.644071546732839,0
27.256333333333334,-14.0793,121.948,2008-09-01,SCOTTSL1,NOAA,29.778587675765095,2008-Sep,-2.5222543424317614,0
28.928064516129034,-14.0793,121.948,2008-10-01,SCOTTSL1,NOAA,29.778587675765095,2008-Oct,-0.8505231596360616,0
30.075333333333333,-14.0793,121.948,2008-11-01,SCOTTSL1,NOAA,29.778587675765095,2008-Nov,0.2967456575682377,0.2967456575682377
30.20483870967742,-14.0793,121.948,2008-12-01,SCOTTSL1,NOAA,29.778587675765095,2008-Dec,0.426251033912326,0.7229966914805637
29.873548387096776,-14.0793,121.948,2009-01-01,SCOTTSL1,NOAA,29.778587675765095,2009-Jan,0.09496071133168016,0.8179574028122438
29.12,-14.0793,121.948,2009-02-01,SCOTTSL1,NOAA,29.778587675765095,2009-Feb,-0.6585876757650944,0
30.05774193548387,-14.0793,121.948,2009-03-01,SCOTTSL1,NOAA,29.778587675765095,2009-Mar,0.2791542597187764,0.2791542597187764
30.495,-14.0793,121.948,2009-04-01,SCOTTSL1,NOAA,29.778587675765095,2009-Apr,0.7164123242349056,0.995566583953682
29.15838709677419,-14.0793,121.948,2009-05-01,SCOTTSL1,NOAA,29.778587675765095,2009-May,-0.6202005789909038,0
28.267666666666667,-14.0793,121.948,2009-06-01,SCOTTSL1,NOAA,29.778587675765095,2009-Jun,-1.5109210090984284,0
27.546451612903226,-14.0793,121.948,2009-07-01,SCOTTSL1,NOAA,29.778587675765095,2009-Jul,-2.232136062861869,0
26.88064516129032,-14.0793,121.948,2009-08-01,SCOTTSL1,NOAA,29.778587675765095,2009-Aug,-2.8979425144747744,0
27.701,-14.0793,121.948,2009-09-01,SCOTTSL1,NOAA,29.778587675765095,2009-Sep,-2.077587675765095,0
28.706451612903226,-14.0793,121.948,2009-10-01,SCOTTSL1,NOAA,29.778587675765095,2009-Oct,-1.072136062861869,0
29.983333333333334,-14.0793,121.948,2009-11-01,SCOTTSL1,NOAA,29.778587675765095,2009-Nov,0.20474565756823893,0.20474565756823893
29.863225806451613,-14.0793,121.948,2009-12-01,SCOTTSL1,NOAA,29.778587675765095,2009-Dec,0.0846381306865176,0.2893837882547565
29.65516129032258,-14.0793,121.948,2010-01-01,SCOTTSL1,NOAA,29.778587675765095,2010-Jan,-0.12342638544251372,0
29.81642857142857,-14.0793,121.948,2010-02-01,SCOTTSL1,NOAA,29.778587675765095,2010-Feb,0.03784089566347504,0.03784089566347504
30.86774193548387,-14.0793,121.948,2010-03-01,SCOTTSL1,NOAA,29.778587675765095,2010-Mar,1.089154259718775,1.1269951553822501
30.743666666666666,-14.0793,121.948,2010-04-01,SCOTTSL1,NOAA,29.778587675765095,2010-Apr,0.9650789909015707,2.092074146283821
29.55741935483871,-14.0793,121.948,2010-05-01,SCOTTSL1,NOAA,29.778587675765095,2010-May,-0.2211683209263846,0
28.24266666666667,-14.0793,121.948,2010-06-01,SCOTTSL1,NOAA,29.778587675765095,2010-Jun,-1.535921009098427,0
27.43709677419355,-14.0793,121.948,2010-07-01,SCOTTSL1,NOAA,29.778587675765095,2010-Jul,-2.3414909015715466,0
27.28741935483871,-14.0793,121.948,2010-08-01,SCOTTSL1,NOAA,29.778587675765095,2010-Aug,-2.491168320926384,0
27.945,-14.0793,121.948,2010-09-01,SCOTTSL1,NOAA,29.778587675765095,2010-Sep,-1.833587675765095,0
29.26516129032258,-14.0793,121.948,2010-10-01,SCOTTSL1,NOAA,29.778587675765095,2010-Oct,-0.5134263854425143,0
29.924666666666667,-14.0793,121.948,2010-11-01,SCOTTSL1,NOAA,29.778587675765095,2010-Nov,0.14607899090157161,0.14607899090157161
30.50032258064516,-14.0793,121.948,2010-12-01,SCOTTSL1,NOAA,29.778587675765095,2010-Dec,0.7217349048800656,0.8678138957816373
29.27064516129032,-14.0793,121.948,2011-01-01,SCOTTSL1,NOAA,29.778587675765095,2011-Jan,-0.5079425144747738,0
29.06,-14.0793,121.948,2011-02-01,SCOTTSL1,NOAA,29.778587675765095,2011-Feb,-0.7185876757650966,0
28.97806451612903,-14.0793,121.948,2011-03-01,SCOTTSL1,NOAA,29.778587675765095,2011-Mar,-0.8005231596360645,0
29.127333333333333,-14.0793,121.948,2011-04-01,SCOTTSL1,NOAA,29.778587675765095,2011-Apr,-0.6512543424317627,0
28.329677419354837,-14.0793,121.948,2011-05-01,SCOTTSL1,NOAA,29.778587675765095,2011-May,-1.448910256410258,0
26.742333333333335,-14.0793,121.948,2011-06-01,SCOTTSL1,NOAA,29.778587675765095,2011-Jun,-3.0362543424317607,0
26.184193548387096,-14.0793,121.948,2011-07-01,SCOTTSL1,NOAA,29.778587675765095,2011-Jul,-3.594394127377999,0
26.063225806451612,-14.0793,121.948,2011-08-01,SCOTTSL1,NOAA,29.778587675765095,2011-Aug,-3.715361869313483,0
26.251333333333335,-14.0793,121.948,2011-09-01,SCOTTSL1,NOAA,29.778587675765095,2011-Sep,-3.5272543424317604,0
27.550967741935484,-14.0793,121.948,2011-10-01,SCOTTSL1,NOAA,29.778587675765095,2011-Oct,-2.2276199338296117,0
29.776666666666667,-14.0793,121.948,2011-11-01,SCOTTSL1,NOAA,29.778587675765095,2011-Nov,-0.0019210090984280725,0
30.449354838709677,-14.0793,121.948,2011-12-01,SCOTTSL1,NOAA,29.778587675765095,2011-Dec,0.6707671629445819,0.6707671629445819
30.143548387096775,-14.0793,121.948,2012-01-01,SCOTTSL1,NOAA,29.778587675765095,2012-Jan,0.36496071133167973,1.0357278742762617
30.231379310344828,-14.0793,121.948,2012-02-01,SCOTTSL1,NOAA,29.778587675765095,2012-Feb,0.45279163457973226,1.488519508855994
29.679354838709678,-14.0793,121.948,2012-03-01,SCOTTSL1,NOAA,29.778587675765095,2012-Mar,-0.09923283705541763,0
29.746,-14.0793,121.948,2012-04-01,SCOTTSL1,NOAA,29.778587675765095,2012-Apr,-0.03258767576509669,0
28.489354838709676,-14.0793,121.948,2012-05-01,SCOTTSL1,NOAA,29.778587675765095,2012-May,-1.289232837055419,0
26.901,-14.0793,121.948,2012-06-01,SCOTTSL1,NOAA,29.778587675765095,2012-Jun,-2.8775876757650956,0
25.871290322580645,-14.0793,121.948,2012-07-01,SCOTTSL1,NOAA,29.778587675765095,2012-Jul,-3.9072973531844504,0
25.524193548387096,-14.0793,121.948,2012-08-01,SCOTTSL1,NOAA,29.778587675765095,2012-Aug,-4.254394127377999,0
27.114333333333335,-14.0793,121.948,2012-09-01,SCOTTSL1,NOAA,29.778587675765095,2012-Sep,-2.664254342431761,0
29.02741935483871,-14.0793,121.948,2012-10-01,SCOTTSL1,NOAA,29.778587675765095,2012-Oct,-0.7511683209263857,0
30.424333333333333,-14.0793,121.948,2012-11-01,SCOTTSL1,NOAA,29.778587675765095,2012-Nov,0.6457456575682379,0.6457456575682379
31.072580645161292,-14.0793,121.948,2012-12-01,SCOTTSL1,NOAA,29.778587675765095,2012-Dec,1.2939929693961965,1.9397386269644343
29.92967741935484,-14.0793,121.948,2013-01-01,SCOTTSL1,NOAA,29.778587675765095,2013-Jan,0.15108974358974336,2.0908283705541777
30.582857142857144,-14.0793,121.948,2013-02-01,SCOTTSL1,NOAA,29.778587675765095,2013-Feb,0.8042694670920483,2.895097837646226
30.29064516129032,-14.0793,121.948,2013-03-01,SCOTTSL1,NOAA,29.778587675765095,2013-Mar,0.5120574855252258,3.4071553231714518
30.430666666666667,-14.0793,121.948,2013-04-01,SCOTTSL1,NOAA,29.778587675765095,2013-Apr,0.6520789909015718,4.059234314073024
29.83258064516129,-14.0793,121.948,2013-05-01,SCOTTSL1,NOAA,29.778587675765095,2013-May,0.05399296939619447,4.113227283469218
28.307333333333332,-14.0793,121.948,2013-06-01,SCOTTSL1,NOAA,29.778587675765095,2013-Jun,-1.471254342431763,0
27.43709677419355,-14.0793,121.948,2013-07-01,SCOTTSL1,NOAA,29.778587675765095,2013-Jul,-2.3414909015715466,0
27.093225806451613,-14.0793,121.948,2013-08-01,SCOTTSL1,NOAA,29.778587675765095,2013-Aug,-2.685361869313482,0
27.351,-14.0793,121.948,2013-09-01,SCOTTSL1,NOAA,29.778587675765095,2013-Sep,-2.4275876757650963,0
28.600645161290323,-14.0793,121.948,2013-10-01,SCOTTSL1,NOAA,29.778587675765095,2013-Oct,-1.177942514474772,0
29.937333333333335,-14.0793,121.948,2013-11-01,SCOTTSL1,NOAA,29.778587675765095,2013-Nov,0.15874565756823955,0.15874565756823955
30.260322580645163,-14.0793,121.948,2013-12-01,SCOTTSL1,NOAA,29.778587675765095,2013-Dec,0.4817349048800672,0.6404805624483068
29.455161290322582,-14.0793,121.948,2014-01-01,SCOTTSL1,NOAA,29.778587675765095,2014-Jan,-0.323426385442513,0
29.00642857142857,-14.0793,121.948,2014-02-01,SCOTTSL1,NOAA,29.778587675765095,2014-Feb,-0.7721591043365237,0
30.436451612903227,-14.0793,121.948,2014-03-01,SCOTTSL1,NOAA,29.778587675765095,2014-Mar,0.6578639371381314,0.6578639371381314
30.786666666666665,-14.0793,121.948,2014-04-01,SCOTTSL1,NOAA,29.778587675765095,2014-Apr,1.00807899090157,1.6659429280397013
29.9158064516129,-14.0793,121.948,2014-05-01,SCOTTSL1,NOAA,29.778587675765095,2014-May,0.13721877584780628,1.8031617038875076
28.218333333333334,-14.0793,121.948,2014-06-01,SCOTTSL1,NOAA,29.778587675765095,2014-Jun,-1.5602543424317616,0
26.978387096774192,-14.0793,121.948,2014-07-01,SCOTTSL1,NOAA,29.778587675765095,2014-Jul,-2.8002005789909035,0
26.560645161290324,-14.0793,121.948,2014-08-01,SCOTTSL1,NOAA,29.778587675765095,2014-Aug,-3.217942514474771,0
26.969,-14.0793,121.948,2014-09-01,SCOTTSL1,NOAA,29.778587675765095,2014-Sep,-2.809587675765094,0
28.391290322580645,-14.0793,121.948,2014-10-01,SCOTTSL1,NOAA,29.778587675765095,2014-Oct,-1.3872973531844508,0
30.366666666666667,-14.0793,121.948,2014-11-01,SCOTTSL1,NOAA,29.778587675765095,2014-Nov,0.5880789909015718,0.5880789909015718
30.566451612903226,-14.0793,121.948,2014-12-01,SCOTTSL1,NOAA,29.778587675765095,2014-Dec,0.7878639371381304,1.3759429280397022
29.606774193548386,-14.0793,121.948,2015-01-01,SCOTTSL1,NOAA,29.778587675765095,2015-Jan,-0.17181348221670945,0
30.157857142857143,-14.0793,121.948,2015-02-01,SCOTTSL1,NOAA,29.778587675765095,2015-Feb,0.37926946709204756,0.37926946709204756
30.247096774193547,-14.0793,121.948,2015-03-01,SCOTTSL1,NOAA,29.778587675765095,2015-Mar,0.4685090984284521,0.8477785655204997
30.284666666666666,-14.0793,121.948,2015-04-01,SCOTTSL1,NOAA,29.778587675765095,2015-Apr,0.506078990901571,1.3538575564220707
28.93064516129032,-14.0793,121.948,2015-05-01,SCOTTSL1,NOAA,29.778587675765095,2015-May,-0.8479425144747736,0
27.855999999999998,-14.0793,121.948,2015-06-01,SCOTTSL1,NOAA,29.778587675765095,2015-Jun,-1.9225876757650973,0
27.04935483870968,-14.0793,121.948,2015-07-01,SCOTTSL1,NOAA,29.778587675765095,2015-Jul,-2.7292328370554166,0
26.70258064516129,-14.0793,121.948,2015-08-01,SCOTTSL1,NOAA,29.778587675765095,2015-Aug,-3.0760070306038045,0
27.411666666666665,-14.0793,121.948,2015-09-01,SCOTTSL1,NOAA,29.778587675765095,2015-Sep,-2.36692100909843,0
28.872258064516128,-14.0793,121.948,2015-10-01,SCOTTSL1,NOAA,29.778587675765095,2015-Oct,-0.9063296112489674,0
30.161666666666665,-14.0793,121.948,2015-11-01,SCOTTSL1,NOAA,29.778587675765095,2015-Nov,0.38307899090156994,0.38307899090156994
30.33225806451613,-14.0793,121.948,2015-12-01,SCOTTSL1,NOAA,29.778587675765095,2015-Dec,0.5536703887510335,0.9367493796526034
30.23677419354839,-14.0793,121.948,2016-01-01,SCOTTSL1,NOAA,29.778587675765095,2016-Jan,0.4581865177832931,1.3949358974358965
30.498275862068965,-14.0793,121.948,2016-02-01,SCOTTSL1,NOAA,29.778587675765095,2016-Feb,0.7196881863038698,2.1146240837397663
31.326129032258063,-14.0793,121.948,2016-03-01,SCOTTSL1,NOAA,29.778587675765095,2016-Mar,1.5475413564929674,3.6621654402327337
31.427,-14.0793,121.948,2016-04-01,SCOTTSL1,NOAA,29.778587675765095,2016-Apr,1.6484123242349042,5.310577764467638
30.15225806451613,-14.0793,121.948,2016-05-01,SCOTTSL1,NOAA,29.778587675765095,2016-May,0.37367038875103376,5.684248153218672
29.241333333333333,-14.0793,121.948,2016-06-01,SCOTTSL1,NOAA,29.778587675765095,2016-Jun,-0.537254342431762,0
28.07225806451613,-14.0793,121.948,2016-07-01,SCOTTSL1,NOAA,29.778587675765095,2016-Jul,-1.7063296112489645,0
27.699354838709677,-14.0793,121.948,2016-08-01,SCOTTSL1,NOAA,29.778587675765095,2016-Aug,-2.079232837055418,0
28.39666666666667,-14.0793,121.948,2016-09-01,SCOTTSL1,NOAA,29.778587675765095,2016-Sep,-1.381921009098427,0
29.743548387096773,-14.0793,121.948,2016-10-01,SCOTTSL1,NOAA,29.778587675765095,2016-Oct,-0.0350392886683224,0
30.589333333333332,-14.0793,121.948,2016-11-01,SCOTTSL1,NOAA,29.778587675765095,2016-Nov,0.810745657568237,0.810745657568237
30.637096774193548,-14.0793,121.948,2016-12-01,SCOTTSL1,NOAA,29.778587675765095,2016-Dec,0.8585090984284527,1.6692547559966897
29.651290322580646,-14.0793,121.948,2017-01-01,SCOTTSL1,NOAA,29.778587675765095,2017-Jan,-0.12729735318444924,0
29.389642857142857,-14.0793,121.948,2017-02-01,SCOTTSL1,NOAA,29.778587675765095,2017-Feb,-0.38894481862223884,0
30.006451612903227,-14.0793,121.948,2017-03-01,SCOTTSL1,NOAA,29.778587675765095,2017-Mar,0.2278639371381317,0.2278639371381317
29.915333333333333,-14.0793,121.948,2017-04-01,SCOTTSL1,NOAA,29.778587675765095,2017-Apr,0.13674565756823753,0.3646095947063692
29.00548387096774,-14.0793,121.948,2017-05-01,SCOTTSL1,NOAA,29.778587675765095,2017-May,-0.7731038047973549,0
27.704,-14.0793,121.948,2017-06-01,SCOTTSL1,NOAA,29.778587675765095,2017-Jun,-2.0745876757650947,0
27.16741935483871,-14.0793,121.948,2017-07-01,SCOTTSL1,NOAA,29.778587675765095,2017-Jul,-2.611168320926385,0
27.04032258064516,-14.0793,121.948,2017-08-01,SCOTTSL1,NOAA,29.778587675765095,2017-Aug,-2.738265095119935,0
27.476666666666667,-14.0793,121.948,2017-09-01,SCOTTSL1,NOAA,29.778587675765095,2017-Sep,-2.301921009098429,0
28.74741935483871,-14.0793,121.948,2017-10-01,SCOTTSL1,NOAA,29.778587675765095,2017-Oct,-1.0311683209263869,0
30.156333333333333,-14.0793,121.948,2017-11-01,SCOTTSL1,NOAA,29.778587675765095,2017-Nov,0.3777456575682372,0.3777456575682372
30.86741935483871,-14.0793,121.948,2017-12-01,SCOTTSL1,NOAA,29.778587675765095,2017-Dec,1.0888316790736141,1.4665773366418513
30.120322580645162,-14.0793,121.948,2018-01-01,SCOTTSL1,NOAA,29.778587675765095,2018-Jan,0.34173490488006664,1.808312241521918
29.358214285714286,-14.0793,121.948,2018-02-01,SCOTTSL1,NOAA,29.778587675765095,2018-Feb,-0.4203733900508091,0
30.230967741935483,-14.0793,121.948,2018-03-01,SCOTTSL1,NOAA,29.778587675765095,2018-Mar,0.45238006617038806,0.45238006617038806
30.747,-14.0793,121.948,2018-04-01,SCOTTSL1,NOAA,29.778587675765095,2018-Apr,0.9684123242349045,1.4207923904052926
29.47806451612903,-14.0793,121.948,2018-05-01,SCOTTSL1,NOAA,29.778587675765095,2018-May,-0.30052315963606446,0
27.846333333333334,-14.0793,121.948,2018-06-01,SCOTTSL1,NOAA,29.778587675765095,2018-Jun,-1.9322543424317615,0
27.02193548387097,-14.0793,121.948,2018-07-01,SCOTTSL1,NOAA,29.778587675765095,2018-Jul,-2.7566521918941262,0
26.430967741935483,-14.0793,121.948,2018-08-01,SCOTTSL1,NOAA,29.778587675765095,2018-Aug,-3.3476199338296126,0
27.073,-14.0793,121.948,2018-09-01,SCOTTSL1,NOAA,29.778587675765095,2018-Sep,-2.705587675765095,0
28.311290322580646,-14.0793,121.948,2018-10-01,SCOTTSL1,NOAA,29.778587675765095,2018-Oct,-1.467297353184449,0
29.293,-14.0793,121.948,2018-11-01,SCOTTSL1,NOAA,29.778587675765095,2018-Nov,-0.4855876757650961,0
29.202903225806452,-14.0793,121.948,2018-12-01,SCOTTSL1,NOAA,29.778587675765095,2018-Dec,-0.5756844499586435,0
29.725806451612904,-14.0793,121.948,2019-01-01,SCOTTSL1,NOAA,29.778587675765095,2019-Jan,-0.05278122415219144,0
29.6225,-14.0793,121.948,2019-02-01,SCOTTSL1,NOAA,29.778587675765095,2019-Feb,-0.15608767576509663,0
30.30483870967742,-14.0793,121.948,2019-03-01,SCOTTSL1,NOAA,29.778587675765095,2019-Mar,0.5262510339123239,0.5262510339123239
29.81,-14.0793,121.948,2019-04-01,SCOTTSL1,NOAA,29.778587675765095,2019-Apr,0.031412324234903366,0.5576633581472272
29.031612903225806,-14.0793,121.948,2019-05-01,SCOTTSL1,NOAA,29.778587675765095,2019-May,-0.7469747725392892,0
27.733666666666668,-14.0793,121.948,2019-06-01,SCOTTSL1,NOAA,29.778587675765095,2019-Jun,-2.0449210090984273,0
26.86193548387097,-14.0793,121.948,2019-07-01,SCOTTSL1,NOAA,29.778587675765095,2019-Jul,-2.9166521918941264,0
26.353548387096772,-14.0793,121.948,2019-08-01,SCOTTSL1,NOAA,29.778587675765095,2019-Aug,-3.425039288668323,0
26.772,-14.0793,121.948,2019-09-01,SCOTTSL1,NOAA,29.778587675765095,2019-Sep,-3.006587675765097,0
28.49516129032258,-14.0793,121.948,2019-10-01,SCOTTSL1,NOAA,29.778587675765095,2019-Oct,-1.2834263854425139,0
30.059333333333335,-14.0793,121.948,2019-11-01,SCOTTSL1,NOAA,29.778587675765095,2019-Nov,0.28074565756823944,0.28074565756823944
30.879677419354838,-14.0793,121.948,2019-12-01,SCOTTSL1,NOAA,29.778587675765095,2019-Dec,1.1010897435897427,1.381835401157982
29.786129032258064,-14.0793,121.948,2020-01-01,SCOTTSL1,NOAA,29.778587675765095,2020-Jan,0.007541356492968276,1.3893767576509504
29.930689655172415,-14.0793,121.948,2020-02-01,SCOTTSL1,NOAA,29.778587675765095,2020-Feb,0.15210197940731973,1.54147873705827
30.530322580645162,-14.0793,121.948,2020-03-01,SCOTTSL1,NOAA,29.778587675765095,2020-Mar,0.7517349048800668,2.293213641938337
30.877666666666666,-14.0793,121.948,2020-04-01,SCOTTSL1,NOAA,29.778587675765095,2020-Apr,1.099078990901571,3.392292632839908
29.609354838709677,-14.0793,121.948,2020-05-01,SCOTTSL1,NOAA,29.778587675765095,2020-May,-0.16923283705541792,0
28.035333333333334,-14.0793,121.948,2020-06-01,SCOTTSL1,NOAA,29.778587675765095,2020-Jun,-1.7432543424317615,0
27.31290322580645,-14.0793,121.948,2020-07-01,SCOTTSL1,NOAA,29.778587675765095,2020-Jul,-2.465684449958644,0
27.038709677419355,-14.0793,121.948,2020-08-01,SCOTTSL1,NOAA,29.778587675765095,2020-Aug,-2.73987799834574,0
28.262666666666668,-14.0793,121.948,2020-09-01,SCOTTSL1,NOAA,29.778587675765095,2020-Sep,-1.5159210090984274,0
29.030967741935484,-14.0793,121.948,2020-10-01,SCOTTSL1,NOAA,29.778587675765095,2020-Oct,-0.7476199338296112,0
30.289,-14.0793,121.948,2020-11-01,SCOTTSL1,NOAA,29.778587675765095,2020-Nov,0.5104123242349061,0.5104123242349061
30.199032258064516,-14.0793,121.948,2020-12-01,SCOTTSL1,NOAA,29.778587675765095,2020-Dec,0.42044458229942094,0.9308569065343271
30.58258064516129,-14.0793,121.948,2021-01-01,SCOTTSL1,NOAA,29.778587675765095,2021-Jan,0.8039929693961945,1.7348498759305215
29.9475,-14.0793,121.948,2021-02-01,SCOTTSL1,NOAA,29.778587675765095,2021-Feb,0.1689123242349062,1.9037622001654277
30.156774193548387,-14.0793,121.948,2021-03-01,SCOTTSL1,NOAA,29.778587675765095,2021-Mar,0.37818651778329127,2.281948717948719
29.701,-14.0793,121.948,2021-04-01,SCOTTSL1,NOAA,29.778587675765095,2021-Apr,-0.07758767576509484,0
28.94516129032258,-14.0793,121.948,2021-05-01,SCOTTSL1,NOAA,29.778587675765095,2021-May,-0.8334263854425146,0
28.305,-14.0793,121.948,2021-06-01,SCOTTSL1,NOAA,29.778587675765095,2021-Jun,-1.4735876757650956,0
