sst_monthly,Latitude,Longitude,monthly_date,Reef_Site,Data_Type,mmm_from_sst,date,anomaly,HAB10A_DHM
21.856451612903225,-28.4589,113.749,1985-01-01,HAB10A,NOAA,23.77599245469014,1985-Jan,-1.9195408417869153,0
24.045714285714286,-28.4589,113.749,1985-02-01,HAB10A,NOAA,23.77599245469014,1985-Feb,0.26972183102414604,0.26972183102414604
24.50225806451613,-28.4589,113.749,1985-03-01,HAB10A,NOAA,23.77599245469014,1985-Mar,0.7262656098259903,0.9959874408501364
23.965666666666667,-28.4589,113.749,1985-04-01,HAB10A,NOAA,23.77599245469014,1985-Apr,0.18967421197652712,1.1856616528266635
23.399032258064516,-28.4589,113.749,1985-05-01,HAB10A,NOAA,23.77599245469014,1985-May,-0.37696019662562463,0
23.129666666666665,-28.4589,113.749,1985-06-01,HAB10A,NOAA,23.77599245469014,1985-Jun,-0.646325788023475,0
22.169354838709676,-28.4589,113.749,1985-07-01,HAB10A,NOAA,23.77599245469014,1985-Jul,-1.606637615980464,0
20.20193548387097,-28.4589,113.749,1985-08-01,HAB10A,NOAA,23.77599245469014,1985-Aug,-3.5740569708191714,0
20.392,-28.4589,113.749,1985-09-01,HAB10A,NOAA,23.77599245469014,1985-Sep,-3.3839924546901408,0
19.75548387096774,-28.4589,113.749,1985-10-01,HAB10A,NOAA,23.77599245469014,1985-Oct,-4.0205085837224,0
20.045333333333332,-28.4589,113.749,1985-11-01,HAB10A,NOAA,23.77599245469014,1985-Nov,-3.7306591213568083,0
21.538709677419355,-28.4589,113.749,1985-12-01,HAB10A,NOAA,23.77599245469014,1985-Dec,-2.237282777270785,0
22.658709677419356,-28.4589,113.749,1986-01-01,HAB10A,NOAA,23.77599245469014,1986-Jan,-1.117282777270784,0
22.1425,-28.4589,113.749,1986-02-01,HAB10A,NOAA,23.77599245469014,1986-Feb,-1.633492454690142,0
23.109032258064516,-28.4589,113.749,1986-03-01,HAB10A,NOAA,23.77599245469014,1986-Mar,-0.6669601966256238,0
22.2,-28.4589,113.749,1986-04-01,HAB10A,NOAA,23.77599245469014,1986-Apr,-1.575992454690141,0
22.10516129032258,-28.4589,113.749,1986-05-01,HAB10A,NOAA,23.77599245469014,1986-May,-1.6708311643675593,0
21.491333333333333,-28.4589,113.749,1986-06-01,HAB10A,NOAA,23.77599245469014,1986-Jun,-2.284659121356807,0
20.350645161290323,-28.4589,113.749,1986-07-01,HAB10A,NOAA,23.77599245469014,1986-Jul,-3.425347293399817,0
19.911612903225805,-28.4589,113.749,1986-08-01,HAB10A,NOAA,23.77599245469014,1986-Aug,-3.864379551464335,0
19.491333333333333,-28.4589,113.749,1986-09-01,HAB10A,NOAA,23.77599245469014,1986-Sep,-4.284659121356807,0
19.528709677419354,-28.4589,113.749,1986-10-01,HAB10A,NOAA,23.77599245469014,1986-Oct,-4.247282777270787,0
19.887666666666668,-28.4589,113.749,1986-11-01,HAB10A,NOAA,23.77599245469014,1986-Nov,-3.8883257880234723,0
20.694193548387098,-28.4589,113.749,1986-12-01,HAB10A,NOAA,23.77599245469014,1986-Dec,-3.0817989063030424,0
21.525806451612905,-28.4589,113.749,1987-01-01,HAB10A,NOAA,23.77599245469014,1987-Jan,-2.2501860030772356,0
22.481785714285714,-28.4589,113.749,1987-02-01,HAB10A,NOAA,23.77599245469014,1987-Feb,-1.2942067404044266,0
23.013548387096773,-28.4589,113.749,1987-03-01,HAB10A,NOAA,23.77599245469014,1987-Mar,-0.7624440675933677,0
22.797333333333334,-28.4589,113.749,1987-04-01,HAB10A,NOAA,23.77599245469014,1987-Apr,-0.9786591213568059,0
22.40483870967742,-28.4589,113.749,1987-05-01,HAB10A,NOAA,23.77599245469014,1987-May,-1.3711537450127196,0
22.633333333333333,-28.4589,113.749,1987-06-01,HAB10A,NOAA,23.77599245469014,1987-Jun,-1.1426591213568074,0
22.059032258064516,-28.4589,113.749,1987-07-01,HAB10A,NOAA,23.77599245469014,1987-Jul,-1.7169601966256245,0
20.724193548387095,-28.4589,113.749,1987-08-01,HAB10A,NOAA,23.77599245469014,1987-Aug,-3.051798906303045,0
20.480333333333334,-28.4589,113.749,1987-09-01,HAB10A,NOAA,23.77599245469014,1987-Sep,-3.295659121356806,0
20.558387096774194,-28.4589,113.749,1987-10-01,HAB10A,NOAA,23.77599245469014,1987-Oct,-3.2176053579159465,0
20.601,-28.4589,113.749,1987-11-01,HAB10A,NOAA,23.77599245469014,1987-Nov,-3.174992454690141,0
20.61258064516129,-28.4589,113.749,1987-12-01,HAB10A,NOAA,23.77599245469014,1987-Dec,-3.1634118095288493,0
21.760967741935485,-28.4589,113.749,1988-01-01,HAB10A,NOAA,23.77599245469014,1988-Jan,-2.0150247127546557,0
24.02655172413793,-28.4589,113.749,1988-02-01,HAB10A,NOAA,23.77599245469014,1988-Feb,0.25055926944779117,0.25055926944779117
24.013870967741934,-28.4589,113.749,1988-03-01,HAB10A,NOAA,23.77599245469014,1988-Mar,0.2378785130517933,0.48843778249958447
24.235,-28.4589,113.749,1988-04-01,HAB10A,NOAA,23.77599245469014,1988-Apr,0.4590075453098592,0.9474453278094437
23.114838709677418,-28.4589,113.749,1988-05-01,HAB10A,NOAA,23.77599245469014,1988-May,-0.6611537450127223,0
23.348666666666666,-28.4589,113.749,1988-06-01,HAB10A,NOAA,23.77599245469014,1988-Jun,-0.42732578802347376,0
21.984193548387097,-28.4589,113.749,1988-07-01,HAB10A,NOAA,23.77599245469014,1988-Jul,-1.7917989063030433,0
20.774838709677418,-28.4589,113.749,1988-08-01,HAB10A,NOAA,23.77599245469014,1988-Aug,-3.001153745012722,0
20.682666666666666,-28.4589,113.749,1988-09-01,HAB10A,NOAA,23.77599245469014,1988-Sep,-3.093325788023474,0
21.018387096774195,-28.4589,113.749,1988-10-01,HAB10A,NOAA,23.77599245469014,1988-Oct,-2.7576053579159456,0
21.235,-28.4589,113.749,1988-11-01,HAB10A,NOAA,23.77599245469014,1988-Nov,-2.540992454690141,0
21.851935483870967,-28.4589,113.749,1988-12-01,HAB10A,NOAA,23.77599245469014,1988-Dec,-1.9240569708191728,0
23.503870967741936,-28.4589,113.749,1989-01-01,HAB10A,NOAA,23.77599245469014,1989-Jan,-0.2721214869482047,0
23.9325,-28.4589,113.749,1989-02-01,HAB10A,NOAA,23.77599245469014,1989-Feb,0.15650754530986077,0.15650754530986077
25.003870967741936,-28.4589,113.749,1989-03-01,HAB10A,NOAA,23.77599245469014,1989-Mar,1.2278785130517953,1.384386058361656
24.642666666666667,-28.4589,113.749,1989-04-01,HAB10A,NOAA,23.77599245469014,1989-Apr,0.8666742119765267,2.251060270338183
24.33516129032258,-28.4589,113.749,1989-05-01,HAB10A,NOAA,23.77599245469014,1989-May,0.5591688356324411,2.810229105970624
22.471,-28.4589,113.749,1989-06-01,HAB10A,NOAA,23.77599245469014,1989-Jun,-1.3049924546901401,0
21.876129032258063,-28.4589,113.749,1989-07-01,HAB10A,NOAA,23.77599245469014,1989-Jul,-1.8998634224320767,0
20.12290322580645,-28.4589,113.749,1989-08-01,HAB10A,NOAA,23.77599245469014,1989-Aug,-3.6530892288836903,0
20.589666666666666,-28.4589,113.749,1989-09-01,HAB10A,NOAA,23.77599245469014,1989-Sep,-3.186325788023474,0
20.109032258064516,-28.4589,113.749,1989-10-01,HAB10A,NOAA,23.77599245469014,1989-Oct,-3.666960196625624,0
21.088,-28.4589,113.749,1989-11-01,HAB10A,NOAA,23.77599245469014,1989-Nov,-2.6879924546901393,0
21.601290322580645,-28.4589,113.749,1989-12-01,HAB10A,NOAA,23.77599245469014,1989-Dec,-2.174702132109495,0
21.67774193548387,-28.4589,113.749,1990-01-01,HAB10A,NOAA,23.77599245469014,1990-Jan,-2.098250519206271,0
23.497142857142858,-28.4589,113.749,1990-02-01,HAB10A,NOAA,23.77599245469014,1990-Feb,-0.278849597547282,0
24.580322580645163,-28.4589,113.749,1990-03-01,HAB10A,NOAA,23.77599245469014,1990-Mar,0.8043301259550226,0.8043301259550226
22.772,-28.4589,113.749,1990-04-01,HAB10A,NOAA,23.77599245469014,1990-Apr,-1.0039924546901418,0
22.705483870967743,-28.4589,113.749,1990-05-01,HAB10A,NOAA,23.77599245469014,1990-May,-1.0705085837223969,0
21.898,-28.4589,113.749,1990-06-01,HAB10A,NOAA,23.77599245469014,1990-Jun,-1.8779924546901405,0
20.53548387096774,-28.4589,113.749,1990-07-01,HAB10A,NOAA,23.77599245469014,1990-Jul,-3.2405085837223986,0
19.616129032258065,-28.4589,113.749,1990-08-01,HAB10A,NOAA,23.77599245469014,1990-Aug,-4.159863422432075,0
19.764666666666667,-28.4589,113.749,1990-09-01,HAB10A,NOAA,23.77599245469014,1990-Sep,-4.011325788023473,0
19.32548387096774,-28.4589,113.749,1990-10-01,HAB10A,NOAA,23.77599245469014,1990-Oct,-4.450508583722399,0
20.260666666666665,-28.4589,113.749,1990-11-01,HAB10A,NOAA,23.77599245469014,1990-Nov,-3.5153257880234747,0
20.983870967741936,-28.4589,113.749,1990-12-01,HAB10A,NOAA,23.77599245469014,1990-Dec,-2.7921214869482043,0
21.796451612903226,-28.4589,113.749,1991-01-01,HAB10A,NOAA,23.77599245469014,1991-Jan,-1.979540841786914,0
21.580714285714286,-28.4589,113.749,1991-02-01,HAB10A,NOAA,23.77599245469014,1991-Feb,-2.195278168975854,0
22.999354838709678,-28.4589,113.749,1991-03-01,HAB10A,NOAA,23.77599245469014,1991-Mar,-0.7766376159804622,0
23.594333333333335,-28.4589,113.749,1991-04-01,HAB10A,NOAA,23.77599245469014,1991-Apr,-0.1816591213568053,0
23.443870967741937,-28.4589,113.749,1991-05-01,HAB10A,NOAA,23.77599245469014,1991-May,-0.3321214869482034,0
22.425666666666668,-28.4589,113.749,1991-06-01,HAB10A,NOAA,23.77599245469014,1991-Jun,-1.350325788023472,0
21.36258064516129,-28.4589,113.749,1991-07-01,HAB10A,NOAA,23.77599245469014,1991-Jul,-2.4134118095288493,0
20.204516129032257,-28.4589,113.749,1991-08-01,HAB10A,NOAA,23.77599245469014,1991-Aug,-3.5714763256578834,0
20.176333333333332,-28.4589,113.749,1991-09-01,HAB10A,NOAA,23.77599245469014,1991-Sep,-3.599659121356808,0
19.342903225806452,-28.4589,113.749,1991-10-01,HAB10A,NOAA,23.77599245469014,1991-Oct,-4.433089228883688,0
20.337,-28.4589,113.749,1991-11-01,HAB10A,NOAA,23.77599245469014,1991-Nov,-3.4389924546901405,0
20.079354838709676,-28.4589,113.749,1991-12-01,HAB10A,NOAA,23.77599245469014,1991-Dec,-3.696637615980464,0
21.933870967741935,-28.4589,113.749,1992-01-01,HAB10A,NOAA,23.77599245469014,1992-Jan,-1.842121486948205,0
22.83310344827586,-28.4589,113.749,1992-02-01,HAB10A,NOAA,23.77599245469014,1992-Feb,-0.9428890064142799,0
22.94,-28.4589,113.749,1992-03-01,HAB10A,NOAA,23.77599245469014,1992-Mar,-0.8359924546901389,0
23.129,-28.4589,113.749,1992-04-01,HAB10A,NOAA,23.77599245469014,1992-Apr,-0.6469924546901389,0
22.481935483870966,-28.4589,113.749,1992-05-01,HAB10A,NOAA,23.77599245469014,1992-May,-1.2940569708191738,0
21.655,-28.4589,113.749,1992-06-01,HAB10A,NOAA,23.77599245469014,1992-Jun,-2.120992454690139,0
21.204516129032257,-28.4589,113.749,1992-07-01,HAB10A,NOAA,23.77599245469014,1992-Jul,-2.5714763256578834,0
20.641290322580645,-28.4589,113.749,1992-08-01,HAB10A,NOAA,23.77599245469014,1992-Aug,-3.1347021321094957,0
19.529666666666667,-28.4589,113.749,1992-09-01,HAB10A,NOAA,23.77599245469014,1992-Sep,-4.246325788023473,0
19.33451612903226,-28.4589,113.749,1992-10-01,HAB10A,NOAA,23.77599245469014,1992-Oct,-4.441476325657881,0
20.156666666666666,-28.4589,113.749,1992-11-01,HAB10A,NOAA,23.77599245469014,1992-Nov,-3.619325788023474,0
21.499032258064517,-28.4589,113.749,1992-12-01,HAB10A,NOAA,23.77599245469014,1992-Dec,-2.276960196625623,0
21.97,-28.4589,113.749,1993-01-01,HAB10A,NOAA,23.77599245469014,1993-Jan,-1.8059924546901414,0
21.850357142857142,-28.4589,113.749,1993-02-01,HAB10A,NOAA,23.77599245469014,1993-Feb,-1.9256353118329983,0
22.209032258064514,-28.4589,113.749,1993-03-01,HAB10A,NOAA,23.77599245469014,1993-Mar,-1.566960196625626,0
21.867333333333335,-28.4589,113.749,1993-04-01,HAB10A,NOAA,23.77599245469014,1993-Apr,-1.9086591213568056,0
21.605806451612903,-28.4589,113.749,1993-05-01,HAB10A,NOAA,23.77599245469014,1993-May,-2.1701860030772373,0
21.229333333333333,-28.4589,113.749,1993-06-01,HAB10A,NOAA,23.77599245469014,1993-Jun,-2.5466591213568073,0
20.79806451612903,-28.4589,113.749,1993-07-01,HAB10A,NOAA,23.77599245469014,1993-Jul,-2.977927938561109,0
20.089032258064517,-28.4589,113.749,1993-08-01,HAB10A,NOAA,23.77599245469014,1993-Aug,-3.6869601966256234,0
20.253,-28.4589,113.749,1993-09-01,HAB10A,NOAA,23.77599245469014,1993-Sep,-3.52299245469014,0
19.719677419354838,-28.4589,113.749,1993-10-01,HAB10A,NOAA,23.77599245469014,1993-Oct,-4.056315035335302,0
20.207666666666668,-28.4589,113.749,1993-11-01,HAB10A,NOAA,23.77599245469014,1993-Nov,-3.568325788023472,0
21.14,-28.4589,113.749,1993-12-01,HAB10A,NOAA,23.77599245469014,1993-Dec,-2.6359924546901397,0
21.258387096774193,-28.4589,113.749,1994-01-01,HAB10A,NOAA,23.77599245469014,1994-Jan,-2.517605357915947,0
22.30107142857143,-28.4589,113.749,1994-02-01,HAB10A,NOAA,23.77599245469014,1994-Feb,-1.474921026118711,0
23.26516129032258,-28.4589,113.749,1994-03-01,HAB10A,NOAA,23.77599245469014,1994-Mar,-0.5108311643675592,0
23.357333333333333,-28.4589,113.749,1994-04-01,HAB10A,NOAA,23.77599245469014,1994-Apr,-0.41865912135680716,0
23.848387096774193,-28.4589,113.749,1994-05-01,HAB10A,NOAA,23.77599245469014,1994-May,0.07239464208405266,0.07239464208405266
22.489,-28.4589,113.749,1994-06-01,HAB10A,NOAA,23.77599245469014,1994-Jun,-1.2869924546901395,0
21.84548387096774,-28.4589,113.749,1994-07-01,HAB10A,NOAA,23.77599245469014,1994-Jul,-1.9305085837223999,0
21.05032258064516,-28.4589,113.749,1994-08-01,HAB10A,NOAA,23.77599245469014,1994-Aug,-2.7256698740449785,0
20.099333333333334,-28.4589,113.749,1994-09-01,HAB10A,NOAA,23.77599245469014,1994-Sep,-3.6766591213568063,0
19.986451612903227,-28.4589,113.749,1994-10-01,HAB10A,NOAA,23.77599245469014,1994-Oct,-3.7895408417869128,0
20.689666666666668,-28.4589,113.749,1994-11-01,HAB10A,NOAA,23.77599245469014,1994-Nov,-3.0863257880234727,0
21.878709677419355,-28.4589,113.749,1994-12-01,HAB10A,NOAA,23.77599245469014,1994-Dec,-1.8972827772707852,0
22.623870967741937,-28.4589,113.749,1995-01-01,HAB10A,NOAA,23.77599245469014,1995-Jan,-1.1521214869482037,0
23.141785714285714,-28.4589,113.749,1995-02-01,HAB10A,NOAA,23.77599245469014,1995-Feb,-0.6342067404044265,0
24.240000000000002,-28.4589,113.749,1995-03-01,HAB10A,NOAA,23.77599245469014,1995-Mar,0.46400754530986177,0.46400754530986177
24.514666666666667,-28.4589,113.749,1995-04-01,HAB10A,NOAA,23.77599245469014,1995-Apr,0.7386742119765266,1.2026817572863884
23.162903225806453,-28.4589,113.749,1995-05-01,HAB10A,NOAA,23.77599245469014,1995-May,-0.6130892288836876,0
22.102333333333334,-28.4589,113.749,1995-06-01,HAB10A,NOAA,23.77599245469014,1995-Jun,-1.6736591213568062,0
21.126451612903224,-28.4589,113.749,1995-07-01,HAB10A,NOAA,23.77599245469014,1995-Jul,-2.6495408417869157,0
20.359032258064516,-28.4589,113.749,1995-08-01,HAB10A,NOAA,23.77599245469014,1995-Aug,-3.416960196625624,0
19.884333333333334,-28.4589,113.749,1995-09-01,HAB10A,NOAA,23.77599245469014,1995-Sep,-3.891659121356806,0
19.90516129032258,-28.4589,113.749,1995-10-01,HAB10A,NOAA,23.77599245469014,1995-Oct,-3.8708311643675586,0
20.979,-28.4589,113.749,1995-11-01,HAB10A,NOAA,23.77599245469014,1995-Nov,-2.796992454690141,0
21.801290322580645,-28.4589,113.749,1995-12-01,HAB10A,NOAA,23.77599245469014,1995-Dec,-1.9747021321094955,0
22.73741935483871,-28.4589,113.749,1996-01-01,HAB10A,NOAA,23.77599245469014,1996-Jan,-1.0385730998514298,0
23.914827586206897,-28.4589,113.749,1996-02-01,HAB10A,NOAA,23.77599245469014,1996-Feb,0.13883513151675686,0.13883513151675686
23.821290322580644,-28.4589,113.749,1996-03-01,HAB10A,NOAA,23.77599245469014,1996-Mar,0.04529786789050405,0.1841329994072609
23.10333333333333,-28.4589,113.749,1996-04-01,HAB10A,NOAA,23.77599245469014,1996-Apr,-0.6726591213568085,0
22.635806451612904,-28.4589,113.749,1996-05-01,HAB10A,NOAA,23.77599245469014,1996-May,-1.1401860030772362,0
23.08866666666667,-28.4589,113.749,1996-06-01,HAB10A,NOAA,23.77599245469014,1996-Jun,-0.6873257880234718,0
22.176451612903225,-28.4589,113.749,1996-07-01,HAB10A,NOAA,23.77599245469014,1996-Jul,-1.599540841786915,0
21.066774193548387,-28.4589,113.749,1996-08-01,HAB10A,NOAA,23.77599245469014,1996-Aug,-2.7092182611417535,0
20.883666666666667,-28.4589,113.749,1996-09-01,HAB10A,NOAA,23.77599245469014,1996-Sep,-2.8923257880234736,0
20.423548387096773,-28.4589,113.749,1996-10-01,HAB10A,NOAA,23.77599245469014,1996-Oct,-3.3524440675933675,0
21.415,-28.4589,113.749,1996-11-01,HAB10A,NOAA,23.77599245469014,1996-Nov,-2.360992454690141,0
21.94322580645161,-28.4589,113.749,1996-12-01,HAB10A,NOAA,23.77599245469014,1996-Dec,-1.832766648238529,0
23.043225806451613,-28.4589,113.749,1997-01-01,HAB10A,NOAA,23.77599245469014,1997-Jan,-0.7327666482385276,0
23.634642857142858,-28.4589,113.749,1997-02-01,HAB10A,NOAA,23.77599245469014,1997-Feb,-0.1413495975472827,0
23.38258064516129,-28.4589,113.749,1997-03-01,HAB10A,NOAA,23.77599245469014,1997-Mar,-0.3934118095288497,0
23.43166666666667,-28.4589,113.749,1997-04-01,HAB10A,NOAA,23.77599245469014,1997-Apr,-0.3443257880234718,0
22.77193548387097,-28.4589,113.749,1997-05-01,HAB10A,NOAA,23.77599245469014,1997-May,-1.0040569708191711,0
22.546666666666667,-28.4589,113.749,1997-06-01,HAB10A,NOAA,23.77599245469014,1997-Jun,-1.2293257880234734,0
21.376451612903224,-28.4589,113.749,1997-07-01,HAB10A,NOAA,23.77599245469014,1997-Jul,-2.3995408417869157,0
20.04774193548387,-28.4589,113.749,1997-08-01,HAB10A,NOAA,23.77599245469014,1997-Aug,-3.72825051920627,0
19.941333333333333,-28.4589,113.749,1997-09-01,HAB10A,NOAA,23.77599245469014,1997-Sep,-3.8346591213568075,0
20.16258064516129,-28.4589,113.749,1997-10-01,HAB10A,NOAA,23.77599245469014,1997-Oct,-3.6134118095288486,0
20.551333333333332,-28.4589,113.749,1997-11-01,HAB10A,NOAA,23.77599245469014,1997-Nov,-3.224659121356808,0
21.545806451612904,-28.4589,113.749,1997-12-01,HAB10A,NOAA,23.77599245469014,1997-Dec,-2.230186003077236,0
22.02935483870968,-28.4589,113.749,1998-01-01,HAB10A,NOAA,23.77599245469014,1998-Jan,-1.746637615980461,0
22.007857142857144,-28.4589,113.749,1998-02-01,HAB10A,NOAA,23.77599245469014,1998-Feb,-1.7681353118329959,0
23.066451612903226,-28.4589,113.749,1998-03-01,HAB10A,NOAA,23.77599245469014,1998-Mar,-0.7095408417869145,0
23.785333333333334,-28.4589,113.749,1998-04-01,HAB10A,NOAA,23.77599245469014,1998-Apr,0.009340878643193662,0.009340878643193662
24.092903225806452,-28.4589,113.749,1998-05-01,HAB10A,NOAA,23.77599245469014,1998-May,0.31691077111631216,0.3262516497595058
23.421333333333333,-28.4589,113.749,1998-06-01,HAB10A,NOAA,23.77599245469014,1998-Jun,-0.3546591213568071,0
21.991612903225807,-28.4589,113.749,1998-07-01,HAB10A,NOAA,23.77599245469014,1998-Jul,-1.7843795514643332,0
21.278709677419354,-28.4589,113.749,1998-08-01,HAB10A,NOAA,23.77599245469014,1998-Aug,-2.4972827772707866,0
20.656,-28.4589,113.749,1998-09-01,HAB10A,NOAA,23.77599245469014,1998-Sep,-3.1199924546901414,0
20.600967741935484,-28.4589,113.749,1998-10-01,HAB10A,NOAA,23.77599245469014,1998-Oct,-3.175024712754656,0
21.046666666666667,-28.4589,113.749,1998-11-01,HAB10A,NOAA,23.77599245469014,1998-Nov,-2.7293257880234734,0
22.05,-28.4589,113.749,1998-12-01,HAB10A,NOAA,23.77599245469014,1998-Dec,-1.7259924546901395,0
22.331290322580646,-28.4589,113.749,1999-01-01,HAB10A,NOAA,23.77599245469014,1999-Jan,-1.4447021321094944,0
23.142142857142858,-28.4589,113.749,1999-02-01,HAB10A,NOAA,23.77599245469014,1999-Feb,-0.6338495975472824,0
23.90741935483871,-28.4589,113.749,1999-03-01,HAB10A,NOAA,23.77599245469014,1999-Mar,0.1314269001485684,0.1314269001485684
25.481666666666666,-28.4589,113.749,1999-04-01,HAB10A,NOAA,23.77599245469014,1999-Apr,1.7056742119765254,1.8371011121250937
24.761935483870968,-28.4589,113.749,1999-05-01,HAB10A,NOAA,23.77599245469014,1999-May,0.9859430291808273,2.823044141305921
23.503333333333334,-28.4589,113.749,1999-06-01,HAB10A,NOAA,23.77599245469014,1999-Jun,-0.27265912135680637,0
22.220967741935485,-28.4589,113.749,1999-07-01,HAB10A,NOAA,23.77599245469014,1999-Jul,-1.5550247127546548,0
20.446129032258064,-28.4589,113.749,1999-08-01,HAB10A,NOAA,23.77599245469014,1999-Aug,-3.3298634224320764,0
20.319333333333333,-28.4589,113.749,1999-09-01,HAB10A,NOAA,23.77599245469014,1999-Sep,-3.4566591213568074,0
20.47483870967742,-28.4589,113.749,1999-10-01,HAB10A,NOAA,23.77599245469014,1999-Oct,-3.3011537450127193,0
21.097,-28.4589,113.749,1999-11-01,HAB10A,NOAA,23.77599245469014,1999-Nov,-2.678992454690139,0
22.887096774193548,-28.4589,113.749,1999-12-01,HAB10A,NOAA,23.77599245469014,1999-Dec,-0.8888956804965922,0
24.784193548387098,-28.4589,113.749,2000-01-01,HAB10A,NOAA,23.77599245469014,2000-Jan,1.0082010936969574,1.0082010936969574
24.537586206896552,-28.4589,113.749,2000-02-01,HAB10A,NOAA,23.77599245469014,2000-Feb,0.7615937522064122,1.7697948459033697
24.099677419354837,-28.4589,113.749,2000-03-01,HAB10A,NOAA,23.77599245469014,2000-Mar,0.32368496466469665,2.0934798105680663
24.398333333333333,-28.4589,113.749,2000-04-01,HAB10A,NOAA,23.77599245469014,2000-Apr,0.6223408786431932,2.7158206892112595
23.74483870967742,-28.4589,113.749,2000-05-01,HAB10A,NOAA,23.77599245469014,2000-May,-0.031153745012719725,0
22.733333333333334,-28.4589,113.749,2000-06-01,HAB10A,NOAA,23.77599245469014,2000-Jun,-1.042659121356806,0
21.310645161290324,-28.4589,113.749,2000-07-01,HAB10A,NOAA,23.77599245469014,2000-Jul,-2.465347293399816,0
20.56741935483871,-28.4589,113.749,2000-08-01,HAB10A,NOAA,23.77599245469014,2000-Aug,-3.2085730998514315,0
20.186,-28.4589,113.749,2000-09-01,HAB10A,NOAA,23.77599245469014,2000-Sep,-3.5899924546901403,0
20.22,-28.4589,113.749,2000-10-01,HAB10A,NOAA,23.77599245469014,2000-Oct,-3.5559924546901414,0
21.053666666666665,-28.4589,113.749,2000-11-01,HAB10A,NOAA,23.77599245469014,2000-Nov,-2.7223257880234755,0
21.383870967741935,-28.4589,113.749,2000-12-01,HAB10A,NOAA,23.77599245469014,2000-Dec,-2.3921214869482057,0
22.05741935483871,-28.4589,113.749,2001-01-01,HAB10A,NOAA,23.77599245469014,2001-Jan,-1.7185730998514295,0
22.52357142857143,-28.4589,113.749,2001-02-01,HAB10A,NOAA,23.77599245469014,2001-Feb,-1.2524210261187108,0
23.259354838709676,-28.4589,113.749,2001-03-01,HAB10A,NOAA,23.77599245469014,2001-Mar,-0.5166376159804642,0
23.345666666666666,-28.4589,113.749,2001-04-01,HAB10A,NOAA,23.77599245469014,2001-Apr,-0.4303257880234739,0
23.11064516129032,-28.4589,113.749,2001-05-01,HAB10A,NOAA,23.77599245469014,2001-May,-0.6653472933998188,0
22.636333333333333,-28.4589,113.749,2001-06-01,HAB10A,NOAA,23.77599245469014,2001-Jun,-1.1396591213568072,0
21.531935483870967,-28.4589,113.749,2001-07-01,HAB10A,NOAA,23.77599245469014,2001-Jul,-2.244056970819173,0
20.316451612903226,-28.4589,113.749,2001-08-01,HAB10A,NOAA,23.77599245469014,2001-Aug,-3.4595408417869145,0
20.177,-28.4589,113.749,2001-09-01,HAB10A,NOAA,23.77599245469014,2001-Sep,-3.5989924546901406,0
19.22290322580645,-28.4589,113.749,2001-10-01,HAB10A,NOAA,23.77599245469014,2001-Oct,-4.553089228883689,0
20.18733333333333,-28.4589,113.749,2001-11-01,HAB10A,NOAA,23.77599245469014,2001-Nov,-3.588659121356809,0
21.245806451612903,-28.4589,113.749,2001-12-01,HAB10A,NOAA,23.77599245469014,2001-Dec,-2.5301860030772367,0
21.789677419354838,-28.4589,113.749,2002-01-01,HAB10A,NOAA,23.77599245469014,2002-Jan,-1.986315035335302,0
22.985,-28.4589,113.749,2002-02-01,HAB10A,NOAA,23.77599245469014,2002-Feb,-0.7909924546901408,0
22.97741935483871,-28.4589,113.749,2002-03-01,HAB10A,NOAA,23.77599245469014,2002-Mar,-0.7985730998514313,0
23.215,-28.4589,113.749,2002-04-01,HAB10A,NOAA,23.77599245469014,2002-Apr,-0.5609924546901404,0
23.127096774193546,-28.4589,113.749,2002-05-01,HAB10A,NOAA,23.77599245469014,2002-May,-0.6488956804965937,0
22.893,-28.4589,113.749,2002-06-01,HAB10A,NOAA,23.77599245469014,2002-Jun,-0.8829924546901395,0
21.7,-28.4589,113.749,2002-07-01,HAB10A,NOAA,23.77599245469014,2002-Jul,-2.075992454690141,0
20.572580645161292,-28.4589,113.749,2002-08-01,HAB10A,NOAA,23.77599245469014,2002-Aug,-3.2034118095288484,0
19.797666666666668,-28.4589,113.749,2002-09-01,HAB10A,NOAA,23.77599245469014,2002-Sep,-3.978325788023472,0
19.509354838709676,-28.4589,113.749,2002-10-01,HAB10A,NOAA,23.77599245469014,2002-Oct,-4.266637615980464,0
20.151,-28.4589,113.749,2002-11-01,HAB10A,NOAA,23.77599245469014,2002-Nov,-3.6249924546901404,0
21.137096774193548,-28.4589,113.749,2002-12-01,HAB10A,NOAA,23.77599245469014,2002-Dec,-2.638895680496592,0
22.284193548387098,-28.4589,113.749,2003-01-01,HAB10A,NOAA,23.77599245469014,2003-Jan,-1.4917989063030426,0
22.915,-28.4589,113.749,2003-02-01,HAB10A,NOAA,23.77599245469014,2003-Feb,-0.8609924546901411,0
23.608064516129033,-28.4589,113.749,2003-03-01,HAB10A,NOAA,23.77599245469014,2003-Mar,-0.16792793856110677,0
23.288666666666668,-28.4589,113.749,2003-04-01,HAB10A,NOAA,23.77599245469014,2003-Apr,-0.4873257880234725,0
23.15032258064516,-28.4589,113.749,2003-05-01,HAB10A,NOAA,23.77599245469014,2003-May,-0.6256698740449806,0
21.919,-28.4589,113.749,2003-06-01,HAB10A,NOAA,23.77599245469014,2003-Jun,-1.8569924546901397,0
21.063225806451612,-28.4589,113.749,2003-07-01,HAB10A,NOAA,23.77599245469014,2003-Jul,-2.712766648238528,0
20.305806451612902,-28.4589,113.749,2003-08-01,HAB10A,NOAA,23.77599245469014,2003-Aug,-3.470186003077238,0
19.577,-28.4589,113.749,2003-09-01,HAB10A,NOAA,23.77599245469014,2003-Sep,-4.1989924546901385,0
19.524838709677418,-28.4589,113.749,2003-10-01,HAB10A,NOAA,23.77599245469014,2003-Oct,-4.251153745012722,0
19.865333333333332,-28.4589,113.749,2003-11-01,HAB10A,NOAA,23.77599245469014,2003-Nov,-3.910659121356808,0
20.71548387096774,-28.4589,113.749,2003-12-01,HAB10A,NOAA,23.77599245469014,2003-Dec,-3.060508583722399,0
21.983870967741936,-28.4589,113.749,2004-01-01,HAB10A,NOAA,23.77599245469014,2004-Jan,-1.7921214869482043,0
23.022758620689654,-28.4589,113.749,2004-02-01,HAB10A,NOAA,23.77599245469014,2004-Feb,-0.7532338340004863,0
22.22935483870968,-28.4589,113.749,2004-03-01,HAB10A,NOAA,23.77599245469014,2004-Mar,-1.5466376159804618,0
22.473666666666666,-28.4589,113.749,2004-04-01,HAB10A,NOAA,23.77599245469014,2004-Apr,-1.3023257880234738,0
22.934516129032257,-28.4589,113.749,2004-05-01,HAB10A,NOAA,23.77599245469014,2004-May,-0.841476325657883,0
22.359666666666666,-28.4589,113.749,2004-06-01,HAB10A,NOAA,23.77599245469014,2004-Jun,-1.4163257880234745,0
21.386129032258065,-28.4589,113.749,2004-07-01,HAB10A,NOAA,23.77599245469014,2004-Jul,-2.389863422432075,0
19.92483870967742,-28.4589,113.749,2004-08-01,HAB10A,NOAA,23.77599245469014,2004-Aug,-3.85115374501272,0
19.076666666666668,-28.4589,113.749,2004-09-01,HAB10A,NOAA,23.77599245469014,2004-Sep,-4.699325788023472,0
19.892258064516128,-28.4589,113.749,2004-10-01,HAB10A,NOAA,23.77599245469014,2004-Oct,-3.8837343901740127,0
20.667666666666666,-28.4589,113.749,2004-11-01,HAB10A,NOAA,23.77599245469014,2004-Nov,-3.1083257880234747,0
21.898064516129033,-28.4589,113.749,2004-12-01,HAB10A,NOAA,23.77599245469014,2004-Dec,-1.8779279385611076,0
21.651290322580646,-28.4589,113.749,2005-01-01,HAB10A,NOAA,23.77599245469014,2005-Jan,-2.124702132109494,0
21.919285714285714,-28.4589,113.749,2005-02-01,HAB10A,NOAA,23.77599245469014,2005-Feb,-1.8567067404044266,0
23.425806451612903,-28.4589,113.749,2005-03-01,HAB10A,NOAA,23.77599245469014,2005-Mar,-0.350186003077237,0
22.753,-28.4589,113.749,2005-04-01,HAB10A,NOAA,23.77599245469014,2005-Apr,-1.02299245469014,0
23.364193548387096,-28.4589,113.749,2005-05-01,HAB10A,NOAA,23.77599245469014,2005-May,-0.4117989063030443,0
22.885666666666665,-28.4589,113.749,2005-06-01,HAB10A,NOAA,23.77599245469014,2005-Jun,-0.8903257880234747,0
21.570967741935483,-28.4589,113.749,2005-07-01,HAB10A,NOAA,23.77599245469014,2005-Jul,-2.205024712754657,0
20.24290322580645,-28.4589,113.749,2005-08-01,HAB10A,NOAA,23.77599245469014,2005-Aug,-3.5330892288836893,0
19.762333333333334,-28.4589,113.749,2005-09-01,HAB10A,NOAA,23.77599245469014,2005-Sep,-4.013659121356806,0
19.336451612903225,-28.4589,113.749,2005-10-01,HAB10A,NOAA,23.77599245469014,2005-Oct,-4.439540841786915,0
19.880666666666666,-28.4589,113.749,2005-11-01,HAB10A,NOAA,23.77599245469014,2005-Nov,-3.8953257880234737,0
20.598709677419354,-28.4589,113.749,2005-12-01,HAB10A,NOAA,23.77599245469014,2005-Dec,-3.1772827772707863,0
21.30709677419355,-28.4589,113.749,2006-01-01,HAB10A,NOAA,23.77599245469014,2006-Jan,-2.4688956804965905,0
22.25,-28.4589,113.749,2006-02-01,HAB10A,NOAA,23.77599245469014,2006-Feb,-1.5259924546901402,0
23.88290322580645,-28.4589,113.749,2006-03-01,HAB10A,NOAA,23.77599245469014,2006-Mar,0.10691077111631131,0.10691077111631131
22.679333333333332,-28.4589,113.749,2006-04-01,HAB10A,NOAA,23.77599245469014,2006-Apr,-1.096659121356808,0
22.748387096774195,-28.4589,113.749,2006-05-01,HAB10A,NOAA,23.77599245469014,2006-May,-1.0276053579159452,0
22.913,-28.4589,113.749,2006-06-01,HAB10A,NOAA,23.77599245469014,2006-Jun,-0.86299245469014,0
21.552580645161292,-28.4589,113.749,2006-07-01,HAB10A,NOAA,23.77599245469014,2006-Jul,-2.223411809528848,0
20.90774193548387,-28.4589,113.749,2006-08-01,HAB10A,NOAA,23.77599245469014,2006-Aug,-2.8682505192062706,0
20.240333333333332,-28.4589,113.749,2006-09-01,HAB10A,NOAA,23.77599245469014,2006-Sep,-3.535659121356808,0
20.204193548387096,-28.4589,113.749,2006-10-01,HAB10A,NOAA,23.77599245469014,2006-Oct,-3.5717989063030444,0
21.340333333333334,-28.4589,113.749,2006-11-01,HAB10A,NOAA,23.77599245469014,2006-Nov,-2.4356591213568066,0
22.031612903225806,-28.4589,113.749,2006-12-01,HAB10A,NOAA,23.77599245469014,2006-Dec,-1.744379551464334,0
22.561612903225807,-28.4589,113.749,2007-01-01,HAB10A,NOAA,23.77599245469014,2007-Jan,-1.214379551464333,0
23.089285714285715,-28.4589,113.749,2007-02-01,HAB10A,NOAA,23.77599245469014,2007-Feb,-0.6867067404044249,0
23.13290322580645,-28.4589,113.749,2007-03-01,HAB10A,NOAA,23.77599245469014,2007-Mar,-0.6430892288836887,0
22.617,-28.4589,113.749,2007-04-01,HAB10A,NOAA,23.77599245469014,2007-Apr,-1.1589924546901393,0
22.54193548387097,-28.4589,113.749,2007-05-01,HAB10A,NOAA,23.77599245469014,2007-May,-1.2340569708191715,0
22.323999999999998,-28.4589,113.749,2007-06-01,HAB10A,NOAA,23.77599245469014,2007-Jun,-1.4519924546901422,0
21.780645161290323,-28.4589,113.749,2007-07-01,HAB10A,NOAA,23.77599245469014,2007-Jul,-1.995347293399817,0
21.047096774193548,-28.4589,113.749,2007-08-01,HAB10A,NOAA,23.77599245469014,2007-Aug,-2.728895680496592,0
20.674,-28.4589,113.749,2007-09-01,HAB10A,NOAA,23.77599245469014,2007-Sep,-3.1019924546901407,0
20.370967741935484,-28.4589,113.749,2007-10-01,HAB10A,NOAA,23.77599245469014,2007-Oct,-3.4050247127546562,0
20.683666666666667,-28.4589,113.749,2007-11-01,HAB10A,NOAA,23.77599245469014,2007-Nov,-3.092325788023473,0
21.51225806451613,-28.4589,113.749,2007-12-01,HAB10A,NOAA,23.77599245469014,2007-Dec,-2.2637343901740117,0
22.828064516129032,-28.4589,113.749,2008-01-01,HAB10A,NOAA,23.77599245469014,2008-Jan,-0.9479279385611079,0
24.41793103448276,-28.4589,113.749,2008-02-01,HAB10A,NOAA,23.77599245469014,2008-Feb,0.6419385797926189,0.6419385797926189
24.053548387096775,-28.4589,113.749,2008-03-01,HAB10A,NOAA,23.77599245469014,2008-Mar,0.277555932406635,0.9194945121992539
24.765,-28.4589,113.749,2008-04-01,HAB10A,NOAA,23.77599245469014,2008-Apr,0.9890075453098603,1.9085020575091143
24.356774193548386,-28.4589,113.749,2008-05-01,HAB10A,NOAA,23.77599245469014,2008-May,0.5807817388582457,2.48928379636736
23.245333333333335,-28.4589,113.749,2008-06-01,HAB10A,NOAA,23.77599245469014,2008-Jun,-0.5306591213568055,0
21.384193548387096,-28.4589,113.749,2008-07-01,HAB10A,NOAA,23.77599245469014,2008-Jul,-2.3917989063030447,0
20.240967741935485,-28.4589,113.749,2008-08-01,HAB10A,NOAA,23.77599245469014,2008-Aug,-3.5350247127546552,0
20.529666666666667,-28.4589,113.749,2008-09-01,HAB10A,NOAA,23.77599245469014,2008-Sep,-3.246325788023473,0
20.95193548387097,-28.4589,113.749,2008-10-01,HAB10A,NOAA,23.77599245469014,2008-Oct,-2.8240569708191714,0
20.713,-28.4589,113.749,2008-11-01,HAB10A,NOAA,23.77599245469014,2008-Nov,-3.0629924546901393,0
21.523225806451613,-28.4589,113.749,2008-12-01,HAB10A,NOAA,23.77599245469014,2008-Dec,-2.252766648238527,0
22.589354838709678,-28.4589,113.749,2009-01-01,HAB10A,NOAA,23.77599245469014,2009-Jan,-1.1866376159804624,0
23.50357142857143,-28.4589,113.749,2009-02-01,HAB10A,NOAA,23.77599245469014,2009-Feb,-0.27242102611871033,0
23.68032258064516,-28.4589,113.749,2009-03-01,HAB10A,NOAA,23.77599245469014,2009-Mar,-0.09566987404497951,0
23.276,-28.4589,113.749,2009-04-01,HAB10A,NOAA,23.77599245469014,2009-Apr,-0.4999924546901404,0
23.366129032258065,-28.4589,113.749,2009-05-01,HAB10A,NOAA,23.77599245469014,2009-May,-0.40986342243207474,0
22.498,-28.4589,113.749,2009-06-01,HAB10A,NOAA,23.77599245469014,2009-Jun,-1.2779924546901391,0
21.374193548387098,-28.4589,113.749,2009-07-01,HAB10A,NOAA,23.77599245469014,2009-Jul,-2.4017989063030427,0
20.779032258064515,-28.4589,113.749,2009-08-01,HAB10A,NOAA,23.77599245469014,2009-Aug,-2.9969601966256256,0
19.871666666666666,-28.4589,113.749,2009-09-01,HAB10A,NOAA,23.77599245469014,2009-Sep,-3.904325788023474,0
19.95774193548387,-28.4589,113.749,2009-10-01,HAB10A,NOAA,23.77599245469014,2009-Oct,-3.81825051920627,0
21.192333333333334,-28.4589,113.749,2009-11-01,HAB10A,NOAA,23.77599245469014,2009-Nov,-2.5836591213568063,0
21.982258064516127,-28.4589,113.749,2009-12-01,HAB10A,NOAA,23.77599245469014,2009-Dec,-1.7937343901740128,0
22.695483870967742,-28.4589,113.749,2010-01-01,HAB10A,NOAA,23.77599245469014,2010-Jan,-1.0805085837223984,0
23.118928571428572,-28.4589,113.749,2010-02-01,HAB10A,NOAA,23.77599245469014,2010-Feb,-0.6570638832615678,0
23.19322580645161,-28.4589,113.749,2010-03-01,HAB10A,NOAA,23.77599245469014,2010-Mar,-0.582766648238529,0
22.363333333333333,-28.4589,113.749,2010-04-01,HAB10A,NOAA,23.77599245469014,2010-Apr,-1.412659121356807,0
22.07677419354839,-28.4589,113.749,2010-05-01,HAB10A,NOAA,23.77599245469014,2010-May,-1.699218261141752,0
21.934333333333335,-28.4589,113.749,2010-06-01,HAB10A,NOAA,23.77599245469014,2010-Jun,-1.8416591213568054,0
20.768387096774195,-28.4589,113.749,2010-07-01,HAB10A,NOAA,23.77599245469014,2010-Jul,-3.0076053579159456,0
20.425806451612903,-28.4589,113.749,2010-08-01,HAB10A,NOAA,23.77599245469014,2010-Aug,-3.350186003077237,0
20.227333333333334,-28.4589,113.749,2010-09-01,HAB10A,NOAA,23.77599245469014,2010-Sep,-3.548659121356806,0
20.67225806451613,-28.4589,113.749,2010-10-01,HAB10A,NOAA,23.77599245469014,2010-Oct,-3.1037343901740115,0
21.726,-28.4589,113.749,2010-11-01,HAB10A,NOAA,23.77599245469014,2010-Nov,-2.049992454690141,0
22.993225806451612,-28.4589,113.749,2010-12-01,HAB10A,NOAA,23.77599245469014,2010-Dec,-0.7827666482385283,0
24.433225806451613,-28.4589,113.749,2011-01-01,HAB10A,NOAA,23.77599245469014,2011-Jan,0.657233351761473,0.657233351761473
26.186071428571427,-28.4589,113.749,2011-02-01,HAB10A,NOAA,23.77599245469014,2011-Feb,2.410078973881287,3.06731232564276
26.545483870967743,-28.4589,113.749,2011-03-01,HAB10A,NOAA,23.77599245469014,2011-Mar,2.769491416277603,5.836803741920363
25.043,-28.4589,113.749,2011-04-01,HAB10A,NOAA,23.77599245469014,2011-Apr,1.267007545309859,7.103811287230222
24.517741935483873,-28.4589,113.749,2011-05-01,HAB10A,NOAA,23.77599245469014,2011-May,0.7417494807937324,7.8455607680239545
23.163666666666668,-28.4589,113.749,2011-06-01,HAB10A,NOAA,23.77599245469014,2011-Jun,-0.6123257880234725,0
21.80516129032258,-28.4589,113.749,2011-07-01,HAB10A,NOAA,23.77599245469014,2011-Jul,-1.97083116436756,0
21.199032258064516,-28.4589,113.749,2011-08-01,HAB10A,NOAA,23.77599245469014,2011-Aug,-2.576960196625624,0
20.616666666666667,-28.4589,113.749,2011-09-01,HAB10A,NOAA,23.77599245469014,2011-Sep,-3.159325788023473,0
20.733225806451614,-28.4589,113.749,2011-10-01,HAB10A,NOAA,23.77599245469014,2011-Oct,-3.0427666482385263,0
21.486333333333334,-28.4589,113.749,2011-11-01,HAB10A,NOAA,23.77599245469014,2011-Nov,-2.289659121356806,0
22.54064516129032,-28.4589,113.749,2011-12-01,HAB10A,NOAA,23.77599245469014,2011-Dec,-1.235347293399819,0
24.137096774193548,-28.4589,113.749,2012-01-01,HAB10A,NOAA,23.77599245469014,2012-Jan,0.3611043195034078,0.3611043195034078
24.99310344827586,-28.4589,113.749,2012-02-01,HAB10A,NOAA,23.77599245469014,2012-Feb,1.2171109935857203,1.578215313089128
24.778387096774193,-28.4589,113.749,2012-03-01,HAB10A,NOAA,23.77599245469014,2012-Mar,1.0023946420840524,2.5806099551731805
24.297333333333334,-28.4589,113.749,2012-04-01,HAB10A,NOAA,23.77599245469014,2012-Apr,0.5213408786431941,3.1019508338163746
23.549032258064518,-28.4589,113.749,2012-05-01,HAB10A,NOAA,23.77599245469014,2012-May,-0.2269601966256225,0
22.817,-28.4589,113.749,2012-06-01,HAB10A,NOAA,23.77599245469014,2012-Jun,-0.95899245469014,0
21.03322580645161,-28.4589,113.749,2012-07-01,HAB10A,NOAA,23.77599245469014,2012-Jul,-2.742766648238529,0
20.346451612903227,-28.4589,113.749,2012-08-01,HAB10A,NOAA,23.77599245469014,2012-Aug,-3.4295408417869133,0
19.737333333333332,-28.4589,113.749,2012-09-01,HAB10A,NOAA,23.77599245469014,2012-Sep,-4.038659121356808,0
19.94451612903226,-28.4589,113.749,2012-10-01,HAB10A,NOAA,23.77599245469014,2012-Oct,-3.8314763256578814,0
20.797666666666668,-28.4589,113.749,2012-11-01,HAB10A,NOAA,23.77599245469014,2012-Nov,-2.978325788023472,0
22.03,-28.4589,113.749,2012-12-01,HAB10A,NOAA,23.77599245469014,2012-Dec,-1.745992454690139,0
23.579354838709676,-28.4589,113.749,2013-01-01,HAB10A,NOAA,23.77599245469014,2013-Jan,-0.19663761598046392,0
24.734285714285715,-28.4589,113.749,2013-02-01,HAB10A,NOAA,23.77599245469014,2013-Feb,0.9582932595955747,0.9582932595955747
24.26451612903226,-28.4589,113.749,2013-03-01,HAB10A,NOAA,23.77599245469014,2013-Mar,0.48852367434211885,1.4468169339376935
24.198666666666668,-28.4589,113.749,2013-04-01,HAB10A,NOAA,23.77599245469014,2013-Apr,0.42267421197652766,1.8694911459142212
23.71483870967742,-28.4589,113.749,2013-05-01,HAB10A,NOAA,23.77599245469014,2013-May,-0.06115374501272086,0
22.628,-28.4589,113.749,2013-06-01,HAB10A,NOAA,23.77599245469014,2013-Jun,-1.14799245469014,0
21.646129032258063,-28.4589,113.749,2013-07-01,HAB10A,NOAA,23.77599245469014,2013-Jul,-2.129863422432077,0
20.931612903225805,-28.4589,113.749,2013-08-01,HAB10A,NOAA,23.77599245469014,2013-Aug,-2.8443795514643355,0
20.304,-28.4589,113.749,2013-09-01,HAB10A,NOAA,23.77599245469014,2013-Sep,-3.4719924546901417,0
20.365806451612904,-28.4589,113.749,2013-10-01,HAB10A,NOAA,23.77599245469014,2013-Oct,-3.4101860030772357,0
21.566,-28.4589,113.749,2013-11-01,HAB10A,NOAA,23.77599245469014,2013-Nov,-2.2099924546901413,0
22.53322580645161,-28.4589,113.749,2013-12-01,HAB10A,NOAA,23.77599245469014,2013-Dec,-1.2427666482385291,0
23.321612903225805,-28.4589,113.749,2014-01-01,HAB10A,NOAA,23.77599245469014,2014-Jan,-0.45437955146433495,0
23.912857142857142,-28.4589,113.749,2014-02-01,HAB10A,NOAA,23.77599245469014,2014-Feb,0.1368646881670017,0.1368646881670017
23.67322580645161,-28.4589,113.749,2014-03-01,HAB10A,NOAA,23.77599245469014,2014-Mar,-0.10276664823852855,0
23.707666666666668,-28.4589,113.749,2014-04-01,HAB10A,NOAA,23.77599245469014,2014-Apr,-0.068325788023472,0
22.849032258064515,-28.4589,113.749,2014-05-01,HAB10A,NOAA,23.77599245469014,2014-May,-0.9269601966256253,0
22.524333333333335,-28.4589,113.749,2014-06-01,HAB10A,NOAA,23.77599245469014,2014-Jun,-1.2516591213568056,0
21.81,-28.4589,113.749,2014-07-01,HAB10A,NOAA,23.77599245469014,2014-Jul,-1.9659924546901415,0
21.411290322580644,-28.4589,113.749,2014-08-01,HAB10A,NOAA,23.77599245469014,2014-Aug,-2.364702132109496,0
21.39966666666667,-28.4589,113.749,2014-09-01,HAB10A,NOAA,23.77599245469014,2014-Sep,-2.376325788023472,0
20.83258064516129,-28.4589,113.749,2014-10-01,HAB10A,NOAA,23.77599245469014,2014-Oct,-2.9434118095288504,0
21.087,-28.4589,113.749,2014-11-01,HAB10A,NOAA,23.77599245469014,2014-Nov,-2.6889924546901405,0
21.573870967741936,-28.4589,113.749,2014-12-01,HAB10A,NOAA,23.77599245469014,2014-Dec,-2.2021214869482044,0
22.65225806451613,-28.4589,113.749,2015-01-01,HAB10A,NOAA,23.77599245469014,2015-Jan,-1.1237343901740111,0
23.71142857142857,-28.4589,113.749,2015-02-01,HAB10A,NOAA,23.77599245469014,2015-Feb,-0.06456388326157025,0
23.881612903225808,-28.4589,113.749,2015-03-01,HAB10A,NOAA,23.77599245469014,2015-Mar,0.10562044853566732,0.10562044853566732
23.746333333333332,-28.4589,113.749,2015-04-01,HAB10A,NOAA,23.77599245469014,2015-Apr,-0.029659121356807816,0
22.914516129032258,-28.4589,113.749,2015-05-01,HAB10A,NOAA,23.77599245469014,2015-May,-0.8614763256578826,0
22.32,-28.4589,113.749,2015-06-01,HAB10A,NOAA,23.77599245469014,2015-Jun,-1.45599245469014,0
21.473225806451612,-28.4589,113.749,2015-07-01,HAB10A,NOAA,23.77599245469014,2015-Jul,-2.302766648238528,0
20.44709677419355,-28.4589,113.749,2015-08-01,HAB10A,NOAA,23.77599245469014,2015-Aug,-3.32889568049659,0
20.188333333333333,-28.4589,113.749,2015-09-01,HAB10A,NOAA,23.77599245469014,2015-Sep,-3.5876591213568076,0
20.594193548387096,-28.4589,113.749,2015-10-01,HAB10A,NOAA,23.77599245469014,2015-Oct,-3.181798906303044,0
21.491333333333333,-28.4589,113.749,2015-11-01,HAB10A,NOAA,23.77599245469014,2015-Nov,-2.284659121356807,0
21.470967741935485,-28.4589,113.749,2015-12-01,HAB10A,NOAA,23.77599245469014,2015-Dec,-2.305024712754655,0
23.10967741935484,-28.4589,113.749,2016-01-01,HAB10A,NOAA,23.77599245469014,2016-Jan,-0.6663150353353018,0
23.425172413793103,-28.4589,113.749,2016-02-01,HAB10A,NOAA,23.77599245469014,2016-Feb,-0.35082004089703744,0
23.34774193548387,-28.4589,113.749,2016-03-01,HAB10A,NOAA,23.77599245469014,2016-Mar,-0.42825051920626933,0
23.026666666666667,-28.4589,113.749,2016-04-01,HAB10A,NOAA,23.77599245469014,2016-Apr,-0.7493257880234729,0
22.193870967741937,-28.4589,113.749,2016-05-01,HAB10A,NOAA,23.77599245469014,2016-May,-1.5821214869482034,0
21.416666666666668,-28.4589,113.749,2016-06-01,HAB10A,NOAA,23.77599245469014,2016-Jun,-2.3593257880234724,0
20.98677419354839,-28.4589,113.749,2016-07-01,HAB10A,NOAA,23.77599245469014,2016-Jul,-2.7892182611417518,0
20.27516129032258,-28.4589,113.749,2016-08-01,HAB10A,NOAA,23.77599245469014,2016-Aug,-3.500831164367561,0
19.511,-28.4589,113.749,2016-09-01,HAB10A,NOAA,23.77599245469014,2016-Sep,-4.264992454690141,0
20.05741935483871,-28.4589,113.749,2016-10-01,HAB10A,NOAA,23.77599245469014,2016-Oct,-3.7185730998514295,0
20.759666666666668,-28.4589,113.749,2016-11-01,HAB10A,NOAA,23.77599245469014,2016-Nov,-3.0163257880234724,0
21.74741935483871,-28.4589,113.749,2016-12-01,HAB10A,NOAA,23.77599245469014,2016-Dec,-2.0285730998514317,0
22.33967741935484,-28.4589,113.749,2017-01-01,HAB10A,NOAA,23.77599245469014,2017-Jan,-1.4363150353353014,0
23.399642857142858,-28.4589,113.749,2017-02-01,HAB10A,NOAA,23.77599245469014,2017-Feb,-0.37634959754728214,0
23.87516129032258,-28.4589,113.749,2017-03-01,HAB10A,NOAA,23.77599245469014,2017-Mar,0.09916883563244028,0.09916883563244028
23.205,-28.4589,113.749,2017-04-01,HAB10A,NOAA,23.77599245469014,2017-Apr,-0.5709924546901419,0
23.786774193548386,-28.4589,113.749,2017-05-01,HAB10A,NOAA,23.77599245469014,2017-May,0.010781738858245404,0.010781738858245404
22.943666666666665,-28.4589,113.749,2017-06-01,HAB10A,NOAA,23.77599245469014,2017-Jun,-0.8323257880234749,0
21.59193548387097,-28.4589,113.749,2017-07-01,HAB10A,NOAA,23.77599245469014,2017-Jul,-2.184056970819171,0
20.36064516129032,-28.4589,113.749,2017-08-01,HAB10A,NOAA,23.77599245469014,2017-Aug,-3.415347293399819,0
20.207,-28.4589,113.749,2017-09-01,HAB10A,NOAA,23.77599245469014,2017-Sep,-3.5689924546901395,0
20.1,-28.4589,113.749,2017-10-01,HAB10A,NOAA,23.77599245469014,2017-Oct,-3.675992454690139,0
21.287,-28.4589,113.749,2017-11-01,HAB10A,NOAA,23.77599245469014,2017-Nov,-2.488992454690141,0
22.234516129032258,-28.4589,113.749,2017-12-01,HAB10A,NOAA,23.77599245469014,2017-Dec,-1.5414763256578823,0
22.86064516129032,-28.4589,113.749,2018-01-01,HAB10A,NOAA,23.77599245469014,2018-Jan,-0.9153472933998188,0
23.17607142857143,-28.4589,113.749,2018-02-01,HAB10A,NOAA,23.77599245469014,2018-Feb,-0.5999210261187109,0
23.841612903225805,-28.4589,113.749,2018-03-01,HAB10A,NOAA,23.77599245469014,2018-Mar,0.06562044853566462,0.06562044853566462
23.455333333333332,-28.4589,113.749,2018-04-01,HAB10A,NOAA,23.77599245469014,2018-Apr,-0.3206591213568082,0
23.169999999999998,-28.4589,113.749,2018-05-01,HAB10A,NOAA,23.77599245469014,2018-May,-0.6059924546901421,0
23.045666666666666,-28.4589,113.749,2018-06-01,HAB10A,NOAA,23.77599245469014,2018-Jun,-0.7303257880234746,0
21.79258064516129,-28.4589,113.749,2018-07-01,HAB10A,NOAA,23.77599245469014,2018-Jul,-1.9834118095288495,0
20.32774193548387,-28.4589,113.749,2018-08-01,HAB10A,NOAA,23.77599245469014,2018-Aug,-3.448250519206269,0
19.782666666666668,-28.4589,113.749,2018-09-01,HAB10A,NOAA,23.77599245469014,2018-Sep,-3.9933257880234727,0
20.283870967741937,-28.4589,113.749,2018-10-01,HAB10A,NOAA,23.77599245469014,2018-Oct,-3.4921214869482036,0
20.016666666666666,-28.4589,113.749,2018-11-01,HAB10A,NOAA,23.77599245469014,2018-Nov,-3.7593257880234745,0
20.82032258064516,-28.4589,113.749,2018-12-01,HAB10A,NOAA,23.77599245469014,2018-Dec,-2.955669874044979,0
21.648064516129033,-28.4589,113.749,2019-01-01,HAB10A,NOAA,23.77599245469014,2019-Jan,-2.1279279385611076,0
22.5275,-28.4589,113.749,2019-02-01,HAB10A,NOAA,23.77599245469014,2019-Feb,-1.2484924546901404,0
23.154193548387095,-28.4589,113.749,2019-03-01,HAB10A,NOAA,23.77599245469014,2019-Mar,-0.6217989063030451,0
22.810333333333332,-28.4589,113.749,2019-04-01,HAB10A,NOAA,23.77599245469014,2019-Apr,-0.9656591213568078,0
22.271612903225805,-28.4589,113.749,2019-05-01,HAB10A,NOAA,23.77599245469014,2019-May,-1.5043795514643357,0
22.398,-28.4589,113.749,2019-06-01,HAB10A,NOAA,23.77599245469014,2019-Jun,-1.3779924546901405,0
21.278709677419354,-28.4589,113.749,2019-07-01,HAB10A,NOAA,23.77599245469014,2019-Jul,-2.4972827772707866,0
20.54774193548387,-28.4589,113.749,2019-08-01,HAB10A,NOAA,23.77599245469014,2019-Aug,-3.22825051920627,0
20.504,-28.4589,113.749,2019-09-01,HAB10A,NOAA,23.77599245469014,2019-Sep,-3.271992454690139,0
20.674193548387098,-28.4589,113.749,2019-10-01,HAB10A,NOAA,23.77599245469014,2019-Oct,-3.101798906303042,0
21.230333333333334,-28.4589,113.749,2019-11-01,HAB10A,NOAA,23.77599245469014,2019-Nov,-2.545659121356806,0
22.931290322580644,-28.4589,113.749,2019-12-01,HAB10A,NOAA,23.77599245469014,2019-Dec,-0.8447021321094965,0
22.876129032258063,-28.4589,113.749,2020-01-01,HAB10A,NOAA,23.77599245469014,2020-Jan,-0.8998634224320767,0
23.863793103448277,-28.4589,113.749,2020-02-01,HAB10A,NOAA,23.77599245469014,2020-Feb,0.08780064875813665,0.08780064875813665
24.57774193548387,-28.4589,113.749,2020-03-01,HAB10A,NOAA,23.77599245469014,2020-Mar,0.8017494807937311,0.8895501295518677
24.564333333333334,-28.4589,113.749,2020-04-01,HAB10A,NOAA,23.77599245469014,2020-Apr,0.7883408786431936,1.6778910081950613
23.144193548387097,-28.4589,113.749,2020-05-01,HAB10A,NOAA,23.77599245469014,2020-May,-0.6317989063030431,0
23.479,-28.4589,113.749,2020-06-01,HAB10A,NOAA,23.77599245469014,2020-Jun,-0.296992454690141,0
22.333870967741937,-28.4589,113.749,2020-07-01,HAB10A,NOAA,23.77599245469014,2020-Jul,-1.4421214869482029,0
20.91258064516129,-28.4589,113.749,2020-08-01,HAB10A,NOAA,23.77599245469014,2020-Aug,-2.8634118095288486,0
20.367666666666665,-28.4589,113.749,2020-09-01,HAB10A,NOAA,23.77599245469014,2020-Sep,-3.4083257880234754,0
20.519354838709678,-28.4589,113.749,2020-10-01,HAB10A,NOAA,23.77599245469014,2020-Oct,-3.2566376159804626,0
21.596333333333334,-28.4589,113.749,2020-11-01,HAB10A,NOAA,23.77599245469014,2020-Nov,-2.1796591213568064,0
22.24774193548387,-28.4589,113.749,2020-12-01,HAB10A,NOAA,23.77599245469014,2020-Dec,-1.5282505192062708,0
24.38290322580645,-28.4589,113.749,2021-01-01,HAB10A,NOAA,23.77599245469014,2021-Jan,0.6069107711163113,0.6069107711163113
23.946428571428573,-28.4589,113.749,2021-02-01,HAB10A,NOAA,23.77599245469014,2021-Feb,0.17043611673843273,0.777346887854744
24.71516129032258,-28.4589,113.749,2021-03-01,HAB10A,NOAA,23.77599245469014,2021-Mar,0.9391688356324401,1.7165157234871842
24.517666666666667,-28.4589,113.749,2021-04-01,HAB10A,NOAA,23.77599245469014,2021-Apr,0.7416742119765267,2.458189935463711
24.15774193548387,-28.4589,113.749,2021-05-01,HAB10A,NOAA,23.77599245469014,2021-May,0.3817494807937294,2.8399394162574403
23.39,-28.4589,113.749,2021-06-01,HAB10A,NOAA,23.77599245469014,2021-Jun,-0.38599245469013965,0
